13:42:29.803 [http-nio-8888-exec-9] INFO  Spring Security Debugger -- 

************************************************************

Request received for GET '/api/v1/task':

org.apache.catalina.connector.RequestFacade@21c9e4ef

servletPath:/api/v1/task
pathInfo:null
headers: 
host: localhost:8888
connection: keep-alive
pragma: no-cache
cache-control: no-cache
sec-ch-ua-platform: "macOS"
user-agent: Mozilla/5.0 (Macintosh; Intel Mac OS X 10_15_7) AppleWebKit/537.36 (KHTML, like Gecko) Chrome/147.0.0.0 Safari/537.36
sec-ch-ua: "Google Chrome";v="147", "Not.A/Brand";v="8", "Chromium";v="147"
sec-ch-ua-mobile: ?0
accept: */*
origin: http://localhost:3000
sec-fetch-site: same-site
sec-fetch-mode: cors
sec-fetch-dest: empty
referer: http://localhost:3000/
accept-encoding: gzip, deflate, br, zstd
accept-language: ko-KR,ko;q=0.9,en-US;q=0.8,en;q=0.7


Security filter chain: [
  DisableEncodeUrlFilter
  WebAsyncManagerIntegrationFilter
  SecurityContextHolderFilter
  HeaderWriterFilter
  CorsFilter
  CsrfFilter
  LogoutFilter
  JwtAuthenticationFilter
  RequestCacheAwareFilter
  SecurityContextHolderAwareRequestFilter
  AnonymousAuthenticationFilter
  ExceptionTranslationFilter
  AuthorizationFilter
]


************************************************************


13:42:29.803 [http-nio-8888-exec-8] INFO  Spring Security Debugger -- 

************************************************************

Request received for GET '/api/v1/task':

org.apache.catalina.connector.RequestFacade@21bd3316

servletPath:/api/v1/task
pathInfo:null
headers: 
host: localhost:8888
connection: keep-alive
pragma: no-cache
cache-control: no-cache
sec-ch-ua-platform: "macOS"
user-agent: Mozilla/5.0 (Macintosh; Intel Mac OS X 10_15_7) AppleWebKit/537.36 (KHTML, like Gecko) Chrome/147.0.0.0 Safari/537.36
sec-ch-ua: "Google Chrome";v="147", "Not.A/Brand";v="8", "Chromium";v="147"
sec-ch-ua-mobile: ?0
accept: */*
origin: http://localhost:3000
sec-fetch-site: same-site
sec-fetch-mode: cors
sec-fetch-dest: empty
referer: http://localhost:3000/
accept-encoding: gzip, deflate, br, zstd
accept-language: ko-KR,ko;q=0.9,en-US;q=0.8,en;q=0.7


Security filter chain: [
  DisableEncodeUrlFilter
  WebAsyncManagerIntegrationFilter
  SecurityContextHolderFilter
  HeaderWriterFilter
  CorsFilter
  CsrfFilter
  LogoutFilter
  JwtAuthenticationFilter
  RequestCacheAwareFilter
  SecurityContextHolderAwareRequestFilter
  AnonymousAuthenticationFilter
  ExceptionTranslationFilter
  AuthorizationFilter
]


************************************************************


13:42:30.307 [http-nio-8888-exec-8] DEBUG o.s.security.web.FilterChainProxy -- Securing GET /api/v1/task
13:42:30.307 [http-nio-8888-exec-9] DEBUG o.s.security.web.FilterChainProxy -- Securing GET /api/v1/task
13:42:30.356 [http-nio-8888-exec-9] DEBUG o.s.security.web.FilterChainProxy -- Secured GET /api/v1/task
13:42:30.356 [http-nio-8888-exec-8] DEBUG o.s.security.web.FilterChainProxy -- Secured GET /api/v1/task
13:42:30.371 [http-nio-8888-exec-9] DEBUG o.s.web.servlet.DispatcherServlet -- GET "/api/v1/task", parameters={}
13:42:30.372 [http-nio-8888-exec-8] DEBUG o.s.web.servlet.DispatcherServlet -- GET "/api/v1/task", parameters={}
13:42:30.378 [http-nio-8888-exec-9] DEBUG o.s.w.s.m.m.a.RequestMappingHandlerMapping -- Mapped to com.example.demo.todo.api.TodoApi#getTasks()
13:42:30.378 [http-nio-8888-exec-8] DEBUG o.s.w.s.m.m.a.RequestMappingHandlerMapping -- Mapped to com.example.demo.todo.api.TodoApi#getTasks()
13:42:30.511 [http-nio-8888-exec-9] DEBUG o.s.w.s.m.m.a.RequestResponseBodyMethodProcessor -- Using 'application/json', given [*/*] and supported [application/json, application/*+json]
13:42:30.511 [http-nio-8888-exec-8] DEBUG o.s.w.s.m.m.a.RequestResponseBodyMethodProcessor -- Using 'application/json', given [*/*] and supported [application/json, application/*+json]
13:42:30.520 [http-nio-8888-exec-8] DEBUG o.s.w.s.m.m.a.RequestResponseBodyMethodProcessor -- Writing [com.example.demo.util.AjaxResponse@454cea5f]
13:42:30.520 [http-nio-8888-exec-9] DEBUG o.s.w.s.m.m.a.RequestResponseBodyMethodProcessor -- Writing [com.example.demo.util.AjaxResponse@25f6740e]
13:42:30.554 [http-nio-8888-exec-8] DEBUG o.s.s.w.a.AnonymousAuthenticationFilter -- Set SecurityContextHolder to anonymous SecurityContext
13:42:30.554 [http-nio-8888-exec-9] DEBUG o.s.s.w.a.AnonymousAuthenticationFilter -- Set SecurityContextHolder to anonymous SecurityContext
13:42:30.555 [http-nio-8888-exec-9] DEBUG o.s.web.servlet.DispatcherServlet -- Completed 200 OK
13:42:30.555 [http-nio-8888-exec-8] DEBUG o.s.web.servlet.DispatcherServlet -- Completed 200 OK
13:51:34.443 [http-nio-8888-exec-2] INFO  Spring Security Debugger -- 

************************************************************

Request received for GET '/api/v1/task':

org.apache.catalina.connector.RequestFacade@4e5ab222

servletPath:/api/v1/task
pathInfo:null
headers: 
host: localhost:8888
connection: keep-alive
sec-ch-ua-platform: "macOS"
user-agent: Mozilla/5.0 (Macintosh; Intel Mac OS X 10_15_7) AppleWebKit/537.36 (KHTML, like Gecko) Chrome/147.0.0.0 Safari/537.36
sec-ch-ua: "Google Chrome";v="147", "Not.A/Brand";v="8", "Chromium";v="147"
sec-ch-ua-mobile: ?0
accept: */*
origin: http://localhost:3000
sec-fetch-site: same-site
sec-fetch-mode: cors
sec-fetch-dest: empty
referer: http://localhost:3000/
accept-encoding: gzip, deflate, br, zstd
accept-language: ko-KR,ko;q=0.9,en-US;q=0.8,en;q=0.7


Security filter chain: [
  DisableEncodeUrlFilter
  WebAsyncManagerIntegrationFilter
  SecurityContextHolderFilter
  HeaderWriterFilter
  CorsFilter
  CsrfFilter
  LogoutFilter
  JwtAuthenticationFilter
  RequestCacheAwareFilter
  SecurityContextHolderAwareRequestFilter
  AnonymousAuthenticationFilter
  ExceptionTranslationFilter
  AuthorizationFilter
]


************************************************************


13:51:34.467 [http-nio-8888-exec-2] DEBUG o.s.security.web.FilterChainProxy -- Securing GET /api/v1/task
13:51:34.475 [http-nio-8888-exec-2] DEBUG o.s.security.web.FilterChainProxy -- Secured GET /api/v1/task
13:51:34.476 [http-nio-8888-exec-2] DEBUG o.s.web.servlet.DispatcherServlet -- GET "/api/v1/task", parameters={}
13:51:34.478 [http-nio-8888-exec-2] DEBUG o.s.w.s.m.m.a.RequestMappingHandlerMapping -- Mapped to com.example.demo.todo.api.TodoApi#getTasks()
13:51:34.489 [http-nio-8888-exec-2] DEBUG o.s.w.s.m.m.a.RequestResponseBodyMethodProcessor -- Using 'application/json', given [*/*] and supported [application/json, application/*+json]
13:51:34.498 [http-nio-8888-exec-2] DEBUG o.s.w.s.m.m.a.RequestResponseBodyMethodProcessor -- Writing [com.example.demo.util.AjaxResponse@b58258d]
13:51:34.502 [http-nio-8888-exec-2] DEBUG o.s.s.w.a.AnonymousAuthenticationFilter -- Set SecurityContextHolder to anonymous SecurityContext
13:51:34.503 [http-nio-8888-exec-2] DEBUG o.s.web.servlet.DispatcherServlet -- Completed 200 OK
13:51:34.506 [http-nio-8888-exec-3] INFO  Spring Security Debugger -- 

************************************************************

Request received for GET '/api/v1/task':

org.apache.catalina.connector.RequestFacade@648ea2f0

servletPath:/api/v1/task
pathInfo:null
headers: 
host: localhost:8888
connection: keep-alive
sec-ch-ua-platform: "macOS"
user-agent: Mozilla/5.0 (Macintosh; Intel Mac OS X 10_15_7) AppleWebKit/537.36 (KHTML, like Gecko) Chrome/147.0.0.0 Safari/537.36
sec-ch-ua: "Google Chrome";v="147", "Not.A/Brand";v="8", "Chromium";v="147"
sec-ch-ua-mobile: ?0
accept: */*
origin: http://localhost:3000
sec-fetch-site: same-site
sec-fetch-mode: cors
sec-fetch-dest: empty
referer: http://localhost:3000/
accept-encoding: gzip, deflate, br, zstd
accept-language: ko-KR,ko;q=0.9,en-US;q=0.8,en;q=0.7


Security filter chain: [
  DisableEncodeUrlFilter
  WebAsyncManagerIntegrationFilter
  SecurityContextHolderFilter
  HeaderWriterFilter
  CorsFilter
  CsrfFilter
  LogoutFilter
  JwtAuthenticationFilter
  RequestCacheAwareFilter
  SecurityContextHolderAwareRequestFilter
  AnonymousAuthenticationFilter
  ExceptionTranslationFilter
  AuthorizationFilter
]


************************************************************


13:51:34.509 [http-nio-8888-exec-3] DEBUG o.s.security.web.FilterChainProxy -- Securing GET /api/v1/task
13:51:34.510 [http-nio-8888-exec-3] DEBUG o.s.security.web.FilterChainProxy -- Secured GET /api/v1/task
13:51:34.510 [http-nio-8888-exec-3] DEBUG o.s.web.servlet.DispatcherServlet -- GET "/api/v1/task", parameters={}
13:51:34.512 [http-nio-8888-exec-3] DEBUG o.s.w.s.m.m.a.RequestMappingHandlerMapping -- Mapped to com.example.demo.todo.api.TodoApi#getTasks()
13:51:34.517 [http-nio-8888-exec-3] DEBUG o.s.w.s.m.m.a.RequestResponseBodyMethodProcessor -- Using 'application/json', given [*/*] and supported [application/json, application/*+json]
13:51:34.517 [http-nio-8888-exec-3] DEBUG o.s.w.s.m.m.a.RequestResponseBodyMethodProcessor -- Writing [com.example.demo.util.AjaxResponse@6a494011]
13:51:34.520 [http-nio-8888-exec-3] DEBUG o.s.s.w.a.AnonymousAuthenticationFilter -- Set SecurityContextHolder to anonymous SecurityContext
13:51:34.520 [http-nio-8888-exec-3] DEBUG o.s.web.servlet.DispatcherServlet -- Completed 200 OK
13:52:02.862 [http-nio-8888-exec-4] INFO  Spring Security Debugger -- 

************************************************************

Request received for GET '/api/v1/task':

org.apache.catalina.connector.RequestFacade@b7660b5

servletPath:/api/v1/task
pathInfo:null
headers: 
host: localhost:8888
connection: keep-alive
pragma: no-cache
cache-control: no-cache
sec-ch-ua-platform: "macOS"
user-agent: Mozilla/5.0 (Macintosh; Intel Mac OS X 10_15_7) AppleWebKit/537.36 (KHTML, like Gecko) Chrome/147.0.0.0 Safari/537.36
sec-ch-ua: "Google Chrome";v="147", "Not.A/Brand";v="8", "Chromium";v="147"
sec-ch-ua-mobile: ?0
accept: */*
origin: http://localhost:3000
sec-fetch-site: same-site
sec-fetch-mode: cors
sec-fetch-dest: empty
referer: http://localhost:3000/
accept-encoding: gzip, deflate, br, zstd
accept-language: ko-KR,ko;q=0.9,en-US;q=0.8,en;q=0.7


Security filter chain: [
  DisableEncodeUrlFilter
  WebAsyncManagerIntegrationFilter
  SecurityContextHolderFilter
  HeaderWriterFilter
  CorsFilter
  CsrfFilter
  LogoutFilter
  JwtAuthenticationFilter
  RequestCacheAwareFilter
  SecurityContextHolderAwareRequestFilter
  AnonymousAuthenticationFilter
  ExceptionTranslationFilter
  AuthorizationFilter
]


************************************************************


13:52:02.864 [http-nio-8888-exec-5] INFO  Spring Security Debugger -- 

************************************************************

Request received for GET '/api/v1/task':

org.apache.catalina.connector.RequestFacade@10e228c5

servletPath:/api/v1/task
pathInfo:null
headers: 
host: localhost:8888
connection: keep-alive
pragma: no-cache
cache-control: no-cache
sec-ch-ua-platform: "macOS"
user-agent: Mozilla/5.0 (Macintosh; Intel Mac OS X 10_15_7) AppleWebKit/537.36 (KHTML, like Gecko) Chrome/147.0.0.0 Safari/537.36
sec-ch-ua: "Google Chrome";v="147", "Not.A/Brand";v="8", "Chromium";v="147"
sec-ch-ua-mobile: ?0
accept: */*
origin: http://localhost:3000
sec-fetch-site: same-site
sec-fetch-mode: cors
sec-fetch-dest: empty
referer: http://localhost:3000/
accept-encoding: gzip, deflate, br, zstd
accept-language: ko-KR,ko;q=0.9,en-US;q=0.8,en;q=0.7


Security filter chain: [
  DisableEncodeUrlFilter
  WebAsyncManagerIntegrationFilter
  SecurityContextHolderFilter
  HeaderWriterFilter
  CorsFilter
  CsrfFilter
  LogoutFilter
  JwtAuthenticationFilter
  RequestCacheAwareFilter
  SecurityContextHolderAwareRequestFilter
  AnonymousAuthenticationFilter
  ExceptionTranslationFilter
  AuthorizationFilter
]


************************************************************


13:52:02.869 [http-nio-8888-exec-5] DEBUG o.s.security.web.FilterChainProxy -- Securing GET /api/v1/task
13:52:02.870 [http-nio-8888-exec-4] DEBUG o.s.security.web.FilterChainProxy -- Securing GET /api/v1/task
13:52:02.872 [http-nio-8888-exec-4] DEBUG o.s.security.web.FilterChainProxy -- Secured GET /api/v1/task
13:52:02.872 [http-nio-8888-exec-5] DEBUG o.s.security.web.FilterChainProxy -- Secured GET /api/v1/task
13:52:02.873 [http-nio-8888-exec-4] DEBUG o.s.web.servlet.DispatcherServlet -- GET "/api/v1/task", parameters={}
13:52:02.873 [http-nio-8888-exec-4] DEBUG o.s.w.s.m.m.a.RequestMappingHandlerMapping -- Mapped to com.example.demo.todo.api.TodoApi#getTasks()
13:52:02.873 [http-nio-8888-exec-5] DEBUG o.s.web.servlet.DispatcherServlet -- GET "/api/v1/task", parameters={}
13:52:02.874 [http-nio-8888-exec-5] DEBUG o.s.w.s.m.m.a.RequestMappingHandlerMapping -- Mapped to com.example.demo.todo.api.TodoApi#getTasks()
13:52:02.884 [http-nio-8888-exec-5] DEBUG o.s.w.s.m.m.a.RequestResponseBodyMethodProcessor -- Using 'application/json', given [*/*] and supported [application/json, application/*+json]
13:52:02.885 [http-nio-8888-exec-5] DEBUG o.s.w.s.m.m.a.RequestResponseBodyMethodProcessor -- Writing [com.example.demo.util.AjaxResponse@c3ef9e2]
13:52:02.890 [http-nio-8888-exec-5] DEBUG o.s.s.w.a.AnonymousAuthenticationFilter -- Set SecurityContextHolder to anonymous SecurityContext
13:52:02.891 [http-nio-8888-exec-5] DEBUG o.s.web.servlet.DispatcherServlet -- Completed 200 OK
13:52:02.903 [http-nio-8888-exec-4] DEBUG o.s.w.s.m.m.a.RequestResponseBodyMethodProcessor -- Using 'application/json', given [*/*] and supported [application/json, application/*+json]
13:52:02.903 [http-nio-8888-exec-4] DEBUG o.s.w.s.m.m.a.RequestResponseBodyMethodProcessor -- Writing [com.example.demo.util.AjaxResponse@61124ce1]
13:52:02.906 [http-nio-8888-exec-4] DEBUG o.s.s.w.a.AnonymousAuthenticationFilter -- Set SecurityContextHolder to anonymous SecurityContext
13:52:02.906 [http-nio-8888-exec-4] DEBUG o.s.web.servlet.DispatcherServlet -- Completed 200 OK
13:52:21.056 [http-nio-8888-exec-7] INFO  Spring Security Debugger -- 

************************************************************

Request received for GET '/api/v1/task':

org.apache.catalina.connector.RequestFacade@6b3788e5

servletPath:/api/v1/task
pathInfo:null
headers: 
host: localhost:8888
connection: keep-alive
pragma: no-cache
cache-control: no-cache
sec-ch-ua-platform: "macOS"
user-agent: Mozilla/5.0 (Macintosh; Intel Mac OS X 10_15_7) AppleWebKit/537.36 (KHTML, like Gecko) Chrome/147.0.0.0 Safari/537.36
sec-ch-ua: "Google Chrome";v="147", "Not.A/Brand";v="8", "Chromium";v="147"
sec-ch-ua-mobile: ?0
accept: */*
origin: http://localhost:3000
sec-fetch-site: same-site
sec-fetch-mode: cors
sec-fetch-dest: empty
referer: http://localhost:3000/
accept-encoding: gzip, deflate, br, zstd
accept-language: ko-KR,ko;q=0.9,en-US;q=0.8,en;q=0.7


Security filter chain: [
  DisableEncodeUrlFilter
  WebAsyncManagerIntegrationFilter
  SecurityContextHolderFilter
  HeaderWriterFilter
  CorsFilter
  CsrfFilter
  LogoutFilter
  JwtAuthenticationFilter
  RequestCacheAwareFilter
  SecurityContextHolderAwareRequestFilter
  AnonymousAuthenticationFilter
  ExceptionTranslationFilter
  AuthorizationFilter
]


************************************************************


13:52:21.056 [http-nio-8888-exec-6] INFO  Spring Security Debugger -- 

************************************************************

Request received for GET '/api/v1/task':

org.apache.catalina.connector.RequestFacade@77219ee

servletPath:/api/v1/task
pathInfo:null
headers: 
host: localhost:8888
connection: keep-alive
pragma: no-cache
cache-control: no-cache
sec-ch-ua-platform: "macOS"
user-agent: Mozilla/5.0 (Macintosh; Intel Mac OS X 10_15_7) AppleWebKit/537.36 (KHTML, like Gecko) Chrome/147.0.0.0 Safari/537.36
sec-ch-ua: "Google Chrome";v="147", "Not.A/Brand";v="8", "Chromium";v="147"
sec-ch-ua-mobile: ?0
accept: */*
origin: http://localhost:3000
sec-fetch-site: same-site
sec-fetch-mode: cors
sec-fetch-dest: empty
referer: http://localhost:3000/
accept-encoding: gzip, deflate, br, zstd
accept-language: ko-KR,ko;q=0.9,en-US;q=0.8,en;q=0.7


Security filter chain: [
  DisableEncodeUrlFilter
  WebAsyncManagerIntegrationFilter
  SecurityContextHolderFilter
  HeaderWriterFilter
  CorsFilter
  CsrfFilter
  LogoutFilter
  JwtAuthenticationFilter
  RequestCacheAwareFilter
  SecurityContextHolderAwareRequestFilter
  AnonymousAuthenticationFilter
  ExceptionTranslationFilter
  AuthorizationFilter
]


************************************************************


13:52:21.092 [http-nio-8888-exec-7] DEBUG o.s.security.web.FilterChainProxy -- Securing GET /api/v1/task
13:52:21.092 [http-nio-8888-exec-6] DEBUG o.s.security.web.FilterChainProxy -- Securing GET /api/v1/task
13:52:21.096 [http-nio-8888-exec-6] DEBUG o.s.security.web.FilterChainProxy -- Secured GET /api/v1/task
13:52:21.097 [http-nio-8888-exec-7] DEBUG o.s.security.web.FilterChainProxy -- Secured GET /api/v1/task
13:52:21.097 [http-nio-8888-exec-6] DEBUG o.s.web.servlet.DispatcherServlet -- GET "/api/v1/task", parameters={}
13:52:21.097 [http-nio-8888-exec-7] DEBUG o.s.web.servlet.DispatcherServlet -- GET "/api/v1/task", parameters={}
13:52:21.099 [http-nio-8888-exec-7] DEBUG o.s.w.s.m.m.a.RequestMappingHandlerMapping -- Mapped to com.example.demo.todo.api.TodoApi#getTasks()
13:52:21.100 [http-nio-8888-exec-6] DEBUG o.s.w.s.m.m.a.RequestMappingHandlerMapping -- Mapped to com.example.demo.todo.api.TodoApi#getTasks()
13:52:21.144 [http-nio-8888-exec-7] DEBUG o.s.w.s.m.m.a.RequestResponseBodyMethodProcessor -- Using 'application/json', given [*/*] and supported [application/json, application/*+json]
13:52:21.149 [http-nio-8888-exec-7] DEBUG o.s.w.s.m.m.a.RequestResponseBodyMethodProcessor -- Writing [com.example.demo.util.AjaxResponse@61cfe395]
13:52:21.149 [http-nio-8888-exec-6] DEBUG o.s.w.s.m.m.a.RequestResponseBodyMethodProcessor -- Using 'application/json', given [*/*] and supported [application/json, application/*+json]
13:52:21.149 [http-nio-8888-exec-6] DEBUG o.s.w.s.m.m.a.RequestResponseBodyMethodProcessor -- Writing [com.example.demo.util.AjaxResponse@4329f661]
13:52:21.155 [http-nio-8888-exec-7] DEBUG o.s.s.w.a.AnonymousAuthenticationFilter -- Set SecurityContextHolder to anonymous SecurityContext
13:52:21.156 [http-nio-8888-exec-7] DEBUG o.s.web.servlet.DispatcherServlet -- Completed 200 OK
13:52:21.156 [http-nio-8888-exec-6] DEBUG o.s.s.w.a.AnonymousAuthenticationFilter -- Set SecurityContextHolder to anonymous SecurityContext
13:52:21.156 [http-nio-8888-exec-6] DEBUG o.s.web.servlet.DispatcherServlet -- Completed 200 OK
14:03:37.345 [http-nio-8888-exec-10] INFO  Spring Security Debugger -- 

************************************************************

Request received for GET '/api/v1/task':

org.apache.catalina.connector.RequestFacade@5a69b6b2

servletPath:/api/v1/task
pathInfo:null
headers: 
host: localhost:8888
connection: keep-alive
sec-ch-ua-platform: "macOS"
user-agent: Mozilla/5.0 (Macintosh; Intel Mac OS X 10_15_7) AppleWebKit/537.36 (KHTML, like Gecko) Chrome/147.0.0.0 Safari/537.36
sec-ch-ua: "Google Chrome";v="147", "Not.A/Brand";v="8", "Chromium";v="147"
sec-ch-ua-mobile: ?0
accept: */*
origin: http://localhost:3000
sec-fetch-site: same-site
sec-fetch-mode: cors
sec-fetch-dest: empty
referer: http://localhost:3000/
accept-encoding: gzip, deflate, br, zstd
accept-language: ko-KR,ko;q=0.9,en-US;q=0.8,en;q=0.7


Security filter chain: [
  DisableEncodeUrlFilter
  WebAsyncManagerIntegrationFilter
  SecurityContextHolderFilter
  HeaderWriterFilter
  CorsFilter
  CsrfFilter
  LogoutFilter
  JwtAuthenticationFilter
  RequestCacheAwareFilter
  SecurityContextHolderAwareRequestFilter
  AnonymousAuthenticationFilter
  ExceptionTranslationFilter
  AuthorizationFilter
]


************************************************************


14:03:37.476 [http-nio-8888-exec-10] DEBUG o.s.security.web.FilterChainProxy -- Securing GET /api/v1/task
14:03:37.495 [http-nio-8888-exec-10] DEBUG o.s.security.web.FilterChainProxy -- Secured GET /api/v1/task
14:03:37.499 [http-nio-8888-exec-10] DEBUG o.s.web.servlet.DispatcherServlet -- GET "/api/v1/task", parameters={}
14:03:37.502 [http-nio-8888-exec-10] DEBUG o.s.w.s.m.m.a.RequestMappingHandlerMapping -- Mapped to com.example.demo.todo.api.TodoApi#getTasks()
14:03:37.543 [http-nio-8888-exec-10] DEBUG o.s.w.s.m.m.a.RequestResponseBodyMethodProcessor -- Using 'application/json', given [*/*] and supported [application/json, application/*+json]
14:03:37.547 [http-nio-8888-exec-10] DEBUG o.s.w.s.m.m.a.RequestResponseBodyMethodProcessor -- Writing [com.example.demo.util.AjaxResponse@54ae438f]
14:03:37.578 [http-nio-8888-exec-10] DEBUG o.s.s.w.a.AnonymousAuthenticationFilter -- Set SecurityContextHolder to anonymous SecurityContext
14:03:37.583 [http-nio-8888-exec-10] DEBUG o.s.web.servlet.DispatcherServlet -- Completed 200 OK
14:03:37.584 [http-nio-8888-exec-1] INFO  Spring Security Debugger -- 

************************************************************

Request received for GET '/api/v1/task':

org.apache.catalina.connector.RequestFacade@148d8d14

servletPath:/api/v1/task
pathInfo:null
headers: 
host: localhost:8888
connection: keep-alive
sec-ch-ua-platform: "macOS"
user-agent: Mozilla/5.0 (Macintosh; Intel Mac OS X 10_15_7) AppleWebKit/537.36 (KHTML, like Gecko) Chrome/147.0.0.0 Safari/537.36
sec-ch-ua: "Google Chrome";v="147", "Not.A/Brand";v="8", "Chromium";v="147"
sec-ch-ua-mobile: ?0
accept: */*
origin: http://localhost:3000
sec-fetch-site: same-site
sec-fetch-mode: cors
sec-fetch-dest: empty
referer: http://localhost:3000/
accept-encoding: gzip, deflate, br, zstd
accept-language: ko-KR,ko;q=0.9,en-US;q=0.8,en;q=0.7


Security filter chain: [
  DisableEncodeUrlFilter
  WebAsyncManagerIntegrationFilter
  SecurityContextHolderFilter
  HeaderWriterFilter
  CorsFilter
  CsrfFilter
  LogoutFilter
  JwtAuthenticationFilter
  RequestCacheAwareFilter
  SecurityContextHolderAwareRequestFilter
  AnonymousAuthenticationFilter
  ExceptionTranslationFilter
  AuthorizationFilter
]


************************************************************


14:03:37.598 [http-nio-8888-exec-1] DEBUG o.s.security.web.FilterChainProxy -- Securing GET /api/v1/task
14:03:37.600 [http-nio-8888-exec-1] DEBUG o.s.security.web.FilterChainProxy -- Secured GET /api/v1/task
14:03:37.601 [http-nio-8888-exec-1] DEBUG o.s.web.servlet.DispatcherServlet -- GET "/api/v1/task", parameters={}
14:03:37.601 [http-nio-8888-exec-1] DEBUG o.s.w.s.m.m.a.RequestMappingHandlerMapping -- Mapped to com.example.demo.todo.api.TodoApi#getTasks()
14:03:37.610 [http-nio-8888-exec-1] DEBUG o.s.w.s.m.m.a.RequestResponseBodyMethodProcessor -- Using 'application/json', given [*/*] and supported [application/json, application/*+json]
14:03:37.610 [http-nio-8888-exec-1] DEBUG o.s.w.s.m.m.a.RequestResponseBodyMethodProcessor -- Writing [com.example.demo.util.AjaxResponse@70362ee3]
14:03:37.611 [http-nio-8888-exec-1] DEBUG o.s.s.w.a.AnonymousAuthenticationFilter -- Set SecurityContextHolder to anonymous SecurityContext
14:03:37.612 [http-nio-8888-exec-1] DEBUG o.s.web.servlet.DispatcherServlet -- Completed 200 OK
14:13:34.184 [http-nio-8888-exec-4] INFO  Spring Security Debugger -- 

************************************************************

Request received for GET '/api/v1/task':

org.apache.catalina.connector.RequestFacade@1e4a429

servletPath:/api/v1/task
pathInfo:null
headers: 
host: localhost:8888
connection: keep-alive
pragma: no-cache
cache-control: no-cache
sec-ch-ua-platform: "macOS"
user-agent: Mozilla/5.0 (Macintosh; Intel Mac OS X 10_15_7) AppleWebKit/537.36 (KHTML, like Gecko) Chrome/147.0.0.0 Safari/537.36
sec-ch-ua: "Google Chrome";v="147", "Not.A/Brand";v="8", "Chromium";v="147"
sec-ch-ua-mobile: ?0
accept: */*
origin: http://localhost:3000
sec-fetch-site: same-site
sec-fetch-mode: cors
sec-fetch-dest: empty
referer: http://localhost:3000/
accept-encoding: gzip, deflate, br, zstd
accept-language: ko-KR,ko;q=0.9,en-US;q=0.8,en;q=0.7


Security filter chain: [
  DisableEncodeUrlFilter
  WebAsyncManagerIntegrationFilter
  SecurityContextHolderFilter
  HeaderWriterFilter
  CorsFilter
  CsrfFilter
  LogoutFilter
  JwtAuthenticationFilter
  RequestCacheAwareFilter
  SecurityContextHolderAwareRequestFilter
  AnonymousAuthenticationFilter
  ExceptionTranslationFilter
  AuthorizationFilter
]


************************************************************


14:13:34.377 [http-nio-8888-exec-4] DEBUG o.s.security.web.FilterChainProxy -- Securing GET /api/v1/task
14:13:34.184 [http-nio-8888-exec-5] INFO  Spring Security Debugger -- 

************************************************************

Request received for GET '/api/v1/task':

org.apache.catalina.connector.RequestFacade@759c9e4f

servletPath:/api/v1/task
pathInfo:null
headers: 
host: localhost:8888
connection: keep-alive
pragma: no-cache
cache-control: no-cache
sec-ch-ua-platform: "macOS"
user-agent: Mozilla/5.0 (Macintosh; Intel Mac OS X 10_15_7) AppleWebKit/537.36 (KHTML, like Gecko) Chrome/147.0.0.0 Safari/537.36
sec-ch-ua: "Google Chrome";v="147", "Not.A/Brand";v="8", "Chromium";v="147"
sec-ch-ua-mobile: ?0
accept: */*
origin: http://localhost:3000
sec-fetch-site: same-site
sec-fetch-mode: cors
sec-fetch-dest: empty
referer: http://localhost:3000/
accept-encoding: gzip, deflate, br, zstd
accept-language: ko-KR,ko;q=0.9,en-US;q=0.8,en;q=0.7


Security filter chain: [
  DisableEncodeUrlFilter
  WebAsyncManagerIntegrationFilter
  SecurityContextHolderFilter
  HeaderWriterFilter
  CorsFilter
  CsrfFilter
  LogoutFilter
  JwtAuthenticationFilter
  RequestCacheAwareFilter
  SecurityContextHolderAwareRequestFilter
  AnonymousAuthenticationFilter
  ExceptionTranslationFilter
  AuthorizationFilter
]


************************************************************


14:13:34.437 [http-nio-8888-exec-5] DEBUG o.s.security.web.FilterChainProxy -- Securing GET /api/v1/task
14:13:34.451 [http-nio-8888-exec-4] DEBUG o.s.security.web.FilterChainProxy -- Secured GET /api/v1/task
14:13:34.454 [http-nio-8888-exec-4] DEBUG o.s.web.servlet.DispatcherServlet -- GET "/api/v1/task", parameters={}
14:13:34.451 [http-nio-8888-exec-5] DEBUG o.s.security.web.FilterChainProxy -- Secured GET /api/v1/task
14:13:34.455 [http-nio-8888-exec-5] DEBUG o.s.web.servlet.DispatcherServlet -- GET "/api/v1/task", parameters={}
14:13:34.455 [http-nio-8888-exec-4] DEBUG o.s.w.s.m.m.a.RequestMappingHandlerMapping -- Mapped to com.example.demo.todo.api.TodoApi#getTasks()
14:13:34.456 [http-nio-8888-exec-5] DEBUG o.s.w.s.m.m.a.RequestMappingHandlerMapping -- Mapped to com.example.demo.todo.api.TodoApi#getTasks()
14:13:34.485 [http-nio-8888-exec-4] DEBUG o.s.w.s.m.m.a.RequestResponseBodyMethodProcessor -- Using 'application/json', given [*/*] and supported [application/json, application/*+json]
14:13:34.626 [http-nio-8888-exec-5] DEBUG o.s.w.s.m.m.a.RequestResponseBodyMethodProcessor -- Using 'application/json', given [*/*] and supported [application/json, application/*+json]
14:13:34.629 [http-nio-8888-exec-4] DEBUG o.s.w.s.m.m.a.RequestResponseBodyMethodProcessor -- Writing [com.example.demo.util.AjaxResponse@1f274674]
14:13:34.629 [http-nio-8888-exec-5] DEBUG o.s.w.s.m.m.a.RequestResponseBodyMethodProcessor -- Writing [com.example.demo.util.AjaxResponse@158962e2]
14:13:34.664 [http-nio-8888-exec-4] DEBUG o.s.s.w.a.AnonymousAuthenticationFilter -- Set SecurityContextHolder to anonymous SecurityContext
14:13:34.664 [http-nio-8888-exec-5] DEBUG o.s.s.w.a.AnonymousAuthenticationFilter -- Set SecurityContextHolder to anonymous SecurityContext
14:13:34.666 [http-nio-8888-exec-5] DEBUG o.s.web.servlet.DispatcherServlet -- Completed 200 OK
14:13:34.666 [http-nio-8888-exec-4] DEBUG o.s.web.servlet.DispatcherServlet -- Completed 200 OK
14:16:58.788 [http-nio-8888-exec-9] INFO  Spring Security Debugger -- 

************************************************************

Request received for OPTIONS '/api/v1/task':

org.apache.catalina.connector.RequestFacade@60f4eed4

servletPath:/api/v1/task
pathInfo:null
headers: 
host: localhost:8888
connection: keep-alive
accept: */*
access-control-request-method: POST
access-control-request-headers: content-type
origin: http://localhost:3000
user-agent: Mozilla/5.0 (Macintosh; Intel Mac OS X 10_15_7) AppleWebKit/537.36 (KHTML, like Gecko) Chrome/147.0.0.0 Safari/537.36
sec-fetch-mode: cors
sec-fetch-site: same-site
sec-fetch-dest: empty
referer: http://localhost:3000/
accept-encoding: gzip, deflate, br, zstd
accept-language: ko-KR,ko;q=0.9,en-US;q=0.8,en;q=0.7


Security filter chain: [
  DisableEncodeUrlFilter
  WebAsyncManagerIntegrationFilter
  SecurityContextHolderFilter
  HeaderWriterFilter
  CorsFilter
  CsrfFilter
  LogoutFilter
  JwtAuthenticationFilter
  RequestCacheAwareFilter
  SecurityContextHolderAwareRequestFilter
  AnonymousAuthenticationFilter
  ExceptionTranslationFilter
  AuthorizationFilter
]


************************************************************


14:16:58.815 [http-nio-8888-exec-9] DEBUG o.s.security.web.FilterChainProxy -- Securing OPTIONS /api/v1/task
14:16:58.845 [http-nio-8888-exec-8] INFO  Spring Security Debugger -- 

************************************************************

Request received for POST '/api/v1/task':

org.apache.catalina.connector.RequestFacade@6102d4f

servletPath:/api/v1/task
pathInfo:null
headers: 
host: localhost:8888
connection: keep-alive
content-length: 106
sec-ch-ua-platform: "macOS"
user-agent: Mozilla/5.0 (Macintosh; Intel Mac OS X 10_15_7) AppleWebKit/537.36 (KHTML, like Gecko) Chrome/147.0.0.0 Safari/537.36
sec-ch-ua: "Google Chrome";v="147", "Not.A/Brand";v="8", "Chromium";v="147"
content-type: application/json
sec-ch-ua-mobile: ?0
accept: */*
origin: http://localhost:3000
sec-fetch-site: same-site
sec-fetch-mode: cors
sec-fetch-dest: empty
referer: http://localhost:3000/
accept-encoding: gzip, deflate, br, zstd
accept-language: ko-KR,ko;q=0.9,en-US;q=0.8,en;q=0.7


Security filter chain: [
  DisableEncodeUrlFilter
  WebAsyncManagerIntegrationFilter
  SecurityContextHolderFilter
  HeaderWriterFilter
  CorsFilter
  CsrfFilter
  LogoutFilter
  JwtAuthenticationFilter
  RequestCacheAwareFilter
  SecurityContextHolderAwareRequestFilter
  AnonymousAuthenticationFilter
  ExceptionTranslationFilter
  AuthorizationFilter
]


************************************************************


14:16:58.860 [http-nio-8888-exec-8] DEBUG o.s.security.web.FilterChainProxy -- Securing POST /api/v1/task
14:16:58.866 [http-nio-8888-exec-8] DEBUG o.s.security.web.FilterChainProxy -- Secured POST /api/v1/task
14:16:58.869 [http-nio-8888-exec-8] DEBUG o.s.web.servlet.DispatcherServlet -- POST "/api/v1/task", parameters={}
14:16:58.871 [http-nio-8888-exec-8] DEBUG o.s.w.s.m.m.a.RequestMappingHandlerMapping -- Mapped to com.example.demo.todo.api.TodoApi#addTask(TodoVO)
14:16:59.584 [http-nio-8888-exec-8] DEBUG o.s.w.s.m.m.a.RequestResponseBodyMethodProcessor -- Read "application/json;charset=UTF-8" to [{"task":"네가아무리잡아도눈물을보여도","dueDate":"2026-10-29","priority":"3","isDone":false}]
14:16:59.638 [http-nio-8888-exec-8] DEBUG o.s.w.s.m.m.a.RequestResponseBodyMethodProcessor -- Using 'application/json', given [*/*] and supported [application/json, application/*+json]
14:16:59.639 [http-nio-8888-exec-8] DEBUG o.s.w.s.m.m.a.RequestResponseBodyMethodProcessor -- Writing [com.example.demo.util.AjaxResponse@728cb285]
14:16:59.654 [http-nio-8888-exec-8] DEBUG o.s.s.w.a.AnonymousAuthenticationFilter -- Set SecurityContextHolder to anonymous SecurityContext
14:16:59.654 [http-nio-8888-exec-8] DEBUG o.s.web.servlet.DispatcherServlet -- Completed 200 OK
14:16:59.658 [http-nio-8888-exec-10] INFO  Spring Security Debugger -- 

************************************************************

Request received for GET '/api/v1/task':

org.apache.catalina.connector.RequestFacade@5091ddc2

servletPath:/api/v1/task
pathInfo:null
headers: 
host: localhost:8888
connection: keep-alive
sec-ch-ua-platform: "macOS"
user-agent: Mozilla/5.0 (Macintosh; Intel Mac OS X 10_15_7) AppleWebKit/537.36 (KHTML, like Gecko) Chrome/147.0.0.0 Safari/537.36
sec-ch-ua: "Google Chrome";v="147", "Not.A/Brand";v="8", "Chromium";v="147"
sec-ch-ua-mobile: ?0
accept: */*
origin: http://localhost:3000
sec-fetch-site: same-site
sec-fetch-mode: cors
sec-fetch-dest: empty
referer: http://localhost:3000/
accept-encoding: gzip, deflate, br, zstd
accept-language: ko-KR,ko;q=0.9,en-US;q=0.8,en;q=0.7


Security filter chain: [
  DisableEncodeUrlFilter
  WebAsyncManagerIntegrationFilter
  SecurityContextHolderFilter
  HeaderWriterFilter
  CorsFilter
  CsrfFilter
  LogoutFilter
  JwtAuthenticationFilter
  RequestCacheAwareFilter
  SecurityContextHolderAwareRequestFilter
  AnonymousAuthenticationFilter
  ExceptionTranslationFilter
  AuthorizationFilter
]


************************************************************


14:16:59.659 [http-nio-8888-exec-10] DEBUG o.s.security.web.FilterChainProxy -- Securing GET /api/v1/task
14:16:59.660 [http-nio-8888-exec-10] DEBUG o.s.security.web.FilterChainProxy -- Secured GET /api/v1/task
14:16:59.660 [http-nio-8888-exec-10] DEBUG o.s.web.servlet.DispatcherServlet -- GET "/api/v1/task", parameters={}
14:16:59.660 [http-nio-8888-exec-10] DEBUG o.s.w.s.m.m.a.RequestMappingHandlerMapping -- Mapped to com.example.demo.todo.api.TodoApi#getTasks()
14:16:59.663 [http-nio-8888-exec-10] DEBUG o.s.w.s.m.m.a.RequestResponseBodyMethodProcessor -- Using 'application/json', given [*/*] and supported [application/json, application/*+json]
14:16:59.663 [http-nio-8888-exec-10] DEBUG o.s.w.s.m.m.a.RequestResponseBodyMethodProcessor -- Writing [com.example.demo.util.AjaxResponse@159349b4]
14:16:59.666 [http-nio-8888-exec-10] DEBUG o.s.s.w.a.AnonymousAuthenticationFilter -- Set SecurityContextHolder to anonymous SecurityContext
14:16:59.668 [http-nio-8888-exec-10] DEBUG o.s.web.servlet.DispatcherServlet -- Completed 200 OK
14:17:22.204 [http-nio-8888-exec-1] INFO  Spring Security Debugger -- 

************************************************************

Request received for OPTIONS '/api/v1/task':

org.apache.catalina.connector.RequestFacade@4a6d5bad

servletPath:/api/v1/task
pathInfo:null
headers: 
host: localhost:8888
connection: keep-alive
accept: */*
access-control-request-method: POST
access-control-request-headers: content-type
origin: http://localhost:3000
user-agent: Mozilla/5.0 (Macintosh; Intel Mac OS X 10_15_7) AppleWebKit/537.36 (KHTML, like Gecko) Chrome/147.0.0.0 Safari/537.36
sec-fetch-mode: cors
sec-fetch-site: same-site
sec-fetch-dest: empty
referer: http://localhost:3000/
accept-encoding: gzip, deflate, br, zstd
accept-language: ko-KR,ko;q=0.9,en-US;q=0.8,en;q=0.7


Security filter chain: [
  DisableEncodeUrlFilter
  WebAsyncManagerIntegrationFilter
  SecurityContextHolderFilter
  HeaderWriterFilter
  CorsFilter
  CsrfFilter
  LogoutFilter
  JwtAuthenticationFilter
  RequestCacheAwareFilter
  SecurityContextHolderAwareRequestFilter
  AnonymousAuthenticationFilter
  ExceptionTranslationFilter
  AuthorizationFilter
]


************************************************************


14:17:22.214 [http-nio-8888-exec-1] DEBUG o.s.security.web.FilterChainProxy -- Securing OPTIONS /api/v1/task
14:17:22.225 [http-nio-8888-exec-2] INFO  Spring Security Debugger -- 

************************************************************

Request received for POST '/api/v1/task':

org.apache.catalina.connector.RequestFacade@596215fd

servletPath:/api/v1/task
pathInfo:null
headers: 
host: localhost:8888
connection: keep-alive
content-length: 100
sec-ch-ua-platform: "macOS"
user-agent: Mozilla/5.0 (Macintosh; Intel Mac OS X 10_15_7) AppleWebKit/537.36 (KHTML, like Gecko) Chrome/147.0.0.0 Safari/537.36
sec-ch-ua: "Google Chrome";v="147", "Not.A/Brand";v="8", "Chromium";v="147"
content-type: application/json
sec-ch-ua-mobile: ?0
accept: */*
origin: http://localhost:3000
sec-fetch-site: same-site
sec-fetch-mode: cors
sec-fetch-dest: empty
referer: http://localhost:3000/
accept-encoding: gzip, deflate, br, zstd
accept-language: ko-KR,ko;q=0.9,en-US;q=0.8,en;q=0.7


Security filter chain: [
  DisableEncodeUrlFilter
  WebAsyncManagerIntegrationFilter
  SecurityContextHolderFilter
  HeaderWriterFilter
  CorsFilter
  CsrfFilter
  LogoutFilter
  JwtAuthenticationFilter
  RequestCacheAwareFilter
  SecurityContextHolderAwareRequestFilter
  AnonymousAuthenticationFilter
  ExceptionTranslationFilter
  AuthorizationFilter
]


************************************************************


14:17:22.228 [http-nio-8888-exec-2] DEBUG o.s.security.web.FilterChainProxy -- Securing POST /api/v1/task
14:17:22.229 [http-nio-8888-exec-2] DEBUG o.s.security.web.FilterChainProxy -- Secured POST /api/v1/task
14:17:22.229 [http-nio-8888-exec-2] DEBUG o.s.web.servlet.DispatcherServlet -- POST "/api/v1/task", parameters={}
14:17:22.229 [http-nio-8888-exec-2] DEBUG o.s.w.s.m.m.a.RequestMappingHandlerMapping -- Mapped to com.example.demo.todo.api.TodoApi#addTask(TodoVO)
14:17:22.239 [http-nio-8888-exec-2] DEBUG o.s.w.s.m.m.a.RequestResponseBodyMethodProcessor -- Read "application/json;charset=UTF-8" to [{"task":"사랑한다는거짓말은참아줘","dueDate":"2026-04-24","priority":"3","isDone":false}]
14:17:22.243 [http-nio-8888-exec-2] DEBUG o.s.w.s.m.m.a.RequestResponseBodyMethodProcessor -- Using 'application/json', given [*/*] and supported [application/json, application/*+json]
14:17:22.243 [http-nio-8888-exec-2] DEBUG o.s.w.s.m.m.a.RequestResponseBodyMethodProcessor -- Writing [com.example.demo.util.AjaxResponse@3a9989f8]
14:17:22.244 [http-nio-8888-exec-2] DEBUG o.s.s.w.a.AnonymousAuthenticationFilter -- Set SecurityContextHolder to anonymous SecurityContext
14:17:22.244 [http-nio-8888-exec-2] DEBUG o.s.web.servlet.DispatcherServlet -- Completed 200 OK
14:17:22.250 [http-nio-8888-exec-3] INFO  Spring Security Debugger -- 

************************************************************

Request received for GET '/api/v1/task':

org.apache.catalina.connector.RequestFacade@6e76c980

servletPath:/api/v1/task
pathInfo:null
headers: 
host: localhost:8888
connection: keep-alive
sec-ch-ua-platform: "macOS"
user-agent: Mozilla/5.0 (Macintosh; Intel Mac OS X 10_15_7) AppleWebKit/537.36 (KHTML, like Gecko) Chrome/147.0.0.0 Safari/537.36
sec-ch-ua: "Google Chrome";v="147", "Not.A/Brand";v="8", "Chromium";v="147"
sec-ch-ua-mobile: ?0
accept: */*
origin: http://localhost:3000
sec-fetch-site: same-site
sec-fetch-mode: cors
sec-fetch-dest: empty
referer: http://localhost:3000/
accept-encoding: gzip, deflate, br, zstd
accept-language: ko-KR,ko;q=0.9,en-US;q=0.8,en;q=0.7


Security filter chain: [
  DisableEncodeUrlFilter
  WebAsyncManagerIntegrationFilter
  SecurityContextHolderFilter
  HeaderWriterFilter
  CorsFilter
  CsrfFilter
  LogoutFilter
  JwtAuthenticationFilter
  RequestCacheAwareFilter
  SecurityContextHolderAwareRequestFilter
  AnonymousAuthenticationFilter
  ExceptionTranslationFilter
  AuthorizationFilter
]


************************************************************


14:17:22.251 [http-nio-8888-exec-3] DEBUG o.s.security.web.FilterChainProxy -- Securing GET /api/v1/task
14:17:22.252 [http-nio-8888-exec-3] DEBUG o.s.security.web.FilterChainProxy -- Secured GET /api/v1/task
14:17:22.254 [http-nio-8888-exec-3] DEBUG o.s.web.servlet.DispatcherServlet -- GET "/api/v1/task", parameters={}
14:17:22.254 [http-nio-8888-exec-3] DEBUG o.s.w.s.m.m.a.RequestMappingHandlerMapping -- Mapped to com.example.demo.todo.api.TodoApi#getTasks()
14:17:22.262 [http-nio-8888-exec-3] DEBUG o.s.w.s.m.m.a.RequestResponseBodyMethodProcessor -- Using 'application/json', given [*/*] and supported [application/json, application/*+json]
14:17:22.263 [http-nio-8888-exec-3] DEBUG o.s.w.s.m.m.a.RequestResponseBodyMethodProcessor -- Writing [com.example.demo.util.AjaxResponse@2b744a2a]
14:17:22.264 [http-nio-8888-exec-3] DEBUG o.s.s.w.a.AnonymousAuthenticationFilter -- Set SecurityContextHolder to anonymous SecurityContext
14:17:22.265 [http-nio-8888-exec-3] DEBUG o.s.web.servlet.DispatcherServlet -- Completed 200 OK
14:17:41.747 [http-nio-8888-exec-5] INFO  Spring Security Debugger -- 

************************************************************

Request received for GET '/api/v1/task':

org.apache.catalina.connector.RequestFacade@14acd496

servletPath:/api/v1/task
pathInfo:null
headers: 
host: localhost:8888
connection: keep-alive
sec-ch-ua-platform: "macOS"
user-agent: Mozilla/5.0 (Macintosh; Intel Mac OS X 10_15_7) AppleWebKit/537.36 (KHTML, like Gecko) Chrome/147.0.0.0 Safari/537.36
sec-ch-ua: "Google Chrome";v="147", "Not.A/Brand";v="8", "Chromium";v="147"
sec-ch-ua-mobile: ?0
accept: */*
origin: http://localhost:3000
sec-fetch-site: same-site
sec-fetch-mode: cors
sec-fetch-dest: empty
referer: http://localhost:3000/
accept-encoding: gzip, deflate, br, zstd
accept-language: ko-KR,ko;q=0.9,en-US;q=0.8,en;q=0.7


Security filter chain: [
  DisableEncodeUrlFilter
  WebAsyncManagerIntegrationFilter
  SecurityContextHolderFilter
  HeaderWriterFilter
  CorsFilter
  CsrfFilter
  LogoutFilter
  JwtAuthenticationFilter
  RequestCacheAwareFilter
  SecurityContextHolderAwareRequestFilter
  AnonymousAuthenticationFilter
  ExceptionTranslationFilter
  AuthorizationFilter
]


************************************************************


14:17:41.758 [http-nio-8888-exec-5] DEBUG o.s.security.web.FilterChainProxy -- Securing GET /api/v1/task
14:17:41.762 [http-nio-8888-exec-5] DEBUG o.s.security.web.FilterChainProxy -- Secured GET /api/v1/task
14:17:41.763 [http-nio-8888-exec-5] DEBUG o.s.web.servlet.DispatcherServlet -- GET "/api/v1/task", parameters={}
14:17:41.765 [http-nio-8888-exec-5] DEBUG o.s.w.s.m.m.a.RequestMappingHandlerMapping -- Mapped to com.example.demo.todo.api.TodoApi#getTasks()
14:17:41.774 [http-nio-8888-exec-5] DEBUG o.s.w.s.m.m.a.RequestResponseBodyMethodProcessor -- Using 'application/json', given [*/*] and supported [application/json, application/*+json]
14:17:41.785 [http-nio-8888-exec-5] DEBUG o.s.w.s.m.m.a.RequestResponseBodyMethodProcessor -- Writing [com.example.demo.util.AjaxResponse@6fa6ce08]
14:17:41.789 [http-nio-8888-exec-5] DEBUG o.s.s.w.a.AnonymousAuthenticationFilter -- Set SecurityContextHolder to anonymous SecurityContext
14:17:41.789 [http-nio-8888-exec-5] DEBUG o.s.web.servlet.DispatcherServlet -- Completed 200 OK
14:17:41.798 [http-nio-8888-exec-4] INFO  Spring Security Debugger -- 

************************************************************

Request received for GET '/api/v1/task':

org.apache.catalina.connector.RequestFacade@20ed32dd

servletPath:/api/v1/task
pathInfo:null
headers: 
host: localhost:8888
connection: keep-alive
sec-ch-ua-platform: "macOS"
user-agent: Mozilla/5.0 (Macintosh; Intel Mac OS X 10_15_7) AppleWebKit/537.36 (KHTML, like Gecko) Chrome/147.0.0.0 Safari/537.36
sec-ch-ua: "Google Chrome";v="147", "Not.A/Brand";v="8", "Chromium";v="147"
sec-ch-ua-mobile: ?0
accept: */*
origin: http://localhost:3000
sec-fetch-site: same-site
sec-fetch-mode: cors
sec-fetch-dest: empty
referer: http://localhost:3000/
accept-encoding: gzip, deflate, br, zstd
accept-language: ko-KR,ko;q=0.9,en-US;q=0.8,en;q=0.7


Security filter chain: [
  DisableEncodeUrlFilter
  WebAsyncManagerIntegrationFilter
  SecurityContextHolderFilter
  HeaderWriterFilter
  CorsFilter
  CsrfFilter
  LogoutFilter
  JwtAuthenticationFilter
  RequestCacheAwareFilter
  SecurityContextHolderAwareRequestFilter
  AnonymousAuthenticationFilter
  ExceptionTranslationFilter
  AuthorizationFilter
]


************************************************************


14:17:41.805 [http-nio-8888-exec-4] DEBUG o.s.security.web.FilterChainProxy -- Securing GET /api/v1/task
14:17:41.812 [http-nio-8888-exec-4] DEBUG o.s.security.web.FilterChainProxy -- Secured GET /api/v1/task
14:17:41.813 [http-nio-8888-exec-4] DEBUG o.s.web.servlet.DispatcherServlet -- GET "/api/v1/task", parameters={}
14:17:41.813 [http-nio-8888-exec-4] DEBUG o.s.w.s.m.m.a.RequestMappingHandlerMapping -- Mapped to com.example.demo.todo.api.TodoApi#getTasks()
14:17:41.815 [http-nio-8888-exec-4] DEBUG o.s.w.s.m.m.a.RequestResponseBodyMethodProcessor -- Using 'application/json', given [*/*] and supported [application/json, application/*+json]
14:17:41.815 [http-nio-8888-exec-4] DEBUG o.s.w.s.m.m.a.RequestResponseBodyMethodProcessor -- Writing [com.example.demo.util.AjaxResponse@536b1765]
14:17:41.816 [http-nio-8888-exec-4] DEBUG o.s.s.w.a.AnonymousAuthenticationFilter -- Set SecurityContextHolder to anonymous SecurityContext
14:17:41.817 [http-nio-8888-exec-4] DEBUG o.s.web.servlet.DispatcherServlet -- Completed 200 OK
14:18:28.839 [http-nio-8888-exec-6] INFO  Spring Security Debugger -- 

************************************************************

Request received for OPTIONS '/api/v1/task':

org.apache.catalina.connector.RequestFacade@365a2578

servletPath:/api/v1/task
pathInfo:null
headers: 
host: localhost:8888
connection: keep-alive
accept: */*
access-control-request-method: POST
access-control-request-headers: content-type
origin: http://localhost:3000
user-agent: Mozilla/5.0 (Macintosh; Intel Mac OS X 10_15_7) AppleWebKit/537.36 (KHTML, like Gecko) Chrome/147.0.0.0 Safari/537.36
sec-fetch-mode: cors
sec-fetch-site: same-site
sec-fetch-dest: empty
referer: http://localhost:3000/
accept-encoding: gzip, deflate, br, zstd
accept-language: ko-KR,ko;q=0.9,en-US;q=0.8,en;q=0.7


Security filter chain: [
  DisableEncodeUrlFilter
  WebAsyncManagerIntegrationFilter
  SecurityContextHolderFilter
  HeaderWriterFilter
  CorsFilter
  CsrfFilter
  LogoutFilter
  JwtAuthenticationFilter
  RequestCacheAwareFilter
  SecurityContextHolderAwareRequestFilter
  AnonymousAuthenticationFilter
  ExceptionTranslationFilter
  AuthorizationFilter
]


************************************************************


14:18:28.844 [http-nio-8888-exec-6] DEBUG o.s.security.web.FilterChainProxy -- Securing OPTIONS /api/v1/task
14:18:28.857 [http-nio-8888-exec-7] INFO  Spring Security Debugger -- 

************************************************************

Request received for POST '/api/v1/task':

org.apache.catalina.connector.RequestFacade@44e28e87

servletPath:/api/v1/task
pathInfo:null
headers: 
host: localhost:8888
connection: keep-alive
content-length: 124
sec-ch-ua-platform: "macOS"
user-agent: Mozilla/5.0 (Macintosh; Intel Mac OS X 10_15_7) AppleWebKit/537.36 (KHTML, like Gecko) Chrome/147.0.0.0 Safari/537.36
sec-ch-ua: "Google Chrome";v="147", "Not.A/Brand";v="8", "Chromium";v="147"
content-type: application/json
sec-ch-ua-mobile: ?0
accept: */*
origin: http://localhost:3000
sec-fetch-site: same-site
sec-fetch-mode: cors
sec-fetch-dest: empty
referer: http://localhost:3000/
accept-encoding: gzip, deflate, br, zstd
accept-language: ko-KR,ko;q=0.9,en-US;q=0.8,en;q=0.7


Security filter chain: [
  DisableEncodeUrlFilter
  WebAsyncManagerIntegrationFilter
  SecurityContextHolderFilter
  HeaderWriterFilter
  CorsFilter
  CsrfFilter
  LogoutFilter
  JwtAuthenticationFilter
  RequestCacheAwareFilter
  SecurityContextHolderAwareRequestFilter
  AnonymousAuthenticationFilter
  ExceptionTranslationFilter
  AuthorizationFilter
]


************************************************************


14:18:28.859 [http-nio-8888-exec-7] DEBUG o.s.security.web.FilterChainProxy -- Securing POST /api/v1/task
14:18:28.861 [http-nio-8888-exec-7] DEBUG o.s.security.web.FilterChainProxy -- Secured POST /api/v1/task
14:18:28.862 [http-nio-8888-exec-7] DEBUG o.s.web.servlet.DispatcherServlet -- POST "/api/v1/task", parameters={}
14:18:28.862 [http-nio-8888-exec-7] DEBUG o.s.w.s.m.m.a.RequestMappingHandlerMapping -- Mapped to com.example.demo.todo.api.TodoApi#addTask(TodoVO)
14:18:28.867 [http-nio-8888-exec-7] DEBUG o.s.w.s.m.m.a.RequestResponseBodyMethodProcessor -- Read "application/json;charset=UTF-8" to [{"task":"돌아선남자의가슴은냉버려진여자의머리는휑","dueDate":"2026-04-23","priority":"3","isDone":false}]
14:18:28.879 [http-nio-8888-exec-7] DEBUG o.s.w.s.m.m.a.RequestResponseBodyMethodProcessor -- Using 'application/json', given [*/*] and supported [application/json, application/*+json]
14:18:28.879 [http-nio-8888-exec-7] DEBUG o.s.w.s.m.m.a.RequestResponseBodyMethodProcessor -- Writing [com.example.demo.util.AjaxResponse@6206511a]
14:18:28.881 [http-nio-8888-exec-7] DEBUG o.s.s.w.a.AnonymousAuthenticationFilter -- Set SecurityContextHolder to anonymous SecurityContext
14:18:28.882 [http-nio-8888-exec-7] DEBUG o.s.web.servlet.DispatcherServlet -- Completed 200 OK
14:18:28.886 [http-nio-8888-exec-9] INFO  Spring Security Debugger -- 

************************************************************

Request received for GET '/api/v1/task':

org.apache.catalina.connector.RequestFacade@3f5ee85b

servletPath:/api/v1/task
pathInfo:null
headers: 
host: localhost:8888
connection: keep-alive
sec-ch-ua-platform: "macOS"
user-agent: Mozilla/5.0 (Macintosh; Intel Mac OS X 10_15_7) AppleWebKit/537.36 (KHTML, like Gecko) Chrome/147.0.0.0 Safari/537.36
sec-ch-ua: "Google Chrome";v="147", "Not.A/Brand";v="8", "Chromium";v="147"
sec-ch-ua-mobile: ?0
accept: */*
origin: http://localhost:3000
sec-fetch-site: same-site
sec-fetch-mode: cors
sec-fetch-dest: empty
referer: http://localhost:3000/
accept-encoding: gzip, deflate, br, zstd
accept-language: ko-KR,ko;q=0.9,en-US;q=0.8,en;q=0.7


Security filter chain: [
  DisableEncodeUrlFilter
  WebAsyncManagerIntegrationFilter
  SecurityContextHolderFilter
  HeaderWriterFilter
  CorsFilter
  CsrfFilter
  LogoutFilter
  JwtAuthenticationFilter
  RequestCacheAwareFilter
  SecurityContextHolderAwareRequestFilter
  AnonymousAuthenticationFilter
  ExceptionTranslationFilter
  AuthorizationFilter
]


************************************************************


14:18:28.887 [http-nio-8888-exec-9] DEBUG o.s.security.web.FilterChainProxy -- Securing GET /api/v1/task
14:18:28.888 [http-nio-8888-exec-9] DEBUG o.s.security.web.FilterChainProxy -- Secured GET /api/v1/task
14:18:28.889 [http-nio-8888-exec-9] DEBUG o.s.web.servlet.DispatcherServlet -- GET "/api/v1/task", parameters={}
14:18:28.889 [http-nio-8888-exec-9] DEBUG o.s.w.s.m.m.a.RequestMappingHandlerMapping -- Mapped to com.example.demo.todo.api.TodoApi#getTasks()
14:18:28.892 [http-nio-8888-exec-9] DEBUG o.s.w.s.m.m.a.RequestResponseBodyMethodProcessor -- Using 'application/json', given [*/*] and supported [application/json, application/*+json]
14:18:28.893 [http-nio-8888-exec-9] DEBUG o.s.w.s.m.m.a.RequestResponseBodyMethodProcessor -- Writing [com.example.demo.util.AjaxResponse@515e8dc3]
14:18:28.894 [http-nio-8888-exec-9] DEBUG o.s.s.w.a.AnonymousAuthenticationFilter -- Set SecurityContextHolder to anonymous SecurityContext
14:18:28.895 [http-nio-8888-exec-9] DEBUG o.s.web.servlet.DispatcherServlet -- Completed 200 OK
14:21:29.216 [http-nio-8888-exec-1] INFO  Spring Security Debugger -- 

************************************************************

Request received for GET '/api/v1/task':

org.apache.catalina.connector.RequestFacade@6fbd0a00

servletPath:/api/v1/task
pathInfo:null
headers: 
host: localhost:8888
connection: keep-alive
sec-ch-ua-platform: "macOS"
user-agent: Mozilla/5.0 (Macintosh; Intel Mac OS X 10_15_7) AppleWebKit/537.36 (KHTML, like Gecko) Chrome/147.0.0.0 Safari/537.36
sec-ch-ua: "Google Chrome";v="147", "Not.A/Brand";v="8", "Chromium";v="147"
sec-ch-ua-mobile: ?0
accept: */*
origin: http://localhost:3000
sec-fetch-site: same-site
sec-fetch-mode: cors
sec-fetch-dest: empty
referer: http://localhost:3000/
accept-encoding: gzip, deflate, br, zstd
accept-language: ko-KR,ko;q=0.9,en-US;q=0.8,en;q=0.7


Security filter chain: [
  DisableEncodeUrlFilter
  WebAsyncManagerIntegrationFilter
  SecurityContextHolderFilter
  HeaderWriterFilter
  CorsFilter
  CsrfFilter
  LogoutFilter
  JwtAuthenticationFilter
  RequestCacheAwareFilter
  SecurityContextHolderAwareRequestFilter
  AnonymousAuthenticationFilter
  ExceptionTranslationFilter
  AuthorizationFilter
]


************************************************************


14:21:29.237 [http-nio-8888-exec-1] DEBUG o.s.security.web.FilterChainProxy -- Securing GET /api/v1/task
14:21:29.295 [http-nio-8888-exec-1] DEBUG o.s.security.web.FilterChainProxy -- Secured GET /api/v1/task
14:21:29.299 [http-nio-8888-exec-1] DEBUG o.s.web.servlet.DispatcherServlet -- GET "/api/v1/task", parameters={}
14:21:29.300 [http-nio-8888-exec-1] DEBUG o.s.w.s.m.m.a.RequestMappingHandlerMapping -- Mapped to com.example.demo.todo.api.TodoApi#getTasks()
14:21:29.316 [http-nio-8888-exec-1] DEBUG o.s.w.s.m.m.a.RequestResponseBodyMethodProcessor -- Using 'application/json', given [*/*] and supported [application/json, application/*+json]
14:21:29.319 [http-nio-8888-exec-1] DEBUG o.s.w.s.m.m.a.RequestResponseBodyMethodProcessor -- Writing [com.example.demo.util.AjaxResponse@1720cfce]
14:21:29.331 [http-nio-8888-exec-1] DEBUG o.s.s.w.a.AnonymousAuthenticationFilter -- Set SecurityContextHolder to anonymous SecurityContext
14:21:29.332 [http-nio-8888-exec-1] DEBUG o.s.web.servlet.DispatcherServlet -- Completed 200 OK
14:21:29.337 [http-nio-8888-exec-2] INFO  Spring Security Debugger -- 

************************************************************

Request received for GET '/api/v1/task':

org.apache.catalina.connector.RequestFacade@2149e72b

servletPath:/api/v1/task
pathInfo:null
headers: 
host: localhost:8888
connection: keep-alive
sec-ch-ua-platform: "macOS"
user-agent: Mozilla/5.0 (Macintosh; Intel Mac OS X 10_15_7) AppleWebKit/537.36 (KHTML, like Gecko) Chrome/147.0.0.0 Safari/537.36
sec-ch-ua: "Google Chrome";v="147", "Not.A/Brand";v="8", "Chromium";v="147"
sec-ch-ua-mobile: ?0
accept: */*
origin: http://localhost:3000
sec-fetch-site: same-site
sec-fetch-mode: cors
sec-fetch-dest: empty
referer: http://localhost:3000/
accept-encoding: gzip, deflate, br, zstd
accept-language: ko-KR,ko;q=0.9,en-US;q=0.8,en;q=0.7


Security filter chain: [
  DisableEncodeUrlFilter
  WebAsyncManagerIntegrationFilter
  SecurityContextHolderFilter
  HeaderWriterFilter
  CorsFilter
  CsrfFilter
  LogoutFilter
  JwtAuthenticationFilter
  RequestCacheAwareFilter
  SecurityContextHolderAwareRequestFilter
  AnonymousAuthenticationFilter
  ExceptionTranslationFilter
  AuthorizationFilter
]


************************************************************


14:21:29.349 [http-nio-8888-exec-2] DEBUG o.s.security.web.FilterChainProxy -- Securing GET /api/v1/task
14:21:29.351 [http-nio-8888-exec-2] DEBUG o.s.security.web.FilterChainProxy -- Secured GET /api/v1/task
14:21:29.352 [http-nio-8888-exec-2] DEBUG o.s.web.servlet.DispatcherServlet -- GET "/api/v1/task", parameters={}
14:21:29.354 [http-nio-8888-exec-2] DEBUG o.s.w.s.m.m.a.RequestMappingHandlerMapping -- Mapped to com.example.demo.todo.api.TodoApi#getTasks()
14:21:29.357 [http-nio-8888-exec-2] DEBUG o.s.w.s.m.m.a.RequestResponseBodyMethodProcessor -- Using 'application/json', given [*/*] and supported [application/json, application/*+json]
14:21:29.358 [http-nio-8888-exec-2] DEBUG o.s.w.s.m.m.a.RequestResponseBodyMethodProcessor -- Writing [com.example.demo.util.AjaxResponse@6b77dac2]
14:21:29.360 [http-nio-8888-exec-2] DEBUG o.s.s.w.a.AnonymousAuthenticationFilter -- Set SecurityContextHolder to anonymous SecurityContext
14:21:29.361 [http-nio-8888-exec-2] DEBUG o.s.web.servlet.DispatcherServlet -- Completed 200 OK
14:23:05.396 [http-nio-8888-exec-4] INFO  Spring Security Debugger -- 

************************************************************

Request received for GET '/api/v1/task':

org.apache.catalina.connector.RequestFacade@778a34cd

servletPath:/api/v1/task
pathInfo:null
headers: 
host: localhost:8888
connection: keep-alive
sec-ch-ua-platform: "macOS"
user-agent: Mozilla/5.0 (Macintosh; Intel Mac OS X 10_15_7) AppleWebKit/537.36 (KHTML, like Gecko) Chrome/147.0.0.0 Safari/537.36
sec-ch-ua: "Google Chrome";v="147", "Not.A/Brand";v="8", "Chromium";v="147"
sec-ch-ua-mobile: ?0
accept: */*
origin: http://localhost:3000
sec-fetch-site: same-site
sec-fetch-mode: cors
sec-fetch-dest: empty
referer: http://localhost:3000/
accept-encoding: gzip, deflate, br, zstd
accept-language: ko-KR,ko;q=0.9,en-US;q=0.8,en;q=0.7


Security filter chain: [
  DisableEncodeUrlFilter
  WebAsyncManagerIntegrationFilter
  SecurityContextHolderFilter
  HeaderWriterFilter
  CorsFilter
  CsrfFilter
  LogoutFilter
  JwtAuthenticationFilter
  RequestCacheAwareFilter
  SecurityContextHolderAwareRequestFilter
  AnonymousAuthenticationFilter
  ExceptionTranslationFilter
  AuthorizationFilter
]


************************************************************


14:23:05.424 [http-nio-8888-exec-4] DEBUG o.s.security.web.FilterChainProxy -- Securing GET /api/v1/task
14:23:05.428 [http-nio-8888-exec-4] DEBUG o.s.security.web.FilterChainProxy -- Secured GET /api/v1/task
14:23:05.429 [http-nio-8888-exec-4] DEBUG o.s.web.servlet.DispatcherServlet -- GET "/api/v1/task", parameters={}
14:23:05.430 [http-nio-8888-exec-4] DEBUG o.s.w.s.m.m.a.RequestMappingHandlerMapping -- Mapped to com.example.demo.todo.api.TodoApi#getTasks()
14:23:05.447 [http-nio-8888-exec-4] DEBUG o.s.w.s.m.m.a.RequestResponseBodyMethodProcessor -- Using 'application/json', given [*/*] and supported [application/json, application/*+json]
14:23:05.449 [http-nio-8888-exec-4] DEBUG o.s.w.s.m.m.a.RequestResponseBodyMethodProcessor -- Writing [com.example.demo.util.AjaxResponse@523bc8ae]
14:23:05.460 [http-nio-8888-exec-4] DEBUG o.s.s.w.a.AnonymousAuthenticationFilter -- Set SecurityContextHolder to anonymous SecurityContext
14:23:05.461 [http-nio-8888-exec-4] DEBUG o.s.web.servlet.DispatcherServlet -- Completed 200 OK
14:28:15.990 [http-nio-8888-exec-9] INFO  Spring Security Debugger -- 

************************************************************

Request received for GET '/api/v1/task':

org.apache.catalina.connector.RequestFacade@471ed5e2

servletPath:/api/v1/task
pathInfo:null
headers: 
host: localhost:8888
connection: keep-alive
pragma: no-cache
cache-control: no-cache
sec-ch-ua-platform: "macOS"
user-agent: Mozilla/5.0 (Macintosh; Intel Mac OS X 10_15_7) AppleWebKit/537.36 (KHTML, like Gecko) Chrome/147.0.0.0 Safari/537.36
sec-ch-ua: "Google Chrome";v="147", "Not.A/Brand";v="8", "Chromium";v="147"
sec-ch-ua-mobile: ?0
accept: */*
origin: http://localhost:3000
sec-fetch-site: same-site
sec-fetch-mode: cors
sec-fetch-dest: empty
referer: http://localhost:3000/
accept-encoding: gzip, deflate, br, zstd
accept-language: ko-KR,ko;q=0.9,en-US;q=0.8,en;q=0.7


Security filter chain: [
  DisableEncodeUrlFilter
  WebAsyncManagerIntegrationFilter
  SecurityContextHolderFilter
  HeaderWriterFilter
  CorsFilter
  CsrfFilter
  LogoutFilter
  JwtAuthenticationFilter
  RequestCacheAwareFilter
  SecurityContextHolderAwareRequestFilter
  AnonymousAuthenticationFilter
  ExceptionTranslationFilter
  AuthorizationFilter
]


************************************************************


14:28:15.990 [http-nio-8888-exec-7] INFO  Spring Security Debugger -- 

************************************************************

Request received for GET '/api/v1/task':

org.apache.catalina.connector.RequestFacade@6c90fa0c

servletPath:/api/v1/task
pathInfo:null
headers: 
host: localhost:8888
connection: keep-alive
pragma: no-cache
cache-control: no-cache
sec-ch-ua-platform: "macOS"
user-agent: Mozilla/5.0 (Macintosh; Intel Mac OS X 10_15_7) AppleWebKit/537.36 (KHTML, like Gecko) Chrome/147.0.0.0 Safari/537.36
sec-ch-ua: "Google Chrome";v="147", "Not.A/Brand";v="8", "Chromium";v="147"
sec-ch-ua-mobile: ?0
accept: */*
origin: http://localhost:3000
sec-fetch-site: same-site
sec-fetch-mode: cors
sec-fetch-dest: empty
referer: http://localhost:3000/
accept-encoding: gzip, deflate, br, zstd
accept-language: ko-KR,ko;q=0.9,en-US;q=0.8,en;q=0.7


Security filter chain: [
  DisableEncodeUrlFilter
  WebAsyncManagerIntegrationFilter
  SecurityContextHolderFilter
  HeaderWriterFilter
  CorsFilter
  CsrfFilter
  LogoutFilter
  JwtAuthenticationFilter
  RequestCacheAwareFilter
  SecurityContextHolderAwareRequestFilter
  AnonymousAuthenticationFilter
  ExceptionTranslationFilter
  AuthorizationFilter
]


************************************************************


14:28:16.012 [http-nio-8888-exec-7] DEBUG o.s.security.web.FilterChainProxy -- Securing GET /api/v1/task
14:28:16.012 [http-nio-8888-exec-9] DEBUG o.s.security.web.FilterChainProxy -- Securing GET /api/v1/task
14:28:16.015 [http-nio-8888-exec-9] DEBUG o.s.security.web.FilterChainProxy -- Secured GET /api/v1/task
14:28:16.016 [http-nio-8888-exec-7] DEBUG o.s.security.web.FilterChainProxy -- Secured GET /api/v1/task
14:28:16.017 [http-nio-8888-exec-7] DEBUG o.s.web.servlet.DispatcherServlet -- GET "/api/v1/task", parameters={}
14:28:16.017 [http-nio-8888-exec-9] DEBUG o.s.web.servlet.DispatcherServlet -- GET "/api/v1/task", parameters={}
14:28:16.019 [http-nio-8888-exec-9] DEBUG o.s.w.s.m.m.a.RequestMappingHandlerMapping -- Mapped to com.example.demo.todo.api.TodoApi#getTasks()
14:28:16.019 [http-nio-8888-exec-7] DEBUG o.s.w.s.m.m.a.RequestMappingHandlerMapping -- Mapped to com.example.demo.todo.api.TodoApi#getTasks()
14:28:16.034 [http-nio-8888-exec-9] DEBUG o.s.w.s.m.m.a.RequestResponseBodyMethodProcessor -- Using 'application/json', given [*/*] and supported [application/json, application/*+json]
14:28:16.034 [http-nio-8888-exec-7] DEBUG o.s.w.s.m.m.a.RequestResponseBodyMethodProcessor -- Using 'application/json', given [*/*] and supported [application/json, application/*+json]
14:28:16.036 [http-nio-8888-exec-9] DEBUG o.s.w.s.m.m.a.RequestResponseBodyMethodProcessor -- Writing [com.example.demo.util.AjaxResponse@db119b]
14:28:16.036 [http-nio-8888-exec-7] DEBUG o.s.w.s.m.m.a.RequestResponseBodyMethodProcessor -- Writing [com.example.demo.util.AjaxResponse@106a84f8]
14:28:16.045 [http-nio-8888-exec-9] DEBUG o.s.s.w.a.AnonymousAuthenticationFilter -- Set SecurityContextHolder to anonymous SecurityContext
14:28:16.047 [http-nio-8888-exec-7] DEBUG o.s.s.w.a.AnonymousAuthenticationFilter -- Set SecurityContextHolder to anonymous SecurityContext
14:28:16.048 [http-nio-8888-exec-9] DEBUG o.s.web.servlet.DispatcherServlet -- Completed 200 OK
14:28:16.049 [http-nio-8888-exec-7] DEBUG o.s.web.servlet.DispatcherServlet -- Completed 200 OK
14:28:27.083 [http-nio-8888-exec-8] INFO  Spring Security Debugger -- 

************************************************************

Request received for OPTIONS '/api/v1/task':

org.apache.catalina.connector.RequestFacade@57d07837

servletPath:/api/v1/task
pathInfo:null
headers: 
host: localhost:8888
connection: keep-alive
accept: */*
access-control-request-method: PUT
origin: http://localhost:3000
user-agent: Mozilla/5.0 (Macintosh; Intel Mac OS X 10_15_7) AppleWebKit/537.36 (KHTML, like Gecko) Chrome/147.0.0.0 Safari/537.36
sec-fetch-mode: cors
sec-fetch-site: same-site
sec-fetch-dest: empty
referer: http://localhost:3000/
accept-encoding: gzip, deflate, br, zstd
accept-language: ko-KR,ko;q=0.9,en-US;q=0.8,en;q=0.7


Security filter chain: [
  DisableEncodeUrlFilter
  WebAsyncManagerIntegrationFilter
  SecurityContextHolderFilter
  HeaderWriterFilter
  CorsFilter
  CsrfFilter
  LogoutFilter
  JwtAuthenticationFilter
  RequestCacheAwareFilter
  SecurityContextHolderAwareRequestFilter
  AnonymousAuthenticationFilter
  ExceptionTranslationFilter
  AuthorizationFilter
]


************************************************************


14:28:27.094 [http-nio-8888-exec-8] DEBUG o.s.security.web.FilterChainProxy -- Securing OPTIONS /api/v1/task
14:28:27.112 [http-nio-8888-exec-10] INFO  Spring Security Debugger -- 

************************************************************

Request received for PUT '/api/v1/task':

org.apache.catalina.connector.RequestFacade@258a192

servletPath:/api/v1/task
pathInfo:null
headers: 
host: localhost:8888
connection: keep-alive
content-length: 0
sec-ch-ua-platform: "macOS"
user-agent: Mozilla/5.0 (Macintosh; Intel Mac OS X 10_15_7) AppleWebKit/537.36 (KHTML, like Gecko) Chrome/147.0.0.0 Safari/537.36
sec-ch-ua: "Google Chrome";v="147", "Not.A/Brand";v="8", "Chromium";v="147"
sec-ch-ua-mobile: ?0
accept: */*
origin: http://localhost:3000
sec-fetch-site: same-site
sec-fetch-mode: cors
sec-fetch-dest: empty
referer: http://localhost:3000/
accept-encoding: gzip, deflate, br, zstd
accept-language: ko-KR,ko;q=0.9,en-US;q=0.8,en;q=0.7


Security filter chain: [
  DisableEncodeUrlFilter
  WebAsyncManagerIntegrationFilter
  SecurityContextHolderFilter
  HeaderWriterFilter
  CorsFilter
  CsrfFilter
  LogoutFilter
  JwtAuthenticationFilter
  RequestCacheAwareFilter
  SecurityContextHolderAwareRequestFilter
  AnonymousAuthenticationFilter
  ExceptionTranslationFilter
  AuthorizationFilter
]


************************************************************


14:28:27.114 [http-nio-8888-exec-10] DEBUG o.s.security.web.FilterChainProxy -- Securing PUT /api/v1/task
14:28:27.117 [http-nio-8888-exec-10] DEBUG o.s.security.web.FilterChainProxy -- Secured PUT /api/v1/task
14:28:27.118 [http-nio-8888-exec-10] DEBUG o.s.web.servlet.DispatcherServlet -- PUT "/api/v1/task", parameters={}
14:28:27.118 [http-nio-8888-exec-10] DEBUG o.s.w.s.m.m.a.RequestMappingHandlerMapping -- Mapped to com.example.demo.todo.api.TodoApi#allDone()
14:28:27.172 [http-nio-8888-exec-10] DEBUG o.s.w.s.m.m.a.RequestResponseBodyMethodProcessor -- Using 'application/json', given [*/*] and supported [application/json, application/*+json]
14:28:27.172 [http-nio-8888-exec-10] DEBUG o.s.w.s.m.m.a.RequestResponseBodyMethodProcessor -- Writing [com.example.demo.util.AjaxResponse@7a6d8eeb]
14:28:27.173 [http-nio-8888-exec-10] DEBUG o.s.s.w.a.AnonymousAuthenticationFilter -- Set SecurityContextHolder to anonymous SecurityContext
14:28:27.174 [http-nio-8888-exec-10] DEBUG o.s.web.servlet.DispatcherServlet -- Completed 200 OK
14:28:27.177 [http-nio-8888-exec-1] INFO  Spring Security Debugger -- 

************************************************************

Request received for GET '/api/v1/task':

org.apache.catalina.connector.RequestFacade@56a0baff

servletPath:/api/v1/task
pathInfo:null
headers: 
host: localhost:8888
connection: keep-alive
sec-ch-ua-platform: "macOS"
user-agent: Mozilla/5.0 (Macintosh; Intel Mac OS X 10_15_7) AppleWebKit/537.36 (KHTML, like Gecko) Chrome/147.0.0.0 Safari/537.36
sec-ch-ua: "Google Chrome";v="147", "Not.A/Brand";v="8", "Chromium";v="147"
sec-ch-ua-mobile: ?0
accept: */*
origin: http://localhost:3000
sec-fetch-site: same-site
sec-fetch-mode: cors
sec-fetch-dest: empty
referer: http://localhost:3000/
accept-encoding: gzip, deflate, br, zstd
accept-language: ko-KR,ko;q=0.9,en-US;q=0.8,en;q=0.7


Security filter chain: [
  DisableEncodeUrlFilter
  WebAsyncManagerIntegrationFilter
  SecurityContextHolderFilter
  HeaderWriterFilter
  CorsFilter
  CsrfFilter
  LogoutFilter
  JwtAuthenticationFilter
  RequestCacheAwareFilter
  SecurityContextHolderAwareRequestFilter
  AnonymousAuthenticationFilter
  ExceptionTranslationFilter
  AuthorizationFilter
]


************************************************************


14:28:27.178 [http-nio-8888-exec-1] DEBUG o.s.security.web.FilterChainProxy -- Securing GET /api/v1/task
14:28:27.178 [http-nio-8888-exec-1] DEBUG o.s.security.web.FilterChainProxy -- Secured GET /api/v1/task
14:28:27.178 [http-nio-8888-exec-1] DEBUG o.s.web.servlet.DispatcherServlet -- GET "/api/v1/task", parameters={}
14:28:27.179 [http-nio-8888-exec-1] DEBUG o.s.w.s.m.m.a.RequestMappingHandlerMapping -- Mapped to com.example.demo.todo.api.TodoApi#getTasks()
14:28:27.180 [http-nio-8888-exec-1] DEBUG o.s.w.s.m.m.a.RequestResponseBodyMethodProcessor -- Using 'application/json', given [*/*] and supported [application/json, application/*+json]
14:28:27.180 [http-nio-8888-exec-1] DEBUG o.s.w.s.m.m.a.RequestResponseBodyMethodProcessor -- Writing [com.example.demo.util.AjaxResponse@763023b5]
14:28:27.181 [http-nio-8888-exec-1] DEBUG o.s.s.w.a.AnonymousAuthenticationFilter -- Set SecurityContextHolder to anonymous SecurityContext
14:28:27.181 [http-nio-8888-exec-1] DEBUG o.s.web.servlet.DispatcherServlet -- Completed 200 OK
14:28:29.138 [http-nio-8888-exec-3] INFO  Spring Security Debugger -- 

************************************************************

Request received for GET '/api/v1/task':

org.apache.catalina.connector.RequestFacade@3a7cf496

servletPath:/api/v1/task
pathInfo:null
headers: 
host: localhost:8888
connection: keep-alive
pragma: no-cache
cache-control: no-cache
sec-ch-ua-platform: "macOS"
user-agent: Mozilla/5.0 (Macintosh; Intel Mac OS X 10_15_7) AppleWebKit/537.36 (KHTML, like Gecko) Chrome/147.0.0.0 Safari/537.36
sec-ch-ua: "Google Chrome";v="147", "Not.A/Brand";v="8", "Chromium";v="147"
sec-ch-ua-mobile: ?0
accept: */*
origin: http://localhost:3000
sec-fetch-site: same-site
sec-fetch-mode: cors
sec-fetch-dest: empty
referer: http://localhost:3000/
accept-encoding: gzip, deflate, br, zstd
accept-language: ko-KR,ko;q=0.9,en-US;q=0.8,en;q=0.7


Security filter chain: [
  DisableEncodeUrlFilter
  WebAsyncManagerIntegrationFilter
  SecurityContextHolderFilter
  HeaderWriterFilter
  CorsFilter
  CsrfFilter
  LogoutFilter
  JwtAuthenticationFilter
  RequestCacheAwareFilter
  SecurityContextHolderAwareRequestFilter
  AnonymousAuthenticationFilter
  ExceptionTranslationFilter
  AuthorizationFilter
]


************************************************************


14:28:29.139 [http-nio-8888-exec-2] INFO  Spring Security Debugger -- 

************************************************************

Request received for GET '/api/v1/task':

org.apache.catalina.connector.RequestFacade@2273e7ac

servletPath:/api/v1/task
pathInfo:null
headers: 
host: localhost:8888
connection: keep-alive
pragma: no-cache
cache-control: no-cache
sec-ch-ua-platform: "macOS"
user-agent: Mozilla/5.0 (Macintosh; Intel Mac OS X 10_15_7) AppleWebKit/537.36 (KHTML, like Gecko) Chrome/147.0.0.0 Safari/537.36
sec-ch-ua: "Google Chrome";v="147", "Not.A/Brand";v="8", "Chromium";v="147"
sec-ch-ua-mobile: ?0
accept: */*
origin: http://localhost:3000
sec-fetch-site: same-site
sec-fetch-mode: cors
sec-fetch-dest: empty
referer: http://localhost:3000/
accept-encoding: gzip, deflate, br, zstd
accept-language: ko-KR,ko;q=0.9,en-US;q=0.8,en;q=0.7


Security filter chain: [
  DisableEncodeUrlFilter
  WebAsyncManagerIntegrationFilter
  SecurityContextHolderFilter
  HeaderWriterFilter
  CorsFilter
  CsrfFilter
  LogoutFilter
  JwtAuthenticationFilter
  RequestCacheAwareFilter
  SecurityContextHolderAwareRequestFilter
  AnonymousAuthenticationFilter
  ExceptionTranslationFilter
  AuthorizationFilter
]


************************************************************


14:28:29.140 [http-nio-8888-exec-3] DEBUG o.s.security.web.FilterChainProxy -- Securing GET /api/v1/task
14:28:29.140 [http-nio-8888-exec-2] DEBUG o.s.security.web.FilterChainProxy -- Securing GET /api/v1/task
14:28:29.142 [http-nio-8888-exec-2] DEBUG o.s.security.web.FilterChainProxy -- Secured GET /api/v1/task
14:28:29.142 [http-nio-8888-exec-3] DEBUG o.s.security.web.FilterChainProxy -- Secured GET /api/v1/task
14:28:29.143 [http-nio-8888-exec-2] DEBUG o.s.web.servlet.DispatcherServlet -- GET "/api/v1/task", parameters={}
14:28:29.144 [http-nio-8888-exec-2] DEBUG o.s.w.s.m.m.a.RequestMappingHandlerMapping -- Mapped to com.example.demo.todo.api.TodoApi#getTasks()
14:28:29.144 [http-nio-8888-exec-3] DEBUG o.s.web.servlet.DispatcherServlet -- GET "/api/v1/task", parameters={}
14:28:29.145 [http-nio-8888-exec-3] DEBUG o.s.w.s.m.m.a.RequestMappingHandlerMapping -- Mapped to com.example.demo.todo.api.TodoApi#getTasks()
14:28:29.149 [http-nio-8888-exec-2] DEBUG o.s.w.s.m.m.a.RequestResponseBodyMethodProcessor -- Using 'application/json', given [*/*] and supported [application/json, application/*+json]
14:28:29.150 [http-nio-8888-exec-2] DEBUG o.s.w.s.m.m.a.RequestResponseBodyMethodProcessor -- Writing [com.example.demo.util.AjaxResponse@54536c53]
14:28:29.150 [http-nio-8888-exec-3] DEBUG o.s.w.s.m.m.a.RequestResponseBodyMethodProcessor -- Using 'application/json', given [*/*] and supported [application/json, application/*+json]
14:28:29.151 [http-nio-8888-exec-3] DEBUG o.s.w.s.m.m.a.RequestResponseBodyMethodProcessor -- Writing [com.example.demo.util.AjaxResponse@1a156200]
14:28:29.152 [http-nio-8888-exec-2] DEBUG o.s.s.w.a.AnonymousAuthenticationFilter -- Set SecurityContextHolder to anonymous SecurityContext
14:28:29.153 [http-nio-8888-exec-2] DEBUG o.s.web.servlet.DispatcherServlet -- Completed 200 OK
14:28:29.155 [http-nio-8888-exec-3] DEBUG o.s.s.w.a.AnonymousAuthenticationFilter -- Set SecurityContextHolder to anonymous SecurityContext
14:28:29.156 [http-nio-8888-exec-3] DEBUG o.s.web.servlet.DispatcherServlet -- Completed 200 OK
14:29:05.048 [http-nio-8888-exec-4] INFO  Spring Security Debugger -- 

************************************************************

Request received for GET '/api/v1/task':

org.apache.catalina.connector.RequestFacade@1b8973ee

servletPath:/api/v1/task
pathInfo:null
headers: 
host: localhost:8888
connection: keep-alive
pragma: no-cache
cache-control: no-cache
sec-ch-ua-platform: "macOS"
user-agent: Mozilla/5.0 (Macintosh; Intel Mac OS X 10_15_7) AppleWebKit/537.36 (KHTML, like Gecko) Chrome/147.0.0.0 Safari/537.36
sec-ch-ua: "Google Chrome";v="147", "Not.A/Brand";v="8", "Chromium";v="147"
sec-ch-ua-mobile: ?0
accept: */*
origin: http://localhost:3000
sec-fetch-site: same-site
sec-fetch-mode: cors
sec-fetch-dest: empty
referer: http://localhost:3000/
accept-encoding: gzip, deflate, br, zstd
accept-language: ko-KR,ko;q=0.9,en-US;q=0.8,en;q=0.7


Security filter chain: [
  DisableEncodeUrlFilter
  WebAsyncManagerIntegrationFilter
  SecurityContextHolderFilter
  HeaderWriterFilter
  CorsFilter
  CsrfFilter
  LogoutFilter
  JwtAuthenticationFilter
  RequestCacheAwareFilter
  SecurityContextHolderAwareRequestFilter
  AnonymousAuthenticationFilter
  ExceptionTranslationFilter
  AuthorizationFilter
]


************************************************************


14:29:05.048 [http-nio-8888-exec-5] INFO  Spring Security Debugger -- 

************************************************************

Request received for GET '/api/v1/task':

org.apache.catalina.connector.RequestFacade@7e595b55

servletPath:/api/v1/task
pathInfo:null
headers: 
host: localhost:8888
connection: keep-alive
pragma: no-cache
cache-control: no-cache
sec-ch-ua-platform: "macOS"
user-agent: Mozilla/5.0 (Macintosh; Intel Mac OS X 10_15_7) AppleWebKit/537.36 (KHTML, like Gecko) Chrome/147.0.0.0 Safari/537.36
sec-ch-ua: "Google Chrome";v="147", "Not.A/Brand";v="8", "Chromium";v="147"
sec-ch-ua-mobile: ?0
accept: */*
origin: http://localhost:3000
sec-fetch-site: same-site
sec-fetch-mode: cors
sec-fetch-dest: empty
referer: http://localhost:3000/
accept-encoding: gzip, deflate, br, zstd
accept-language: ko-KR,ko;q=0.9,en-US;q=0.8,en;q=0.7


Security filter chain: [
  DisableEncodeUrlFilter
  WebAsyncManagerIntegrationFilter
  SecurityContextHolderFilter
  HeaderWriterFilter
  CorsFilter
  CsrfFilter
  LogoutFilter
  JwtAuthenticationFilter
  RequestCacheAwareFilter
  SecurityContextHolderAwareRequestFilter
  AnonymousAuthenticationFilter
  ExceptionTranslationFilter
  AuthorizationFilter
]


************************************************************


14:29:05.053 [http-nio-8888-exec-4] DEBUG o.s.security.web.FilterChainProxy -- Securing GET /api/v1/task
14:29:05.053 [http-nio-8888-exec-5] DEBUG o.s.security.web.FilterChainProxy -- Securing GET /api/v1/task
14:29:05.057 [http-nio-8888-exec-4] DEBUG o.s.security.web.FilterChainProxy -- Secured GET /api/v1/task
14:29:05.057 [http-nio-8888-exec-5] DEBUG o.s.security.web.FilterChainProxy -- Secured GET /api/v1/task
14:29:05.058 [http-nio-8888-exec-4] DEBUG o.s.web.servlet.DispatcherServlet -- GET "/api/v1/task", parameters={}
14:29:05.058 [http-nio-8888-exec-5] DEBUG o.s.web.servlet.DispatcherServlet -- GET "/api/v1/task", parameters={}
14:29:05.062 [http-nio-8888-exec-5] DEBUG o.s.w.s.m.m.a.RequestMappingHandlerMapping -- Mapped to com.example.demo.todo.api.TodoApi#getTasks()
14:29:05.062 [http-nio-8888-exec-4] DEBUG o.s.w.s.m.m.a.RequestMappingHandlerMapping -- Mapped to com.example.demo.todo.api.TodoApi#getTasks()
14:29:05.071 [http-nio-8888-exec-4] DEBUG o.s.w.s.m.m.a.RequestResponseBodyMethodProcessor -- Using 'application/json', given [*/*] and supported [application/json, application/*+json]
14:29:05.072 [http-nio-8888-exec-5] DEBUG o.s.w.s.m.m.a.RequestResponseBodyMethodProcessor -- Using 'application/json', given [*/*] and supported [application/json, application/*+json]
14:29:05.080 [http-nio-8888-exec-4] DEBUG o.s.w.s.m.m.a.RequestResponseBodyMethodProcessor -- Writing [com.example.demo.util.AjaxResponse@10529fc5]
14:29:05.080 [http-nio-8888-exec-5] DEBUG o.s.w.s.m.m.a.RequestResponseBodyMethodProcessor -- Writing [com.example.demo.util.AjaxResponse@2019b80e]
14:29:05.083 [http-nio-8888-exec-5] DEBUG o.s.s.w.a.AnonymousAuthenticationFilter -- Set SecurityContextHolder to anonymous SecurityContext
14:29:05.085 [http-nio-8888-exec-5] DEBUG o.s.web.servlet.DispatcherServlet -- Completed 200 OK
14:29:05.083 [http-nio-8888-exec-4] DEBUG o.s.s.w.a.AnonymousAuthenticationFilter -- Set SecurityContextHolder to anonymous SecurityContext
14:29:05.086 [http-nio-8888-exec-4] DEBUG o.s.web.servlet.DispatcherServlet -- Completed 200 OK
14:29:36.846 [http-nio-8888-exec-6] INFO  Spring Security Debugger -- 

************************************************************

Request received for OPTIONS '/api/v1/task':

org.apache.catalina.connector.RequestFacade@2b42f34

servletPath:/api/v1/task
pathInfo:null
headers: 
host: localhost:8888
connection: keep-alive
accept: */*
access-control-request-method: POST
access-control-request-headers: content-type
origin: http://localhost:3000
user-agent: Mozilla/5.0 (Macintosh; Intel Mac OS X 10_15_7) AppleWebKit/537.36 (KHTML, like Gecko) Chrome/147.0.0.0 Safari/537.36
sec-fetch-mode: cors
sec-fetch-site: same-site
sec-fetch-dest: empty
referer: http://localhost:3000/
accept-encoding: gzip, deflate, br, zstd
accept-language: ko-KR,ko;q=0.9,en-US;q=0.8,en;q=0.7


Security filter chain: [
  DisableEncodeUrlFilter
  WebAsyncManagerIntegrationFilter
  SecurityContextHolderFilter
  HeaderWriterFilter
  CorsFilter
  CsrfFilter
  LogoutFilter
  JwtAuthenticationFilter
  RequestCacheAwareFilter
  SecurityContextHolderAwareRequestFilter
  AnonymousAuthenticationFilter
  ExceptionTranslationFilter
  AuthorizationFilter
]


************************************************************


14:29:36.849 [http-nio-8888-exec-6] DEBUG o.s.security.web.FilterChainProxy -- Securing OPTIONS /api/v1/task
14:29:36.863 [http-nio-8888-exec-7] INFO  Spring Security Debugger -- 

************************************************************

Request received for POST '/api/v1/task':

org.apache.catalina.connector.RequestFacade@40acb6c4

servletPath:/api/v1/task
pathInfo:null
headers: 
host: localhost:8888
connection: keep-alive
content-length: 91
sec-ch-ua-platform: "macOS"
user-agent: Mozilla/5.0 (Macintosh; Intel Mac OS X 10_15_7) AppleWebKit/537.36 (KHTML, like Gecko) Chrome/147.0.0.0 Safari/537.36
sec-ch-ua: "Google Chrome";v="147", "Not.A/Brand";v="8", "Chromium";v="147"
content-type: application/json
sec-ch-ua-mobile: ?0
accept: */*
origin: http://localhost:3000
sec-fetch-site: same-site
sec-fetch-mode: cors
sec-fetch-dest: empty
referer: http://localhost:3000/
accept-encoding: gzip, deflate, br, zstd
accept-language: ko-KR,ko;q=0.9,en-US;q=0.8,en;q=0.7


Security filter chain: [
  DisableEncodeUrlFilter
  WebAsyncManagerIntegrationFilter
  SecurityContextHolderFilter
  HeaderWriterFilter
  CorsFilter
  CsrfFilter
  LogoutFilter
  JwtAuthenticationFilter
  RequestCacheAwareFilter
  SecurityContextHolderAwareRequestFilter
  AnonymousAuthenticationFilter
  ExceptionTranslationFilter
  AuthorizationFilter
]


************************************************************


14:29:36.942 [http-nio-8888-exec-7] DEBUG o.s.security.web.FilterChainProxy -- Securing POST /api/v1/task
14:29:36.944 [http-nio-8888-exec-7] DEBUG o.s.security.web.FilterChainProxy -- Secured POST /api/v1/task
14:29:36.944 [http-nio-8888-exec-7] DEBUG o.s.web.servlet.DispatcherServlet -- POST "/api/v1/task", parameters={}
14:29:36.945 [http-nio-8888-exec-7] DEBUG o.s.w.s.m.m.a.RequestMappingHandlerMapping -- Mapped to com.example.demo.todo.api.TodoApi#addTask(TodoVO)
14:29:36.949 [http-nio-8888-exec-7] DEBUG o.s.w.s.m.m.a.RequestResponseBodyMethodProcessor -- Read "application/json;charset=UTF-8" to [{"task":"차가운새벽바람은썡","dueDate":"2026-04-09","priority":"1","isDone":false}]
14:29:36.953 [http-nio-8888-exec-7] DEBUG o.s.w.s.m.m.a.RequestResponseBodyMethodProcessor -- Using 'application/json', given [*/*] and supported [application/json, application/*+json]
14:29:36.955 [http-nio-8888-exec-7] DEBUG o.s.w.s.m.m.a.RequestResponseBodyMethodProcessor -- Writing [com.example.demo.util.AjaxResponse@1072a14a]
14:29:36.955 [http-nio-8888-exec-7] DEBUG o.s.s.w.a.AnonymousAuthenticationFilter -- Set SecurityContextHolder to anonymous SecurityContext
14:29:36.955 [http-nio-8888-exec-7] DEBUG o.s.web.servlet.DispatcherServlet -- Completed 200 OK
14:29:36.961 [http-nio-8888-exec-9] INFO  Spring Security Debugger -- 

************************************************************

Request received for GET '/api/v1/task':

org.apache.catalina.connector.RequestFacade@488f3deb

servletPath:/api/v1/task
pathInfo:null
headers: 
host: localhost:8888
connection: keep-alive
sec-ch-ua-platform: "macOS"
user-agent: Mozilla/5.0 (Macintosh; Intel Mac OS X 10_15_7) AppleWebKit/537.36 (KHTML, like Gecko) Chrome/147.0.0.0 Safari/537.36
sec-ch-ua: "Google Chrome";v="147", "Not.A/Brand";v="8", "Chromium";v="147"
sec-ch-ua-mobile: ?0
accept: */*
origin: http://localhost:3000
sec-fetch-site: same-site
sec-fetch-mode: cors
sec-fetch-dest: empty
referer: http://localhost:3000/
accept-encoding: gzip, deflate, br, zstd
accept-language: ko-KR,ko;q=0.9,en-US;q=0.8,en;q=0.7


Security filter chain: [
  DisableEncodeUrlFilter
  WebAsyncManagerIntegrationFilter
  SecurityContextHolderFilter
  HeaderWriterFilter
  CorsFilter
  CsrfFilter
  LogoutFilter
  JwtAuthenticationFilter
  RequestCacheAwareFilter
  SecurityContextHolderAwareRequestFilter
  AnonymousAuthenticationFilter
  ExceptionTranslationFilter
  AuthorizationFilter
]


************************************************************


14:29:36.961 [http-nio-8888-exec-9] DEBUG o.s.security.web.FilterChainProxy -- Securing GET /api/v1/task
14:29:36.962 [http-nio-8888-exec-9] DEBUG o.s.security.web.FilterChainProxy -- Secured GET /api/v1/task
14:29:36.962 [http-nio-8888-exec-9] DEBUG o.s.web.servlet.DispatcherServlet -- GET "/api/v1/task", parameters={}
14:29:36.964 [http-nio-8888-exec-9] DEBUG o.s.w.s.m.m.a.RequestMappingHandlerMapping -- Mapped to com.example.demo.todo.api.TodoApi#getTasks()
14:29:36.964 [http-nio-8888-exec-9] DEBUG o.s.w.s.m.m.a.RequestResponseBodyMethodProcessor -- Using 'application/json', given [*/*] and supported [application/json, application/*+json]
14:29:36.964 [http-nio-8888-exec-9] DEBUG o.s.w.s.m.m.a.RequestResponseBodyMethodProcessor -- Writing [com.example.demo.util.AjaxResponse@6d1a91ac]
14:29:36.965 [http-nio-8888-exec-9] DEBUG o.s.s.w.a.AnonymousAuthenticationFilter -- Set SecurityContextHolder to anonymous SecurityContext
14:29:36.966 [http-nio-8888-exec-9] DEBUG o.s.web.servlet.DispatcherServlet -- Completed 200 OK
14:29:39.870 [http-nio-8888-exec-8] INFO  Spring Security Debugger -- 

************************************************************

Request received for GET '/api/v1/task':

org.apache.catalina.connector.RequestFacade@3f5a5040

servletPath:/api/v1/task
pathInfo:null
headers: 
host: localhost:8888
connection: keep-alive
sec-ch-ua-platform: "macOS"
user-agent: Mozilla/5.0 (Macintosh; Intel Mac OS X 10_15_7) AppleWebKit/537.36 (KHTML, like Gecko) Chrome/147.0.0.0 Safari/537.36
sec-ch-ua: "Google Chrome";v="147", "Not.A/Brand";v="8", "Chromium";v="147"
sec-ch-ua-mobile: ?0
accept: */*
origin: http://localhost:3000
sec-fetch-site: same-site
sec-fetch-mode: cors
sec-fetch-dest: empty
referer: http://localhost:3000/
accept-encoding: gzip, deflate, br, zstd
accept-language: ko-KR,ko;q=0.9,en-US;q=0.8,en;q=0.7


Security filter chain: [
  DisableEncodeUrlFilter
  WebAsyncManagerIntegrationFilter
  SecurityContextHolderFilter
  HeaderWriterFilter
  CorsFilter
  CsrfFilter
  LogoutFilter
  JwtAuthenticationFilter
  RequestCacheAwareFilter
  SecurityContextHolderAwareRequestFilter
  AnonymousAuthenticationFilter
  ExceptionTranslationFilter
  AuthorizationFilter
]


************************************************************


14:29:39.880 [http-nio-8888-exec-8] DEBUG o.s.security.web.FilterChainProxy -- Securing GET /api/v1/task
14:29:39.887 [http-nio-8888-exec-8] DEBUG o.s.security.web.FilterChainProxy -- Secured GET /api/v1/task
14:29:39.887 [http-nio-8888-exec-8] DEBUG o.s.web.servlet.DispatcherServlet -- GET "/api/v1/task", parameters={}
14:29:39.888 [http-nio-8888-exec-8] DEBUG o.s.w.s.m.m.a.RequestMappingHandlerMapping -- Mapped to com.example.demo.todo.api.TodoApi#getTasks()
14:29:39.894 [http-nio-8888-exec-8] DEBUG o.s.w.s.m.m.a.RequestResponseBodyMethodProcessor -- Using 'application/json', given [*/*] and supported [application/json, application/*+json]
14:29:39.895 [http-nio-8888-exec-8] DEBUG o.s.w.s.m.m.a.RequestResponseBodyMethodProcessor -- Writing [com.example.demo.util.AjaxResponse@73b37baf]
14:29:39.897 [http-nio-8888-exec-8] DEBUG o.s.s.w.a.AnonymousAuthenticationFilter -- Set SecurityContextHolder to anonymous SecurityContext
14:29:39.898 [http-nio-8888-exec-8] DEBUG o.s.web.servlet.DispatcherServlet -- Completed 200 OK
14:29:39.910 [http-nio-8888-exec-10] INFO  Spring Security Debugger -- 

************************************************************

Request received for GET '/api/v1/task':

org.apache.catalina.connector.RequestFacade@75bcb6fb

servletPath:/api/v1/task
pathInfo:null
headers: 
host: localhost:8888
connection: keep-alive
sec-ch-ua-platform: "macOS"
user-agent: Mozilla/5.0 (Macintosh; Intel Mac OS X 10_15_7) AppleWebKit/537.36 (KHTML, like Gecko) Chrome/147.0.0.0 Safari/537.36
sec-ch-ua: "Google Chrome";v="147", "Not.A/Brand";v="8", "Chromium";v="147"
sec-ch-ua-mobile: ?0
accept: */*
origin: http://localhost:3000
sec-fetch-site: same-site
sec-fetch-mode: cors
sec-fetch-dest: empty
referer: http://localhost:3000/
accept-encoding: gzip, deflate, br, zstd
accept-language: ko-KR,ko;q=0.9,en-US;q=0.8,en;q=0.7


Security filter chain: [
  DisableEncodeUrlFilter
  WebAsyncManagerIntegrationFilter
  SecurityContextHolderFilter
  HeaderWriterFilter
  CorsFilter
  CsrfFilter
  LogoutFilter
  JwtAuthenticationFilter
  RequestCacheAwareFilter
  SecurityContextHolderAwareRequestFilter
  AnonymousAuthenticationFilter
  ExceptionTranslationFilter
  AuthorizationFilter
]


************************************************************


14:29:39.912 [http-nio-8888-exec-10] DEBUG o.s.security.web.FilterChainProxy -- Securing GET /api/v1/task
14:29:39.914 [http-nio-8888-exec-10] DEBUG o.s.security.web.FilterChainProxy -- Secured GET /api/v1/task
14:29:39.914 [http-nio-8888-exec-10] DEBUG o.s.web.servlet.DispatcherServlet -- GET "/api/v1/task", parameters={}
14:29:39.915 [http-nio-8888-exec-10] DEBUG o.s.w.s.m.m.a.RequestMappingHandlerMapping -- Mapped to com.example.demo.todo.api.TodoApi#getTasks()
14:29:39.920 [http-nio-8888-exec-10] DEBUG o.s.w.s.m.m.a.RequestResponseBodyMethodProcessor -- Using 'application/json', given [*/*] and supported [application/json, application/*+json]
14:29:39.924 [http-nio-8888-exec-10] DEBUG o.s.w.s.m.m.a.RequestResponseBodyMethodProcessor -- Writing [com.example.demo.util.AjaxResponse@32afddef]
14:29:39.926 [http-nio-8888-exec-10] DEBUG o.s.s.w.a.AnonymousAuthenticationFilter -- Set SecurityContextHolder to anonymous SecurityContext
14:29:39.926 [http-nio-8888-exec-10] DEBUG o.s.web.servlet.DispatcherServlet -- Completed 200 OK
14:41:14.255 [http-nio-8888-exec-3] INFO  Spring Security Debugger -- 

************************************************************

Request received for GET '/api/v1/task':

org.apache.catalina.connector.RequestFacade@42f7820b

servletPath:/api/v1/task
pathInfo:null
headers: 
host: localhost:8888
connection: keep-alive
pragma: no-cache
cache-control: no-cache
sec-ch-ua-platform: "macOS"
user-agent: Mozilla/5.0 (Macintosh; Intel Mac OS X 10_15_7) AppleWebKit/537.36 (KHTML, like Gecko) Chrome/147.0.0.0 Safari/537.36
sec-ch-ua: "Google Chrome";v="147", "Not.A/Brand";v="8", "Chromium";v="147"
sec-ch-ua-mobile: ?0
accept: */*
origin: http://localhost:3000
sec-fetch-site: same-site
sec-fetch-mode: cors
sec-fetch-dest: empty
referer: http://localhost:3000/
accept-encoding: gzip, deflate, br, zstd
accept-language: ko-KR,ko;q=0.9,en-US;q=0.8,en;q=0.7


Security filter chain: [
  DisableEncodeUrlFilter
  WebAsyncManagerIntegrationFilter
  SecurityContextHolderFilter
  HeaderWriterFilter
  CorsFilter
  CsrfFilter
  LogoutFilter
  JwtAuthenticationFilter
  RequestCacheAwareFilter
  SecurityContextHolderAwareRequestFilter
  AnonymousAuthenticationFilter
  ExceptionTranslationFilter
  AuthorizationFilter
]


************************************************************


14:41:14.255 [http-nio-8888-exec-5] INFO  Spring Security Debugger -- 

************************************************************

Request received for GET '/api/v1/task':

org.apache.catalina.connector.RequestFacade@5263c0ff

servletPath:/api/v1/task
pathInfo:null
headers: 
host: localhost:8888
connection: keep-alive
pragma: no-cache
cache-control: no-cache
sec-ch-ua-platform: "macOS"
user-agent: Mozilla/5.0 (Macintosh; Intel Mac OS X 10_15_7) AppleWebKit/537.36 (KHTML, like Gecko) Chrome/147.0.0.0 Safari/537.36
sec-ch-ua: "Google Chrome";v="147", "Not.A/Brand";v="8", "Chromium";v="147"
sec-ch-ua-mobile: ?0
accept: */*
origin: http://localhost:3000
sec-fetch-site: same-site
sec-fetch-mode: cors
sec-fetch-dest: empty
referer: http://localhost:3000/
accept-encoding: gzip, deflate, br, zstd
accept-language: ko-KR,ko;q=0.9,en-US;q=0.8,en;q=0.7


Security filter chain: [
  DisableEncodeUrlFilter
  WebAsyncManagerIntegrationFilter
  SecurityContextHolderFilter
  HeaderWriterFilter
  CorsFilter
  CsrfFilter
  LogoutFilter
  JwtAuthenticationFilter
  RequestCacheAwareFilter
  SecurityContextHolderAwareRequestFilter
  AnonymousAuthenticationFilter
  ExceptionTranslationFilter
  AuthorizationFilter
]


************************************************************


14:41:14.267 [http-nio-8888-exec-3] DEBUG o.s.security.web.FilterChainProxy -- Securing GET /api/v1/task
14:41:14.267 [http-nio-8888-exec-5] DEBUG o.s.security.web.FilterChainProxy -- Securing GET /api/v1/task
14:41:14.271 [http-nio-8888-exec-5] DEBUG o.s.security.web.FilterChainProxy -- Secured GET /api/v1/task
14:41:14.271 [http-nio-8888-exec-3] DEBUG o.s.security.web.FilterChainProxy -- Secured GET /api/v1/task
14:41:14.273 [http-nio-8888-exec-5] DEBUG o.s.web.servlet.DispatcherServlet -- GET "/api/v1/task", parameters={}
14:41:14.274 [http-nio-8888-exec-5] DEBUG o.s.w.s.m.m.a.RequestMappingHandlerMapping -- Mapped to com.example.demo.todo.api.TodoApi#getTasks()
14:41:14.273 [http-nio-8888-exec-3] DEBUG o.s.web.servlet.DispatcherServlet -- GET "/api/v1/task", parameters={}
14:41:14.276 [http-nio-8888-exec-3] DEBUG o.s.w.s.m.m.a.RequestMappingHandlerMapping -- Mapped to com.example.demo.todo.api.TodoApi#getTasks()
14:41:14.288 [http-nio-8888-exec-5] DEBUG o.s.w.s.m.m.a.RequestResponseBodyMethodProcessor -- Using 'application/json', given [*/*] and supported [application/json, application/*+json]
14:41:14.288 [http-nio-8888-exec-3] DEBUG o.s.w.s.m.m.a.RequestResponseBodyMethodProcessor -- Using 'application/json', given [*/*] and supported [application/json, application/*+json]
14:41:14.290 [http-nio-8888-exec-3] DEBUG o.s.w.s.m.m.a.RequestResponseBodyMethodProcessor -- Writing [com.example.demo.util.AjaxResponse@4b5bb565]
14:41:14.290 [http-nio-8888-exec-5] DEBUG o.s.w.s.m.m.a.RequestResponseBodyMethodProcessor -- Writing [com.example.demo.util.AjaxResponse@b6c8235]
14:41:14.294 [http-nio-8888-exec-3] DEBUG o.s.s.w.a.AnonymousAuthenticationFilter -- Set SecurityContextHolder to anonymous SecurityContext
14:41:14.294 [http-nio-8888-exec-5] DEBUG o.s.s.w.a.AnonymousAuthenticationFilter -- Set SecurityContextHolder to anonymous SecurityContext
14:41:14.296 [http-nio-8888-exec-3] DEBUG o.s.web.servlet.DispatcherServlet -- Completed 200 OK
14:41:14.296 [http-nio-8888-exec-5] DEBUG o.s.web.servlet.DispatcherServlet -- Completed 200 OK
14:42:13.384 [http-nio-8888-exec-6] INFO  Spring Security Debugger -- 

************************************************************

Request received for GET '/api/v1/task':

org.apache.catalina.connector.RequestFacade@1b77cac8

servletPath:/api/v1/task
pathInfo:null
headers: 
host: localhost:8888
connection: keep-alive
pragma: no-cache
cache-control: no-cache
sec-ch-ua-platform: "macOS"
user-agent: Mozilla/5.0 (Macintosh; Intel Mac OS X 10_15_7) AppleWebKit/537.36 (KHTML, like Gecko) Chrome/147.0.0.0 Safari/537.36
sec-ch-ua: "Google Chrome";v="147", "Not.A/Brand";v="8", "Chromium";v="147"
sec-ch-ua-mobile: ?0
accept: */*
origin: http://localhost:3000
sec-fetch-site: same-site
sec-fetch-mode: cors
sec-fetch-dest: empty
referer: http://localhost:3000/
accept-encoding: gzip, deflate, br, zstd
accept-language: ko-KR,ko;q=0.9,en-US;q=0.8,en;q=0.7


Security filter chain: [
  DisableEncodeUrlFilter
  WebAsyncManagerIntegrationFilter
  SecurityContextHolderFilter
  HeaderWriterFilter
  CorsFilter
  CsrfFilter
  LogoutFilter
  JwtAuthenticationFilter
  RequestCacheAwareFilter
  SecurityContextHolderAwareRequestFilter
  AnonymousAuthenticationFilter
  ExceptionTranslationFilter
  AuthorizationFilter
]


************************************************************


14:42:13.384 [http-nio-8888-exec-4] INFO  Spring Security Debugger -- 

************************************************************

Request received for GET '/api/v1/task':

org.apache.catalina.connector.RequestFacade@3658ed5e

servletPath:/api/v1/task
pathInfo:null
headers: 
host: localhost:8888
connection: keep-alive
pragma: no-cache
cache-control: no-cache
sec-ch-ua-platform: "macOS"
user-agent: Mozilla/5.0 (Macintosh; Intel Mac OS X 10_15_7) AppleWebKit/537.36 (KHTML, like Gecko) Chrome/147.0.0.0 Safari/537.36
sec-ch-ua: "Google Chrome";v="147", "Not.A/Brand";v="8", "Chromium";v="147"
sec-ch-ua-mobile: ?0
accept: */*
origin: http://localhost:3000
sec-fetch-site: same-site
sec-fetch-mode: cors
sec-fetch-dest: empty
referer: http://localhost:3000/
accept-encoding: gzip, deflate, br, zstd
accept-language: ko-KR,ko;q=0.9,en-US;q=0.8,en;q=0.7


Security filter chain: [
  DisableEncodeUrlFilter
  WebAsyncManagerIntegrationFilter
  SecurityContextHolderFilter
  HeaderWriterFilter
  CorsFilter
  CsrfFilter
  LogoutFilter
  JwtAuthenticationFilter
  RequestCacheAwareFilter
  SecurityContextHolderAwareRequestFilter
  AnonymousAuthenticationFilter
  ExceptionTranslationFilter
  AuthorizationFilter
]


************************************************************


14:42:13.408 [http-nio-8888-exec-4] DEBUG o.s.security.web.FilterChainProxy -- Securing GET /api/v1/task
14:42:13.408 [http-nio-8888-exec-6] DEBUG o.s.security.web.FilterChainProxy -- Securing GET /api/v1/task
14:42:13.418 [http-nio-8888-exec-4] DEBUG o.s.security.web.FilterChainProxy -- Secured GET /api/v1/task
14:42:13.418 [http-nio-8888-exec-6] DEBUG o.s.security.web.FilterChainProxy -- Secured GET /api/v1/task
14:42:13.421 [http-nio-8888-exec-4] DEBUG o.s.web.servlet.DispatcherServlet -- GET "/api/v1/task", parameters={}
14:42:13.422 [http-nio-8888-exec-6] DEBUG o.s.web.servlet.DispatcherServlet -- GET "/api/v1/task", parameters={}
14:42:13.423 [http-nio-8888-exec-6] DEBUG o.s.w.s.m.m.a.RequestMappingHandlerMapping -- Mapped to com.example.demo.todo.api.TodoApi#getTasks()
14:42:13.423 [http-nio-8888-exec-4] DEBUG o.s.w.s.m.m.a.RequestMappingHandlerMapping -- Mapped to com.example.demo.todo.api.TodoApi#getTasks()
14:42:13.434 [http-nio-8888-exec-6] DEBUG o.s.w.s.m.m.a.RequestResponseBodyMethodProcessor -- Using 'application/json', given [*/*] and supported [application/json, application/*+json]
14:42:13.435 [http-nio-8888-exec-6] DEBUG o.s.w.s.m.m.a.RequestResponseBodyMethodProcessor -- Writing [com.example.demo.util.AjaxResponse@43d686ae]
14:42:13.435 [http-nio-8888-exec-4] DEBUG o.s.w.s.m.m.a.RequestResponseBodyMethodProcessor -- Using 'application/json', given [*/*] and supported [application/json, application/*+json]
14:42:13.436 [http-nio-8888-exec-4] DEBUG o.s.w.s.m.m.a.RequestResponseBodyMethodProcessor -- Writing [com.example.demo.util.AjaxResponse@3a2a2d83]
14:42:13.440 [http-nio-8888-exec-4] DEBUG o.s.s.w.a.AnonymousAuthenticationFilter -- Set SecurityContextHolder to anonymous SecurityContext
14:42:13.443 [http-nio-8888-exec-6] DEBUG o.s.s.w.a.AnonymousAuthenticationFilter -- Set SecurityContextHolder to anonymous SecurityContext
14:42:13.443 [http-nio-8888-exec-4] DEBUG o.s.web.servlet.DispatcherServlet -- Completed 200 OK
14:42:13.444 [http-nio-8888-exec-6] DEBUG o.s.web.servlet.DispatcherServlet -- Completed 200 OK
14:46:15.544 [http-nio-8888-exec-8] INFO  Spring Security Debugger -- 

************************************************************

Request received for GET '/api/v1/task':

org.apache.catalina.connector.RequestFacade@54299375

servletPath:/api/v1/task
pathInfo:null
headers: 
host: localhost:8888
connection: keep-alive
sec-ch-ua-platform: "macOS"
user-agent: Mozilla/5.0 (Macintosh; Intel Mac OS X 10_15_7) AppleWebKit/537.36 (KHTML, like Gecko) Chrome/147.0.0.0 Safari/537.36
sec-ch-ua: "Google Chrome";v="147", "Not.A/Brand";v="8", "Chromium";v="147"
sec-ch-ua-mobile: ?0
accept: */*
origin: http://localhost:3000
sec-fetch-site: same-site
sec-fetch-mode: cors
sec-fetch-dest: empty
referer: http://localhost:3000/
accept-encoding: gzip, deflate, br, zstd
accept-language: ko-KR,ko;q=0.9,en-US;q=0.8,en;q=0.7


Security filter chain: [
  DisableEncodeUrlFilter
  WebAsyncManagerIntegrationFilter
  SecurityContextHolderFilter
  HeaderWriterFilter
  CorsFilter
  CsrfFilter
  LogoutFilter
  JwtAuthenticationFilter
  RequestCacheAwareFilter
  SecurityContextHolderAwareRequestFilter
  AnonymousAuthenticationFilter
  ExceptionTranslationFilter
  AuthorizationFilter
]


************************************************************


14:46:15.560 [http-nio-8888-exec-8] DEBUG o.s.security.web.FilterChainProxy -- Securing GET /api/v1/task
14:46:15.564 [http-nio-8888-exec-8] DEBUG o.s.security.web.FilterChainProxy -- Secured GET /api/v1/task
14:46:15.569 [http-nio-8888-exec-8] DEBUG o.s.web.servlet.DispatcherServlet -- GET "/api/v1/task", parameters={}
14:46:15.570 [http-nio-8888-exec-8] DEBUG o.s.w.s.m.m.a.RequestMappingHandlerMapping -- Mapped to com.example.demo.todo.api.TodoApi#getTasks()
14:46:15.577 [http-nio-8888-exec-8] DEBUG o.s.w.s.m.m.a.RequestResponseBodyMethodProcessor -- Using 'application/json', given [*/*] and supported [application/json, application/*+json]
14:46:15.579 [http-nio-8888-exec-8] DEBUG o.s.w.s.m.m.a.RequestResponseBodyMethodProcessor -- Writing [com.example.demo.util.AjaxResponse@ec4807]
14:46:15.591 [http-nio-8888-exec-8] DEBUG o.s.s.w.a.AnonymousAuthenticationFilter -- Set SecurityContextHolder to anonymous SecurityContext
14:46:15.592 [http-nio-8888-exec-8] DEBUG o.s.web.servlet.DispatcherServlet -- Completed 200 OK
14:46:15.597 [http-nio-8888-exec-10] INFO  Spring Security Debugger -- 

************************************************************

Request received for GET '/api/v1/task':

org.apache.catalina.connector.RequestFacade@77650487

servletPath:/api/v1/task
pathInfo:null
headers: 
host: localhost:8888
connection: keep-alive
sec-ch-ua-platform: "macOS"
user-agent: Mozilla/5.0 (Macintosh; Intel Mac OS X 10_15_7) AppleWebKit/537.36 (KHTML, like Gecko) Chrome/147.0.0.0 Safari/537.36
sec-ch-ua: "Google Chrome";v="147", "Not.A/Brand";v="8", "Chromium";v="147"
sec-ch-ua-mobile: ?0
accept: */*
origin: http://localhost:3000
sec-fetch-site: same-site
sec-fetch-mode: cors
sec-fetch-dest: empty
referer: http://localhost:3000/
accept-encoding: gzip, deflate, br, zstd
accept-language: ko-KR,ko;q=0.9,en-US;q=0.8,en;q=0.7


Security filter chain: [
  DisableEncodeUrlFilter
  WebAsyncManagerIntegrationFilter
  SecurityContextHolderFilter
  HeaderWriterFilter
  CorsFilter
  CsrfFilter
  LogoutFilter
  JwtAuthenticationFilter
  RequestCacheAwareFilter
  SecurityContextHolderAwareRequestFilter
  AnonymousAuthenticationFilter
  ExceptionTranslationFilter
  AuthorizationFilter
]


************************************************************


14:46:15.598 [http-nio-8888-exec-10] DEBUG o.s.security.web.FilterChainProxy -- Securing GET /api/v1/task
14:46:15.600 [http-nio-8888-exec-10] DEBUG o.s.security.web.FilterChainProxy -- Secured GET /api/v1/task
14:46:15.601 [http-nio-8888-exec-10] DEBUG o.s.web.servlet.DispatcherServlet -- GET "/api/v1/task", parameters={}
14:46:15.602 [http-nio-8888-exec-10] DEBUG o.s.w.s.m.m.a.RequestMappingHandlerMapping -- Mapped to com.example.demo.todo.api.TodoApi#getTasks()
14:46:15.609 [http-nio-8888-exec-10] DEBUG o.s.w.s.m.m.a.RequestResponseBodyMethodProcessor -- Using 'application/json', given [*/*] and supported [application/json, application/*+json]
14:46:15.611 [http-nio-8888-exec-10] DEBUG o.s.w.s.m.m.a.RequestResponseBodyMethodProcessor -- Writing [com.example.demo.util.AjaxResponse@6169c656]
14:46:15.612 [http-nio-8888-exec-10] DEBUG o.s.s.w.a.AnonymousAuthenticationFilter -- Set SecurityContextHolder to anonymous SecurityContext
14:46:15.613 [http-nio-8888-exec-10] DEBUG o.s.web.servlet.DispatcherServlet -- Completed 200 OK
14:56:00.572 [http-nio-8888-exec-5] INFO  Spring Security Debugger -- 

************************************************************

Request received for GET '/api/v1/task':

org.apache.catalina.connector.RequestFacade@3f5bf3fe

servletPath:/api/v1/task
pathInfo:null
headers: 
host: localhost:8888
connection: keep-alive
sec-ch-ua-platform: "macOS"
user-agent: Mozilla/5.0 (Macintosh; Intel Mac OS X 10_15_7) AppleWebKit/537.36 (KHTML, like Gecko) Chrome/147.0.0.0 Safari/537.36
sec-ch-ua: "Google Chrome";v="147", "Not.A/Brand";v="8", "Chromium";v="147"
sec-ch-ua-mobile: ?0
accept: */*
origin: http://localhost:3000
sec-fetch-site: same-site
sec-fetch-mode: cors
sec-fetch-dest: empty
referer: http://localhost:3000/
accept-encoding: gzip, deflate, br, zstd
accept-language: ko-KR,ko;q=0.9,en-US;q=0.8,en;q=0.7


Security filter chain: [
  DisableEncodeUrlFilter
  WebAsyncManagerIntegrationFilter
  SecurityContextHolderFilter
  HeaderWriterFilter
  CorsFilter
  CsrfFilter
  LogoutFilter
  JwtAuthenticationFilter
  RequestCacheAwareFilter
  SecurityContextHolderAwareRequestFilter
  AnonymousAuthenticationFilter
  ExceptionTranslationFilter
  AuthorizationFilter
]


************************************************************


14:56:00.597 [http-nio-8888-exec-5] DEBUG o.s.security.web.FilterChainProxy -- Securing GET /api/v1/task
14:56:00.601 [http-nio-8888-exec-5] DEBUG o.s.security.web.FilterChainProxy -- Secured GET /api/v1/task
14:56:00.602 [http-nio-8888-exec-5] DEBUG o.s.web.servlet.DispatcherServlet -- GET "/api/v1/task", parameters={}
14:56:00.604 [http-nio-8888-exec-5] DEBUG o.s.w.s.m.m.a.RequestMappingHandlerMapping -- Mapped to com.example.demo.todo.api.TodoApi#getTasks()
14:56:00.612 [http-nio-8888-exec-5] DEBUG o.s.w.s.m.m.a.RequestResponseBodyMethodProcessor -- Using 'application/json', given [*/*] and supported [application/json, application/*+json]
14:56:00.613 [http-nio-8888-exec-5] DEBUG o.s.w.s.m.m.a.RequestResponseBodyMethodProcessor -- Writing [com.example.demo.util.AjaxResponse@52eff5d3]
14:56:00.614 [http-nio-8888-exec-5] DEBUG o.s.s.w.a.AnonymousAuthenticationFilter -- Set SecurityContextHolder to anonymous SecurityContext
14:56:00.620 [http-nio-8888-exec-5] DEBUG o.s.web.servlet.DispatcherServlet -- Completed 200 OK
14:56:00.623 [http-nio-8888-exec-3] INFO  Spring Security Debugger -- 

************************************************************

Request received for GET '/api/v1/task':

org.apache.catalina.connector.RequestFacade@16de30dc

servletPath:/api/v1/task
pathInfo:null
headers: 
host: localhost:8888
connection: keep-alive
sec-ch-ua-platform: "macOS"
user-agent: Mozilla/5.0 (Macintosh; Intel Mac OS X 10_15_7) AppleWebKit/537.36 (KHTML, like Gecko) Chrome/147.0.0.0 Safari/537.36
sec-ch-ua: "Google Chrome";v="147", "Not.A/Brand";v="8", "Chromium";v="147"
sec-ch-ua-mobile: ?0
accept: */*
origin: http://localhost:3000
sec-fetch-site: same-site
sec-fetch-mode: cors
sec-fetch-dest: empty
referer: http://localhost:3000/
accept-encoding: gzip, deflate, br, zstd
accept-language: ko-KR,ko;q=0.9,en-US;q=0.8,en;q=0.7


Security filter chain: [
  DisableEncodeUrlFilter
  WebAsyncManagerIntegrationFilter
  SecurityContextHolderFilter
  HeaderWriterFilter
  CorsFilter
  CsrfFilter
  LogoutFilter
  JwtAuthenticationFilter
  RequestCacheAwareFilter
  SecurityContextHolderAwareRequestFilter
  AnonymousAuthenticationFilter
  ExceptionTranslationFilter
  AuthorizationFilter
]


************************************************************


14:56:00.676 [http-nio-8888-exec-3] DEBUG o.s.security.web.FilterChainProxy -- Securing GET /api/v1/task
14:56:00.677 [http-nio-8888-exec-3] DEBUG o.s.security.web.FilterChainProxy -- Secured GET /api/v1/task
14:56:00.678 [http-nio-8888-exec-3] DEBUG o.s.web.servlet.DispatcherServlet -- GET "/api/v1/task", parameters={}
14:56:00.678 [http-nio-8888-exec-3] DEBUG o.s.w.s.m.m.a.RequestMappingHandlerMapping -- Mapped to com.example.demo.todo.api.TodoApi#getTasks()
14:56:00.682 [http-nio-8888-exec-3] DEBUG o.s.w.s.m.m.a.RequestResponseBodyMethodProcessor -- Using 'application/json', given [*/*] and supported [application/json, application/*+json]
14:56:00.682 [http-nio-8888-exec-3] DEBUG o.s.w.s.m.m.a.RequestResponseBodyMethodProcessor -- Writing [com.example.demo.util.AjaxResponse@27ea4565]
14:56:00.683 [http-nio-8888-exec-3] DEBUG o.s.s.w.a.AnonymousAuthenticationFilter -- Set SecurityContextHolder to anonymous SecurityContext
14:56:00.683 [http-nio-8888-exec-3] DEBUG o.s.web.servlet.DispatcherServlet -- Completed 200 OK
14:56:14.524 [http-nio-8888-exec-6] INFO  Spring Security Debugger -- 

************************************************************

Request received for GET '/api/v1/task':

org.apache.catalina.connector.RequestFacade@24401a49

servletPath:/api/v1/task
pathInfo:null
headers: 
host: localhost:8888
connection: keep-alive
sec-ch-ua-platform: "macOS"
user-agent: Mozilla/5.0 (Macintosh; Intel Mac OS X 10_15_7) AppleWebKit/537.36 (KHTML, like Gecko) Chrome/147.0.0.0 Safari/537.36
sec-ch-ua: "Google Chrome";v="147", "Not.A/Brand";v="8", "Chromium";v="147"
sec-ch-ua-mobile: ?0
accept: */*
origin: http://localhost:3000
sec-fetch-site: same-site
sec-fetch-mode: cors
sec-fetch-dest: empty
referer: http://localhost:3000/
accept-encoding: gzip, deflate, br, zstd
accept-language: ko-KR,ko;q=0.9,en-US;q=0.8,en;q=0.7


Security filter chain: [
  DisableEncodeUrlFilter
  WebAsyncManagerIntegrationFilter
  SecurityContextHolderFilter
  HeaderWriterFilter
  CorsFilter
  CsrfFilter
  LogoutFilter
  JwtAuthenticationFilter
  RequestCacheAwareFilter
  SecurityContextHolderAwareRequestFilter
  AnonymousAuthenticationFilter
  ExceptionTranslationFilter
  AuthorizationFilter
]


************************************************************


14:56:14.528 [http-nio-8888-exec-6] DEBUG o.s.security.web.FilterChainProxy -- Securing GET /api/v1/task
14:56:14.531 [http-nio-8888-exec-6] DEBUG o.s.security.web.FilterChainProxy -- Secured GET /api/v1/task
14:56:14.532 [http-nio-8888-exec-6] DEBUG o.s.web.servlet.DispatcherServlet -- GET "/api/v1/task", parameters={}
14:56:14.534 [http-nio-8888-exec-6] DEBUG o.s.w.s.m.m.a.RequestMappingHandlerMapping -- Mapped to com.example.demo.todo.api.TodoApi#getTasks()
14:56:14.543 [http-nio-8888-exec-6] DEBUG o.s.w.s.m.m.a.RequestResponseBodyMethodProcessor -- Using 'application/json', given [*/*] and supported [application/json, application/*+json]
14:56:14.543 [http-nio-8888-exec-6] DEBUG o.s.w.s.m.m.a.RequestResponseBodyMethodProcessor -- Writing [com.example.demo.util.AjaxResponse@72e4c7a]
14:56:14.550 [http-nio-8888-exec-6] DEBUG o.s.s.w.a.AnonymousAuthenticationFilter -- Set SecurityContextHolder to anonymous SecurityContext
14:56:14.552 [http-nio-8888-exec-6] DEBUG o.s.web.servlet.DispatcherServlet -- Completed 200 OK
14:56:14.553 [http-nio-8888-exec-4] INFO  Spring Security Debugger -- 

************************************************************

Request received for GET '/api/v1/task':

org.apache.catalina.connector.RequestFacade@6a6c3f2b

servletPath:/api/v1/task
pathInfo:null
headers: 
host: localhost:8888
connection: keep-alive
sec-ch-ua-platform: "macOS"
user-agent: Mozilla/5.0 (Macintosh; Intel Mac OS X 10_15_7) AppleWebKit/537.36 (KHTML, like Gecko) Chrome/147.0.0.0 Safari/537.36
sec-ch-ua: "Google Chrome";v="147", "Not.A/Brand";v="8", "Chromium";v="147"
sec-ch-ua-mobile: ?0
accept: */*
origin: http://localhost:3000
sec-fetch-site: same-site
sec-fetch-mode: cors
sec-fetch-dest: empty
referer: http://localhost:3000/
accept-encoding: gzip, deflate, br, zstd
accept-language: ko-KR,ko;q=0.9,en-US;q=0.8,en;q=0.7


Security filter chain: [
  DisableEncodeUrlFilter
  WebAsyncManagerIntegrationFilter
  SecurityContextHolderFilter
  HeaderWriterFilter
  CorsFilter
  CsrfFilter
  LogoutFilter
  JwtAuthenticationFilter
  RequestCacheAwareFilter
  SecurityContextHolderAwareRequestFilter
  AnonymousAuthenticationFilter
  ExceptionTranslationFilter
  AuthorizationFilter
]


************************************************************


14:56:14.556 [http-nio-8888-exec-4] DEBUG o.s.security.web.FilterChainProxy -- Securing GET /api/v1/task
14:56:14.559 [http-nio-8888-exec-4] DEBUG o.s.security.web.FilterChainProxy -- Secured GET /api/v1/task
14:56:14.560 [http-nio-8888-exec-4] DEBUG o.s.web.servlet.DispatcherServlet -- GET "/api/v1/task", parameters={}
14:56:14.560 [http-nio-8888-exec-4] DEBUG o.s.w.s.m.m.a.RequestMappingHandlerMapping -- Mapped to com.example.demo.todo.api.TodoApi#getTasks()
14:56:14.564 [http-nio-8888-exec-4] DEBUG o.s.w.s.m.m.a.RequestResponseBodyMethodProcessor -- Using 'application/json', given [*/*] and supported [application/json, application/*+json]
14:56:14.564 [http-nio-8888-exec-4] DEBUG o.s.w.s.m.m.a.RequestResponseBodyMethodProcessor -- Writing [com.example.demo.util.AjaxResponse@6e442914]
14:56:14.565 [http-nio-8888-exec-4] DEBUG o.s.s.w.a.AnonymousAuthenticationFilter -- Set SecurityContextHolder to anonymous SecurityContext
14:56:14.566 [http-nio-8888-exec-4] DEBUG o.s.web.servlet.DispatcherServlet -- Completed 200 OK
15:02:14.019 [http-nio-8888-exec-8] INFO  Spring Security Debugger -- 

************************************************************

Request received for GET '/api/v1/task':

org.apache.catalina.connector.RequestFacade@6d59d00a

servletPath:/api/v1/task
pathInfo:null
headers: 
host: localhost:8888
connection: keep-alive
pragma: no-cache
cache-control: no-cache
sec-ch-ua-platform: "macOS"
user-agent: Mozilla/5.0 (Macintosh; Intel Mac OS X 10_15_7) AppleWebKit/537.36 (KHTML, like Gecko) Chrome/147.0.0.0 Safari/537.36
sec-ch-ua: "Google Chrome";v="147", "Not.A/Brand";v="8", "Chromium";v="147"
sec-ch-ua-mobile: ?0
accept: */*
origin: http://localhost:3000
sec-fetch-site: same-site
sec-fetch-mode: cors
sec-fetch-dest: empty
referer: http://localhost:3000/
accept-encoding: gzip, deflate, br, zstd
accept-language: ko-KR,ko;q=0.9,en-US;q=0.8,en;q=0.7


Security filter chain: [
  DisableEncodeUrlFilter
  WebAsyncManagerIntegrationFilter
  SecurityContextHolderFilter
  HeaderWriterFilter
  CorsFilter
  CsrfFilter
  LogoutFilter
  JwtAuthenticationFilter
  RequestCacheAwareFilter
  SecurityContextHolderAwareRequestFilter
  AnonymousAuthenticationFilter
  ExceptionTranslationFilter
  AuthorizationFilter
]


************************************************************


15:02:14.019 [http-nio-8888-exec-10] INFO  Spring Security Debugger -- 

************************************************************

Request received for GET '/api/v1/task':

org.apache.catalina.connector.RequestFacade@71f2afee

servletPath:/api/v1/task
pathInfo:null
headers: 
host: localhost:8888
connection: keep-alive
pragma: no-cache
cache-control: no-cache
sec-ch-ua-platform: "macOS"
user-agent: Mozilla/5.0 (Macintosh; Intel Mac OS X 10_15_7) AppleWebKit/537.36 (KHTML, like Gecko) Chrome/147.0.0.0 Safari/537.36
sec-ch-ua: "Google Chrome";v="147", "Not.A/Brand";v="8", "Chromium";v="147"
sec-ch-ua-mobile: ?0
accept: */*
origin: http://localhost:3000
sec-fetch-site: same-site
sec-fetch-mode: cors
sec-fetch-dest: empty
referer: http://localhost:3000/
accept-encoding: gzip, deflate, br, zstd
accept-language: ko-KR,ko;q=0.9,en-US;q=0.8,en;q=0.7


Security filter chain: [
  DisableEncodeUrlFilter
  WebAsyncManagerIntegrationFilter
  SecurityContextHolderFilter
  HeaderWriterFilter
  CorsFilter
  CsrfFilter
  LogoutFilter
  JwtAuthenticationFilter
  RequestCacheAwareFilter
  SecurityContextHolderAwareRequestFilter
  AnonymousAuthenticationFilter
  ExceptionTranslationFilter
  AuthorizationFilter
]


************************************************************


15:02:14.031 [http-nio-8888-exec-8] DEBUG o.s.security.web.FilterChainProxy -- Securing GET /api/v1/task
15:02:14.031 [http-nio-8888-exec-10] DEBUG o.s.security.web.FilterChainProxy -- Securing GET /api/v1/task
15:02:14.033 [http-nio-8888-exec-10] DEBUG o.s.security.web.FilterChainProxy -- Secured GET /api/v1/task
15:02:14.035 [http-nio-8888-exec-10] DEBUG o.s.web.servlet.DispatcherServlet -- GET "/api/v1/task", parameters={}
15:02:14.033 [http-nio-8888-exec-8] DEBUG o.s.security.web.FilterChainProxy -- Secured GET /api/v1/task
15:02:14.036 [http-nio-8888-exec-8] DEBUG o.s.web.servlet.DispatcherServlet -- GET "/api/v1/task", parameters={}
15:02:14.036 [http-nio-8888-exec-10] DEBUG o.s.w.s.m.m.a.RequestMappingHandlerMapping -- Mapped to com.example.demo.todo.api.TodoApi#getTasks()
15:02:14.036 [http-nio-8888-exec-8] DEBUG o.s.w.s.m.m.a.RequestMappingHandlerMapping -- Mapped to com.example.demo.todo.api.TodoApi#getTasks()
15:02:14.048 [http-nio-8888-exec-10] DEBUG o.s.w.s.m.m.a.RequestResponseBodyMethodProcessor -- Using 'application/json', given [*/*] and supported [application/json, application/*+json]
15:02:14.051 [http-nio-8888-exec-10] DEBUG o.s.w.s.m.m.a.RequestResponseBodyMethodProcessor -- Writing [com.example.demo.util.AjaxResponse@3dfe549a]
15:02:14.056 [http-nio-8888-exec-10] DEBUG o.s.s.w.a.AnonymousAuthenticationFilter -- Set SecurityContextHolder to anonymous SecurityContext
15:02:14.058 [http-nio-8888-exec-8] DEBUG o.s.w.s.m.m.a.RequestResponseBodyMethodProcessor -- Using 'application/json', given [*/*] and supported [application/json, application/*+json]
15:02:14.058 [http-nio-8888-exec-10] DEBUG o.s.web.servlet.DispatcherServlet -- Completed 200 OK
15:02:14.060 [http-nio-8888-exec-8] DEBUG o.s.w.s.m.m.a.RequestResponseBodyMethodProcessor -- Writing [com.example.demo.util.AjaxResponse@55fa00d]
15:02:14.064 [http-nio-8888-exec-8] DEBUG o.s.s.w.a.AnonymousAuthenticationFilter -- Set SecurityContextHolder to anonymous SecurityContext
15:02:14.065 [http-nio-8888-exec-8] DEBUG o.s.web.servlet.DispatcherServlet -- Completed 200 OK
15:02:24.449 [http-nio-8888-exec-2] INFO  Spring Security Debugger -- 

************************************************************

Request received for OPTIONS '/api/v1/task/task_0':

org.apache.catalina.connector.RequestFacade@3a4da94d

servletPath:/api/v1/task/task_0
pathInfo:null
headers: 
host: localhost:8888
connection: keep-alive
accept: */*
access-control-request-method: PUT
origin: http://localhost:3000
user-agent: Mozilla/5.0 (Macintosh; Intel Mac OS X 10_15_7) AppleWebKit/537.36 (KHTML, like Gecko) Chrome/147.0.0.0 Safari/537.36
sec-fetch-mode: cors
sec-fetch-site: same-site
sec-fetch-dest: empty
referer: http://localhost:3000/
accept-encoding: gzip, deflate, br, zstd
accept-language: ko-KR,ko;q=0.9,en-US;q=0.8,en;q=0.7


Security filter chain: [
  DisableEncodeUrlFilter
  WebAsyncManagerIntegrationFilter
  SecurityContextHolderFilter
  HeaderWriterFilter
  CorsFilter
  CsrfFilter
  LogoutFilter
  JwtAuthenticationFilter
  RequestCacheAwareFilter
  SecurityContextHolderAwareRequestFilter
  AnonymousAuthenticationFilter
  ExceptionTranslationFilter
  AuthorizationFilter
]


************************************************************


15:02:24.455 [http-nio-8888-exec-2] DEBUG o.s.security.web.FilterChainProxy -- Securing OPTIONS /api/v1/task/task_0
15:02:24.467 [http-nio-8888-exec-1] INFO  Spring Security Debugger -- 

************************************************************

Request received for PUT '/api/v1/task/task_0':

org.apache.catalina.connector.RequestFacade@715ada79

servletPath:/api/v1/task/task_0
pathInfo:null
headers: 
host: localhost:8888
connection: keep-alive
content-length: 0
sec-ch-ua-platform: "macOS"
user-agent: Mozilla/5.0 (Macintosh; Intel Mac OS X 10_15_7) AppleWebKit/537.36 (KHTML, like Gecko) Chrome/147.0.0.0 Safari/537.36
sec-ch-ua: "Google Chrome";v="147", "Not.A/Brand";v="8", "Chromium";v="147"
sec-ch-ua-mobile: ?0
accept: */*
origin: http://localhost:3000
sec-fetch-site: same-site
sec-fetch-mode: cors
sec-fetch-dest: empty
referer: http://localhost:3000/
accept-encoding: gzip, deflate, br, zstd
accept-language: ko-KR,ko;q=0.9,en-US;q=0.8,en;q=0.7


Security filter chain: [
  DisableEncodeUrlFilter
  WebAsyncManagerIntegrationFilter
  SecurityContextHolderFilter
  HeaderWriterFilter
  CorsFilter
  CsrfFilter
  LogoutFilter
  JwtAuthenticationFilter
  RequestCacheAwareFilter
  SecurityContextHolderAwareRequestFilter
  AnonymousAuthenticationFilter
  ExceptionTranslationFilter
  AuthorizationFilter
]


************************************************************


15:02:24.468 [http-nio-8888-exec-1] DEBUG o.s.security.web.FilterChainProxy -- Securing PUT /api/v1/task/task_0
15:02:24.472 [http-nio-8888-exec-1] DEBUG o.s.security.web.FilterChainProxy -- Secured PUT /api/v1/task/task_0
15:02:24.473 [http-nio-8888-exec-1] DEBUG o.s.web.servlet.DispatcherServlet -- PUT "/api/v1/task/task_0", parameters={}
15:02:24.473 [http-nio-8888-exec-1] DEBUG o.s.w.s.m.m.a.RequestMappingHandlerMapping -- Mapped to com.example.demo.todo.api.TodoApi#done(String)
15:02:24.549 [http-nio-8888-exec-1] DEBUG o.s.w.s.m.m.a.RequestResponseBodyMethodProcessor -- Using 'application/json', given [*/*] and supported [application/json, application/*+json]
15:02:24.550 [http-nio-8888-exec-1] DEBUG o.s.w.s.m.m.a.RequestResponseBodyMethodProcessor -- Writing [com.example.demo.util.AjaxResponse@60153523]
15:02:24.550 [http-nio-8888-exec-1] DEBUG o.s.s.w.a.AnonymousAuthenticationFilter -- Set SecurityContextHolder to anonymous SecurityContext
15:02:24.550 [http-nio-8888-exec-1] DEBUG o.s.web.servlet.DispatcherServlet -- Completed 200 OK
15:02:28.112 [http-nio-8888-exec-5] INFO  Spring Security Debugger -- 

************************************************************

Request received for OPTIONS '/api/v1/task':

org.apache.catalina.connector.RequestFacade@1e47b349

servletPath:/api/v1/task
pathInfo:null
headers: 
host: localhost:8888
connection: keep-alive
accept: */*
access-control-request-method: PUT
origin: http://localhost:3000
user-agent: Mozilla/5.0 (Macintosh; Intel Mac OS X 10_15_7) AppleWebKit/537.36 (KHTML, like Gecko) Chrome/147.0.0.0 Safari/537.36
sec-fetch-mode: cors
sec-fetch-site: same-site
sec-fetch-dest: empty
referer: http://localhost:3000/
accept-encoding: gzip, deflate, br, zstd
accept-language: ko-KR,ko;q=0.9,en-US;q=0.8,en;q=0.7


Security filter chain: [
  DisableEncodeUrlFilter
  WebAsyncManagerIntegrationFilter
  SecurityContextHolderFilter
  HeaderWriterFilter
  CorsFilter
  CsrfFilter
  LogoutFilter
  JwtAuthenticationFilter
  RequestCacheAwareFilter
  SecurityContextHolderAwareRequestFilter
  AnonymousAuthenticationFilter
  ExceptionTranslationFilter
  AuthorizationFilter
]


************************************************************


15:02:28.114 [http-nio-8888-exec-5] DEBUG o.s.security.web.FilterChainProxy -- Securing OPTIONS /api/v1/task
15:02:28.118 [http-nio-8888-exec-3] INFO  Spring Security Debugger -- 

************************************************************

Request received for PUT '/api/v1/task':

org.apache.catalina.connector.RequestFacade@59f36c49

servletPath:/api/v1/task
pathInfo:null
headers: 
host: localhost:8888
connection: keep-alive
content-length: 0
sec-ch-ua-platform: "macOS"
user-agent: Mozilla/5.0 (Macintosh; Intel Mac OS X 10_15_7) AppleWebKit/537.36 (KHTML, like Gecko) Chrome/147.0.0.0 Safari/537.36
sec-ch-ua: "Google Chrome";v="147", "Not.A/Brand";v="8", "Chromium";v="147"
sec-ch-ua-mobile: ?0
accept: */*
origin: http://localhost:3000
sec-fetch-site: same-site
sec-fetch-mode: cors
sec-fetch-dest: empty
referer: http://localhost:3000/
accept-encoding: gzip, deflate, br, zstd
accept-language: ko-KR,ko;q=0.9,en-US;q=0.8,en;q=0.7


Security filter chain: [
  DisableEncodeUrlFilter
  WebAsyncManagerIntegrationFilter
  SecurityContextHolderFilter
  HeaderWriterFilter
  CorsFilter
  CsrfFilter
  LogoutFilter
  JwtAuthenticationFilter
  RequestCacheAwareFilter
  SecurityContextHolderAwareRequestFilter
  AnonymousAuthenticationFilter
  ExceptionTranslationFilter
  AuthorizationFilter
]


************************************************************


15:02:28.118 [http-nio-8888-exec-3] DEBUG o.s.security.web.FilterChainProxy -- Securing PUT /api/v1/task
15:02:28.120 [http-nio-8888-exec-3] DEBUG o.s.security.web.FilterChainProxy -- Secured PUT /api/v1/task
15:02:28.120 [http-nio-8888-exec-3] DEBUG o.s.web.servlet.DispatcherServlet -- PUT "/api/v1/task", parameters={}
15:02:28.121 [http-nio-8888-exec-3] DEBUG o.s.w.s.m.m.a.RequestMappingHandlerMapping -- Mapped to com.example.demo.todo.api.TodoApi#allDone()
15:02:28.133 [http-nio-8888-exec-3] DEBUG o.s.w.s.m.m.a.RequestResponseBodyMethodProcessor -- Using 'application/json', given [*/*] and supported [application/json, application/*+json]
15:02:28.134 [http-nio-8888-exec-3] DEBUG o.s.w.s.m.m.a.RequestResponseBodyMethodProcessor -- Writing [com.example.demo.util.AjaxResponse@4f150a8f]
15:02:28.137 [http-nio-8888-exec-3] DEBUG o.s.s.w.a.AnonymousAuthenticationFilter -- Set SecurityContextHolder to anonymous SecurityContext
15:02:28.138 [http-nio-8888-exec-3] DEBUG o.s.web.servlet.DispatcherServlet -- Completed 200 OK
15:02:28.155 [http-nio-8888-exec-6] INFO  Spring Security Debugger -- 

************************************************************

Request received for GET '/api/v1/task':

org.apache.catalina.connector.RequestFacade@22aae7dd

servletPath:/api/v1/task
pathInfo:null
headers: 
host: localhost:8888
connection: keep-alive
sec-ch-ua-platform: "macOS"
user-agent: Mozilla/5.0 (Macintosh; Intel Mac OS X 10_15_7) AppleWebKit/537.36 (KHTML, like Gecko) Chrome/147.0.0.0 Safari/537.36
sec-ch-ua: "Google Chrome";v="147", "Not.A/Brand";v="8", "Chromium";v="147"
sec-ch-ua-mobile: ?0
accept: */*
origin: http://localhost:3000
sec-fetch-site: same-site
sec-fetch-mode: cors
sec-fetch-dest: empty
referer: http://localhost:3000/
accept-encoding: gzip, deflate, br, zstd
accept-language: ko-KR,ko;q=0.9,en-US;q=0.8,en;q=0.7


Security filter chain: [
  DisableEncodeUrlFilter
  WebAsyncManagerIntegrationFilter
  SecurityContextHolderFilter
  HeaderWriterFilter
  CorsFilter
  CsrfFilter
  LogoutFilter
  JwtAuthenticationFilter
  RequestCacheAwareFilter
  SecurityContextHolderAwareRequestFilter
  AnonymousAuthenticationFilter
  ExceptionTranslationFilter
  AuthorizationFilter
]


************************************************************


15:02:28.155 [http-nio-8888-exec-6] DEBUG o.s.security.web.FilterChainProxy -- Securing GET /api/v1/task
15:02:28.157 [http-nio-8888-exec-6] DEBUG o.s.security.web.FilterChainProxy -- Secured GET /api/v1/task
15:02:28.157 [http-nio-8888-exec-6] DEBUG o.s.web.servlet.DispatcherServlet -- GET "/api/v1/task", parameters={}
15:02:28.158 [http-nio-8888-exec-6] DEBUG o.s.w.s.m.m.a.RequestMappingHandlerMapping -- Mapped to com.example.demo.todo.api.TodoApi#getTasks()
15:02:28.161 [http-nio-8888-exec-6] DEBUG o.s.w.s.m.m.a.RequestResponseBodyMethodProcessor -- Using 'application/json', given [*/*] and supported [application/json, application/*+json]
15:02:28.161 [http-nio-8888-exec-6] DEBUG o.s.w.s.m.m.a.RequestResponseBodyMethodProcessor -- Writing [com.example.demo.util.AjaxResponse@55bee6d0]
15:02:28.169 [http-nio-8888-exec-6] DEBUG o.s.s.w.a.AnonymousAuthenticationFilter -- Set SecurityContextHolder to anonymous SecurityContext
15:02:28.170 [http-nio-8888-exec-6] DEBUG o.s.web.servlet.DispatcherServlet -- Completed 200 OK
15:02:31.590 [http-nio-8888-exec-4] INFO  Spring Security Debugger -- 

************************************************************

Request received for PUT '/api/v1/task':

org.apache.catalina.connector.RequestFacade@1f871b9f

servletPath:/api/v1/task
pathInfo:null
headers: 
host: localhost:8888
connection: keep-alive
content-length: 0
sec-ch-ua-platform: "macOS"
user-agent: Mozilla/5.0 (Macintosh; Intel Mac OS X 10_15_7) AppleWebKit/537.36 (KHTML, like Gecko) Chrome/147.0.0.0 Safari/537.36
sec-ch-ua: "Google Chrome";v="147", "Not.A/Brand";v="8", "Chromium";v="147"
sec-ch-ua-mobile: ?0
accept: */*
origin: http://localhost:3000
sec-fetch-site: same-site
sec-fetch-mode: cors
sec-fetch-dest: empty
referer: http://localhost:3000/
accept-encoding: gzip, deflate, br, zstd
accept-language: ko-KR,ko;q=0.9,en-US;q=0.8,en;q=0.7


Security filter chain: [
  DisableEncodeUrlFilter
  WebAsyncManagerIntegrationFilter
  SecurityContextHolderFilter
  HeaderWriterFilter
  CorsFilter
  CsrfFilter
  LogoutFilter
  JwtAuthenticationFilter
  RequestCacheAwareFilter
  SecurityContextHolderAwareRequestFilter
  AnonymousAuthenticationFilter
  ExceptionTranslationFilter
  AuthorizationFilter
]


************************************************************


15:02:31.594 [http-nio-8888-exec-4] DEBUG o.s.security.web.FilterChainProxy -- Securing PUT /api/v1/task
15:02:31.598 [http-nio-8888-exec-4] DEBUG o.s.security.web.FilterChainProxy -- Secured PUT /api/v1/task
15:02:31.599 [http-nio-8888-exec-4] DEBUG o.s.web.servlet.DispatcherServlet -- PUT "/api/v1/task", parameters={}
15:02:31.601 [http-nio-8888-exec-4] DEBUG o.s.w.s.m.m.a.RequestMappingHandlerMapping -- Mapped to com.example.demo.todo.api.TodoApi#allDone()
15:02:31.617 [http-nio-8888-exec-4] DEBUG o.s.w.s.m.m.a.RequestResponseBodyMethodProcessor -- Using 'application/json', given [*/*] and supported [application/json, application/*+json]
15:02:31.619 [http-nio-8888-exec-4] DEBUG o.s.w.s.m.m.a.RequestResponseBodyMethodProcessor -- Writing [com.example.demo.util.AjaxResponse@74aa6bd9]
15:02:31.621 [http-nio-8888-exec-4] DEBUG o.s.s.w.a.AnonymousAuthenticationFilter -- Set SecurityContextHolder to anonymous SecurityContext
15:02:31.622 [http-nio-8888-exec-4] DEBUG o.s.web.servlet.DispatcherServlet -- Completed 200 OK
15:02:31.625 [http-nio-8888-exec-9] INFO  Spring Security Debugger -- 

************************************************************

Request received for GET '/api/v1/task':

org.apache.catalina.connector.RequestFacade@5c1af828

servletPath:/api/v1/task
pathInfo:null
headers: 
host: localhost:8888
connection: keep-alive
sec-ch-ua-platform: "macOS"
user-agent: Mozilla/5.0 (Macintosh; Intel Mac OS X 10_15_7) AppleWebKit/537.36 (KHTML, like Gecko) Chrome/147.0.0.0 Safari/537.36
sec-ch-ua: "Google Chrome";v="147", "Not.A/Brand";v="8", "Chromium";v="147"
sec-ch-ua-mobile: ?0
accept: */*
origin: http://localhost:3000
sec-fetch-site: same-site
sec-fetch-mode: cors
sec-fetch-dest: empty
referer: http://localhost:3000/
accept-encoding: gzip, deflate, br, zstd
accept-language: ko-KR,ko;q=0.9,en-US;q=0.8,en;q=0.7


Security filter chain: [
  DisableEncodeUrlFilter
  WebAsyncManagerIntegrationFilter
  SecurityContextHolderFilter
  HeaderWriterFilter
  CorsFilter
  CsrfFilter
  LogoutFilter
  JwtAuthenticationFilter
  RequestCacheAwareFilter
  SecurityContextHolderAwareRequestFilter
  AnonymousAuthenticationFilter
  ExceptionTranslationFilter
  AuthorizationFilter
]


************************************************************


15:02:31.626 [http-nio-8888-exec-9] DEBUG o.s.security.web.FilterChainProxy -- Securing GET /api/v1/task
15:02:31.627 [http-nio-8888-exec-9] DEBUG o.s.security.web.FilterChainProxy -- Secured GET /api/v1/task
15:02:31.627 [http-nio-8888-exec-9] DEBUG o.s.web.servlet.DispatcherServlet -- GET "/api/v1/task", parameters={}
15:02:31.627 [http-nio-8888-exec-9] DEBUG o.s.w.s.m.m.a.RequestMappingHandlerMapping -- Mapped to com.example.demo.todo.api.TodoApi#getTasks()
15:02:31.629 [http-nio-8888-exec-9] DEBUG o.s.w.s.m.m.a.RequestResponseBodyMethodProcessor -- Using 'application/json', given [*/*] and supported [application/json, application/*+json]
15:02:31.630 [http-nio-8888-exec-9] DEBUG o.s.w.s.m.m.a.RequestResponseBodyMethodProcessor -- Writing [com.example.demo.util.AjaxResponse@4956df9]
15:02:31.631 [http-nio-8888-exec-9] DEBUG o.s.s.w.a.AnonymousAuthenticationFilter -- Set SecurityContextHolder to anonymous SecurityContext
15:02:31.632 [http-nio-8888-exec-9] DEBUG o.s.web.servlet.DispatcherServlet -- Completed 200 OK
15:02:36.982 [http-nio-8888-exec-7] INFO  Spring Security Debugger -- 

************************************************************

Request received for GET '/api/v1/task':

org.apache.catalina.connector.RequestFacade@7bd969d2

servletPath:/api/v1/task
pathInfo:null
headers: 
host: localhost:8888
connection: keep-alive
sec-ch-ua-platform: "macOS"
user-agent: Mozilla/5.0 (Macintosh; Intel Mac OS X 10_15_7) AppleWebKit/537.36 (KHTML, like Gecko) Chrome/147.0.0.0 Safari/537.36
sec-ch-ua: "Google Chrome";v="147", "Not.A/Brand";v="8", "Chromium";v="147"
sec-ch-ua-mobile: ?0
accept: */*
origin: http://localhost:3000
sec-fetch-site: same-site
sec-fetch-mode: cors
sec-fetch-dest: empty
referer: http://localhost:3000/
accept-encoding: gzip, deflate, br, zstd
accept-language: ko-KR,ko;q=0.9,en-US;q=0.8,en;q=0.7


Security filter chain: [
  DisableEncodeUrlFilter
  WebAsyncManagerIntegrationFilter
  SecurityContextHolderFilter
  HeaderWriterFilter
  CorsFilter
  CsrfFilter
  LogoutFilter
  JwtAuthenticationFilter
  RequestCacheAwareFilter
  SecurityContextHolderAwareRequestFilter
  AnonymousAuthenticationFilter
  ExceptionTranslationFilter
  AuthorizationFilter
]


************************************************************


15:02:36.987 [http-nio-8888-exec-7] DEBUG o.s.security.web.FilterChainProxy -- Securing GET /api/v1/task
15:02:36.992 [http-nio-8888-exec-7] DEBUG o.s.security.web.FilterChainProxy -- Secured GET /api/v1/task
15:02:36.992 [http-nio-8888-exec-7] DEBUG o.s.web.servlet.DispatcherServlet -- GET "/api/v1/task", parameters={}
15:02:36.993 [http-nio-8888-exec-7] DEBUG o.s.w.s.m.m.a.RequestMappingHandlerMapping -- Mapped to com.example.demo.todo.api.TodoApi#getTasks()
15:02:37.004 [http-nio-8888-exec-7] DEBUG o.s.w.s.m.m.a.RequestResponseBodyMethodProcessor -- Using 'application/json', given [*/*] and supported [application/json, application/*+json]
15:02:37.006 [http-nio-8888-exec-7] DEBUG o.s.w.s.m.m.a.RequestResponseBodyMethodProcessor -- Writing [com.example.demo.util.AjaxResponse@3f506f15]
15:02:37.009 [http-nio-8888-exec-7] DEBUG o.s.s.w.a.AnonymousAuthenticationFilter -- Set SecurityContextHolder to anonymous SecurityContext
15:02:37.010 [http-nio-8888-exec-7] DEBUG o.s.web.servlet.DispatcherServlet -- Completed 200 OK
15:02:37.011 [http-nio-8888-exec-10] INFO  Spring Security Debugger -- 

************************************************************

Request received for GET '/api/v1/task':

org.apache.catalina.connector.RequestFacade@62e03e9e

servletPath:/api/v1/task
pathInfo:null
headers: 
host: localhost:8888
connection: keep-alive
sec-ch-ua-platform: "macOS"
user-agent: Mozilla/5.0 (Macintosh; Intel Mac OS X 10_15_7) AppleWebKit/537.36 (KHTML, like Gecko) Chrome/147.0.0.0 Safari/537.36
sec-ch-ua: "Google Chrome";v="147", "Not.A/Brand";v="8", "Chromium";v="147"
sec-ch-ua-mobile: ?0
accept: */*
origin: http://localhost:3000
sec-fetch-site: same-site
sec-fetch-mode: cors
sec-fetch-dest: empty
referer: http://localhost:3000/
accept-encoding: gzip, deflate, br, zstd
accept-language: ko-KR,ko;q=0.9,en-US;q=0.8,en;q=0.7


Security filter chain: [
  DisableEncodeUrlFilter
  WebAsyncManagerIntegrationFilter
  SecurityContextHolderFilter
  HeaderWriterFilter
  CorsFilter
  CsrfFilter
  LogoutFilter
  JwtAuthenticationFilter
  RequestCacheAwareFilter
  SecurityContextHolderAwareRequestFilter
  AnonymousAuthenticationFilter
  ExceptionTranslationFilter
  AuthorizationFilter
]


************************************************************


15:02:37.012 [http-nio-8888-exec-10] DEBUG o.s.security.web.FilterChainProxy -- Securing GET /api/v1/task
15:02:37.014 [http-nio-8888-exec-10] DEBUG o.s.security.web.FilterChainProxy -- Secured GET /api/v1/task
15:02:37.015 [http-nio-8888-exec-10] DEBUG o.s.web.servlet.DispatcherServlet -- GET "/api/v1/task", parameters={}
15:02:37.015 [http-nio-8888-exec-10] DEBUG o.s.w.s.m.m.a.RequestMappingHandlerMapping -- Mapped to com.example.demo.todo.api.TodoApi#getTasks()
15:02:37.017 [http-nio-8888-exec-10] DEBUG o.s.w.s.m.m.a.RequestResponseBodyMethodProcessor -- Using 'application/json', given [*/*] and supported [application/json, application/*+json]
15:02:37.018 [http-nio-8888-exec-10] DEBUG o.s.w.s.m.m.a.RequestResponseBodyMethodProcessor -- Writing [com.example.demo.util.AjaxResponse@4d940fe2]
15:02:37.019 [http-nio-8888-exec-10] DEBUG o.s.s.w.a.AnonymousAuthenticationFilter -- Set SecurityContextHolder to anonymous SecurityContext
15:02:37.020 [http-nio-8888-exec-10] DEBUG o.s.web.servlet.DispatcherServlet -- Completed 200 OK
15:14:34.083 [http-nio-8888-exec-5] INFO  Spring Security Debugger -- 

************************************************************

Request received for GET '/api/v1/task':

org.apache.catalina.connector.RequestFacade@7155e79e

servletPath:/api/v1/task
pathInfo:null
headers: 
host: localhost:8888
connection: keep-alive
pragma: no-cache
cache-control: no-cache
sec-ch-ua-platform: "macOS"
user-agent: Mozilla/5.0 (Macintosh; Intel Mac OS X 10_15_7) AppleWebKit/537.36 (KHTML, like Gecko) Chrome/147.0.0.0 Safari/537.36
sec-ch-ua: "Google Chrome";v="147", "Not.A/Brand";v="8", "Chromium";v="147"
sec-ch-ua-mobile: ?0
accept: */*
origin: http://localhost:3000
sec-fetch-site: same-site
sec-fetch-mode: cors
sec-fetch-dest: empty
referer: http://localhost:3000/
accept-encoding: gzip, deflate, br, zstd
accept-language: ko-KR,ko;q=0.9,en-US;q=0.8,en;q=0.7


Security filter chain: [
  DisableEncodeUrlFilter
  WebAsyncManagerIntegrationFilter
  SecurityContextHolderFilter
  HeaderWriterFilter
  CorsFilter
  CsrfFilter
  LogoutFilter
  JwtAuthenticationFilter
  RequestCacheAwareFilter
  SecurityContextHolderAwareRequestFilter
  AnonymousAuthenticationFilter
  ExceptionTranslationFilter
  AuthorizationFilter
]


************************************************************


15:14:34.083 [http-nio-8888-exec-1] INFO  Spring Security Debugger -- 

************************************************************

Request received for GET '/api/v1/task':

org.apache.catalina.connector.RequestFacade@33b10c9c

servletPath:/api/v1/task
pathInfo:null
headers: 
host: localhost:8888
connection: keep-alive
pragma: no-cache
cache-control: no-cache
sec-ch-ua-platform: "macOS"
user-agent: Mozilla/5.0 (Macintosh; Intel Mac OS X 10_15_7) AppleWebKit/537.36 (KHTML, like Gecko) Chrome/147.0.0.0 Safari/537.36
sec-ch-ua: "Google Chrome";v="147", "Not.A/Brand";v="8", "Chromium";v="147"
sec-ch-ua-mobile: ?0
accept: */*
origin: http://localhost:3000
sec-fetch-site: same-site
sec-fetch-mode: cors
sec-fetch-dest: empty
referer: http://localhost:3000/
accept-encoding: gzip, deflate, br, zstd
accept-language: ko-KR,ko;q=0.9,en-US;q=0.8,en;q=0.7


Security filter chain: [
  DisableEncodeUrlFilter
  WebAsyncManagerIntegrationFilter
  SecurityContextHolderFilter
  HeaderWriterFilter
  CorsFilter
  CsrfFilter
  LogoutFilter
  JwtAuthenticationFilter
  RequestCacheAwareFilter
  SecurityContextHolderAwareRequestFilter
  AnonymousAuthenticationFilter
  ExceptionTranslationFilter
  AuthorizationFilter
]


************************************************************


15:14:34.119 [http-nio-8888-exec-1] DEBUG o.s.security.web.FilterChainProxy -- Securing GET /api/v1/task
15:14:34.119 [http-nio-8888-exec-5] DEBUG o.s.security.web.FilterChainProxy -- Securing GET /api/v1/task
15:14:34.136 [http-nio-8888-exec-5] DEBUG o.s.security.web.FilterChainProxy -- Secured GET /api/v1/task
15:14:34.136 [http-nio-8888-exec-1] DEBUG o.s.security.web.FilterChainProxy -- Secured GET /api/v1/task
15:14:34.140 [http-nio-8888-exec-5] DEBUG o.s.web.servlet.DispatcherServlet -- GET "/api/v1/task", parameters={}
15:14:34.140 [http-nio-8888-exec-1] DEBUG o.s.web.servlet.DispatcherServlet -- GET "/api/v1/task", parameters={}
15:14:34.142 [http-nio-8888-exec-1] DEBUG o.s.w.s.m.m.a.RequestMappingHandlerMapping -- Mapped to com.example.demo.todo.api.TodoApi#getTasks()
15:14:34.142 [http-nio-8888-exec-5] DEBUG o.s.w.s.m.m.a.RequestMappingHandlerMapping -- Mapped to com.example.demo.todo.api.TodoApi#getTasks()
15:14:34.172 [http-nio-8888-exec-1] DEBUG o.s.w.s.m.m.a.RequestResponseBodyMethodProcessor -- Using 'application/json', given [*/*] and supported [application/json, application/*+json]
15:14:34.172 [http-nio-8888-exec-5] DEBUG o.s.w.s.m.m.a.RequestResponseBodyMethodProcessor -- Using 'application/json', given [*/*] and supported [application/json, application/*+json]
15:14:34.172 [http-nio-8888-exec-1] DEBUG o.s.w.s.m.m.a.RequestResponseBodyMethodProcessor -- Writing [com.example.demo.util.AjaxResponse@44ebbcd4]
15:14:34.173 [http-nio-8888-exec-5] DEBUG o.s.w.s.m.m.a.RequestResponseBodyMethodProcessor -- Writing [com.example.demo.util.AjaxResponse@11f12e49]
15:14:34.189 [http-nio-8888-exec-1] DEBUG o.s.s.w.a.AnonymousAuthenticationFilter -- Set SecurityContextHolder to anonymous SecurityContext
15:14:34.190 [http-nio-8888-exec-1] DEBUG o.s.web.servlet.DispatcherServlet -- Completed 200 OK
15:14:34.189 [http-nio-8888-exec-5] DEBUG o.s.s.w.a.AnonymousAuthenticationFilter -- Set SecurityContextHolder to anonymous SecurityContext
15:14:34.190 [http-nio-8888-exec-5] DEBUG o.s.web.servlet.DispatcherServlet -- Completed 200 OK
15:14:34.537 [http-nio-8888-exec-3] INFO  Spring Security Debugger -- 

************************************************************

Request received for GET '/api/v1/task':

org.apache.catalina.connector.RequestFacade@282a8b61

servletPath:/api/v1/task
pathInfo:null
headers: 
host: localhost:8888
connection: keep-alive
sec-ch-ua-platform: "macOS"
user-agent: Mozilla/5.0 (Macintosh; Intel Mac OS X 10_15_7) AppleWebKit/537.36 (KHTML, like Gecko) Chrome/147.0.0.0 Safari/537.36
sec-ch-ua: "Google Chrome";v="147", "Not.A/Brand";v="8", "Chromium";v="147"
sec-ch-ua-mobile: ?0
accept: */*
origin: http://localhost:3000
sec-fetch-site: same-site
sec-fetch-mode: cors
sec-fetch-dest: empty
referer: http://localhost:3000/
accept-encoding: gzip, deflate, br, zstd
accept-language: ko-KR,ko;q=0.9,en-US;q=0.8,en;q=0.7


Security filter chain: [
  DisableEncodeUrlFilter
  WebAsyncManagerIntegrationFilter
  SecurityContextHolderFilter
  HeaderWriterFilter
  CorsFilter
  CsrfFilter
  LogoutFilter
  JwtAuthenticationFilter
  RequestCacheAwareFilter
  SecurityContextHolderAwareRequestFilter
  AnonymousAuthenticationFilter
  ExceptionTranslationFilter
  AuthorizationFilter
]


************************************************************


15:14:34.541 [http-nio-8888-exec-3] DEBUG o.s.security.web.FilterChainProxy -- Securing GET /api/v1/task
15:14:34.549 [http-nio-8888-exec-3] DEBUG o.s.security.web.FilterChainProxy -- Secured GET /api/v1/task
15:14:34.549 [http-nio-8888-exec-3] DEBUG o.s.web.servlet.DispatcherServlet -- GET "/api/v1/task", parameters={}
15:14:34.551 [http-nio-8888-exec-3] DEBUG o.s.w.s.m.m.a.RequestMappingHandlerMapping -- Mapped to com.example.demo.todo.api.TodoApi#getTasks()
15:14:34.557 [http-nio-8888-exec-3] DEBUG o.s.w.s.m.m.a.RequestResponseBodyMethodProcessor -- Using 'application/json', given [*/*] and supported [application/json, application/*+json]
15:14:34.557 [http-nio-8888-exec-3] DEBUG o.s.w.s.m.m.a.RequestResponseBodyMethodProcessor -- Writing [com.example.demo.util.AjaxResponse@5d1e226c]
15:14:34.559 [http-nio-8888-exec-3] DEBUG o.s.s.w.a.AnonymousAuthenticationFilter -- Set SecurityContextHolder to anonymous SecurityContext
15:14:34.559 [http-nio-8888-exec-3] DEBUG o.s.web.servlet.DispatcherServlet -- Completed 200 OK
15:14:34.565 [http-nio-8888-exec-3] INFO  Spring Security Debugger -- 

************************************************************

Request received for GET '/api/v1/task':

org.apache.catalina.connector.RequestFacade@1f4d8ca2

servletPath:/api/v1/task
pathInfo:null
headers: 
host: localhost:8888
connection: keep-alive
sec-ch-ua-platform: "macOS"
user-agent: Mozilla/5.0 (Macintosh; Intel Mac OS X 10_15_7) AppleWebKit/537.36 (KHTML, like Gecko) Chrome/147.0.0.0 Safari/537.36
sec-ch-ua: "Google Chrome";v="147", "Not.A/Brand";v="8", "Chromium";v="147"
sec-ch-ua-mobile: ?0
accept: */*
origin: http://localhost:3000
sec-fetch-site: same-site
sec-fetch-mode: cors
sec-fetch-dest: empty
referer: http://localhost:3000/
accept-encoding: gzip, deflate, br, zstd
accept-language: ko-KR,ko;q=0.9,en-US;q=0.8,en;q=0.7


Security filter chain: [
  DisableEncodeUrlFilter
  WebAsyncManagerIntegrationFilter
  SecurityContextHolderFilter
  HeaderWriterFilter
  CorsFilter
  CsrfFilter
  LogoutFilter
  JwtAuthenticationFilter
  RequestCacheAwareFilter
  SecurityContextHolderAwareRequestFilter
  AnonymousAuthenticationFilter
  ExceptionTranslationFilter
  AuthorizationFilter
]


************************************************************


15:14:34.567 [http-nio-8888-exec-3] DEBUG o.s.security.web.FilterChainProxy -- Securing GET /api/v1/task
15:14:34.570 [http-nio-8888-exec-3] DEBUG o.s.security.web.FilterChainProxy -- Secured GET /api/v1/task
15:14:34.570 [http-nio-8888-exec-3] DEBUG o.s.web.servlet.DispatcherServlet -- GET "/api/v1/task", parameters={}
15:14:34.570 [http-nio-8888-exec-3] DEBUG o.s.w.s.m.m.a.RequestMappingHandlerMapping -- Mapped to com.example.demo.todo.api.TodoApi#getTasks()
15:14:34.574 [http-nio-8888-exec-3] DEBUG o.s.w.s.m.m.a.RequestResponseBodyMethodProcessor -- Using 'application/json', given [*/*] and supported [application/json, application/*+json]
15:14:34.576 [http-nio-8888-exec-3] DEBUG o.s.w.s.m.m.a.RequestResponseBodyMethodProcessor -- Writing [com.example.demo.util.AjaxResponse@78ebbcb6]
15:14:34.577 [http-nio-8888-exec-3] DEBUG o.s.s.w.a.AnonymousAuthenticationFilter -- Set SecurityContextHolder to anonymous SecurityContext
15:14:34.578 [http-nio-8888-exec-3] DEBUG o.s.web.servlet.DispatcherServlet -- Completed 200 OK
15:14:59.394 [http-nio-8888-exec-4] INFO  Spring Security Debugger -- 

************************************************************

Request received for OPTIONS '/api/v1/task':

org.apache.catalina.connector.RequestFacade@7f349700

servletPath:/api/v1/task
pathInfo:null
headers: 
host: localhost:8888
connection: keep-alive
accept: */*
access-control-request-method: POST
access-control-request-headers: content-type
origin: http://localhost:3000
user-agent: Mozilla/5.0 (Macintosh; Intel Mac OS X 10_15_7) AppleWebKit/537.36 (KHTML, like Gecko) Chrome/147.0.0.0 Safari/537.36
sec-fetch-mode: cors
sec-fetch-site: same-site
sec-fetch-dest: empty
referer: http://localhost:3000/
accept-encoding: gzip, deflate, br, zstd
accept-language: ko-KR,ko;q=0.9,en-US;q=0.8,en;q=0.7


Security filter chain: [
  DisableEncodeUrlFilter
  WebAsyncManagerIntegrationFilter
  SecurityContextHolderFilter
  HeaderWriterFilter
  CorsFilter
  CsrfFilter
  LogoutFilter
  JwtAuthenticationFilter
  RequestCacheAwareFilter
  SecurityContextHolderAwareRequestFilter
  AnonymousAuthenticationFilter
  ExceptionTranslationFilter
  AuthorizationFilter
]


************************************************************


15:14:59.406 [http-nio-8888-exec-4] DEBUG o.s.security.web.FilterChainProxy -- Securing OPTIONS /api/v1/task
15:14:59.425 [http-nio-8888-exec-9] INFO  Spring Security Debugger -- 

************************************************************

Request received for POST '/api/v1/task':

org.apache.catalina.connector.RequestFacade@35c478e5

servletPath:/api/v1/task
pathInfo:null
headers: 
host: localhost:8888
connection: keep-alive
content-length: 87
sec-ch-ua-platform: "macOS"
user-agent: Mozilla/5.0 (Macintosh; Intel Mac OS X 10_15_7) AppleWebKit/537.36 (KHTML, like Gecko) Chrome/147.0.0.0 Safari/537.36
sec-ch-ua: "Google Chrome";v="147", "Not.A/Brand";v="8", "Chromium";v="147"
content-type: application/json
sec-ch-ua-mobile: ?0
accept: */*
origin: http://localhost:3000
sec-fetch-site: same-site
sec-fetch-mode: cors
sec-fetch-dest: empty
referer: http://localhost:3000/
accept-encoding: gzip, deflate, br, zstd
accept-language: ko-KR,ko;q=0.9,en-US;q=0.8,en;q=0.7


Security filter chain: [
  DisableEncodeUrlFilter
  WebAsyncManagerIntegrationFilter
  SecurityContextHolderFilter
  HeaderWriterFilter
  CorsFilter
  CsrfFilter
  LogoutFilter
  JwtAuthenticationFilter
  RequestCacheAwareFilter
  SecurityContextHolderAwareRequestFilter
  AnonymousAuthenticationFilter
  ExceptionTranslationFilter
  AuthorizationFilter
]


************************************************************


15:14:59.426 [http-nio-8888-exec-9] DEBUG o.s.security.web.FilterChainProxy -- Securing POST /api/v1/task
15:14:59.432 [http-nio-8888-exec-9] DEBUG o.s.security.web.FilterChainProxy -- Secured POST /api/v1/task
15:14:59.433 [http-nio-8888-exec-9] DEBUG o.s.web.servlet.DispatcherServlet -- POST "/api/v1/task", parameters={}
15:14:59.435 [http-nio-8888-exec-9] DEBUG o.s.w.s.m.m.a.RequestMappingHandlerMapping -- Mapped to com.example.demo.todo.api.TodoApi#addTask(TodoVO)
15:14:59.474 [http-nio-8888-exec-9] DEBUG o.s.w.s.m.m.a.RequestResponseBodyMethodProcessor -- Read "application/json;charset=UTF-8" to [{"task":"ItsOverYouknowwhatiMean","dueDate":"2026-04-30","priority":"2","isDone":false}]
15:14:59.502 [http-nio-8888-exec-9] DEBUG o.s.w.s.m.m.a.RequestResponseBodyMethodProcessor -- Using 'application/json', given [*/*] and supported [application/json, application/*+json]
15:14:59.503 [http-nio-8888-exec-9] DEBUG o.s.w.s.m.m.a.RequestResponseBodyMethodProcessor -- Writing [com.example.demo.util.AjaxResponse@c6a0800]
15:14:59.504 [http-nio-8888-exec-9] DEBUG o.s.s.w.a.AnonymousAuthenticationFilter -- Set SecurityContextHolder to anonymous SecurityContext
15:14:59.505 [http-nio-8888-exec-9] DEBUG o.s.web.servlet.DispatcherServlet -- Completed 200 OK
15:14:59.518 [http-nio-8888-exec-7] INFO  Spring Security Debugger -- 

************************************************************

Request received for GET '/api/v1/task':

org.apache.catalina.connector.RequestFacade@1aeff4ad

servletPath:/api/v1/task
pathInfo:null
headers: 
host: localhost:8888
connection: keep-alive
sec-ch-ua-platform: "macOS"
user-agent: Mozilla/5.0 (Macintosh; Intel Mac OS X 10_15_7) AppleWebKit/537.36 (KHTML, like Gecko) Chrome/147.0.0.0 Safari/537.36
sec-ch-ua: "Google Chrome";v="147", "Not.A/Brand";v="8", "Chromium";v="147"
sec-ch-ua-mobile: ?0
accept: */*
origin: http://localhost:3000
sec-fetch-site: same-site
sec-fetch-mode: cors
sec-fetch-dest: empty
referer: http://localhost:3000/
accept-encoding: gzip, deflate, br, zstd
accept-language: ko-KR,ko;q=0.9,en-US;q=0.8,en;q=0.7


Security filter chain: [
  DisableEncodeUrlFilter
  WebAsyncManagerIntegrationFilter
  SecurityContextHolderFilter
  HeaderWriterFilter
  CorsFilter
  CsrfFilter
  LogoutFilter
  JwtAuthenticationFilter
  RequestCacheAwareFilter
  SecurityContextHolderAwareRequestFilter
  AnonymousAuthenticationFilter
  ExceptionTranslationFilter
  AuthorizationFilter
]


************************************************************


15:14:59.520 [http-nio-8888-exec-7] DEBUG o.s.security.web.FilterChainProxy -- Securing GET /api/v1/task
15:14:59.522 [http-nio-8888-exec-7] DEBUG o.s.security.web.FilterChainProxy -- Secured GET /api/v1/task
15:14:59.524 [http-nio-8888-exec-7] DEBUG o.s.web.servlet.DispatcherServlet -- GET "/api/v1/task", parameters={}
15:14:59.524 [http-nio-8888-exec-7] DEBUG o.s.w.s.m.m.a.RequestMappingHandlerMapping -- Mapped to com.example.demo.todo.api.TodoApi#getTasks()
15:14:59.531 [http-nio-8888-exec-7] DEBUG o.s.w.s.m.m.a.RequestResponseBodyMethodProcessor -- Using 'application/json', given [*/*] and supported [application/json, application/*+json]
15:14:59.531 [http-nio-8888-exec-7] DEBUG o.s.w.s.m.m.a.RequestResponseBodyMethodProcessor -- Writing [com.example.demo.util.AjaxResponse@1f927e4b]
15:14:59.534 [http-nio-8888-exec-7] DEBUG o.s.s.w.a.AnonymousAuthenticationFilter -- Set SecurityContextHolder to anonymous SecurityContext
15:14:59.535 [http-nio-8888-exec-7] DEBUG o.s.web.servlet.DispatcherServlet -- Completed 200 OK
15:15:02.725 [http-nio-8888-exec-10] INFO  Spring Security Debugger -- 

************************************************************

Request received for OPTIONS '/api/v1/task/task_19':

org.apache.catalina.connector.RequestFacade@297d4461

servletPath:/api/v1/task/task_19
pathInfo:null
headers: 
host: localhost:8888
connection: keep-alive
accept: */*
access-control-request-method: PUT
origin: http://localhost:3000
user-agent: Mozilla/5.0 (Macintosh; Intel Mac OS X 10_15_7) AppleWebKit/537.36 (KHTML, like Gecko) Chrome/147.0.0.0 Safari/537.36
sec-fetch-mode: cors
sec-fetch-site: same-site
sec-fetch-dest: empty
referer: http://localhost:3000/
accept-encoding: gzip, deflate, br, zstd
accept-language: ko-KR,ko;q=0.9,en-US;q=0.8,en;q=0.7


Security filter chain: [
  DisableEncodeUrlFilter
  WebAsyncManagerIntegrationFilter
  SecurityContextHolderFilter
  HeaderWriterFilter
  CorsFilter
  CsrfFilter
  LogoutFilter
  JwtAuthenticationFilter
  RequestCacheAwareFilter
  SecurityContextHolderAwareRequestFilter
  AnonymousAuthenticationFilter
  ExceptionTranslationFilter
  AuthorizationFilter
]


************************************************************


15:15:02.728 [http-nio-8888-exec-10] DEBUG o.s.security.web.FilterChainProxy -- Securing OPTIONS /api/v1/task/task_19
15:15:02.748 [http-nio-8888-exec-8] INFO  Spring Security Debugger -- 

************************************************************

Request received for PUT '/api/v1/task/task_19':

org.apache.catalina.connector.RequestFacade@1df539e8

servletPath:/api/v1/task/task_19
pathInfo:null
headers: 
host: localhost:8888
connection: keep-alive
content-length: 0
sec-ch-ua-platform: "macOS"
user-agent: Mozilla/5.0 (Macintosh; Intel Mac OS X 10_15_7) AppleWebKit/537.36 (KHTML, like Gecko) Chrome/147.0.0.0 Safari/537.36
sec-ch-ua: "Google Chrome";v="147", "Not.A/Brand";v="8", "Chromium";v="147"
sec-ch-ua-mobile: ?0
accept: */*
origin: http://localhost:3000
sec-fetch-site: same-site
sec-fetch-mode: cors
sec-fetch-dest: empty
referer: http://localhost:3000/
accept-encoding: gzip, deflate, br, zstd
accept-language: ko-KR,ko;q=0.9,en-US;q=0.8,en;q=0.7


Security filter chain: [
  DisableEncodeUrlFilter
  WebAsyncManagerIntegrationFilter
  SecurityContextHolderFilter
  HeaderWriterFilter
  CorsFilter
  CsrfFilter
  LogoutFilter
  JwtAuthenticationFilter
  RequestCacheAwareFilter
  SecurityContextHolderAwareRequestFilter
  AnonymousAuthenticationFilter
  ExceptionTranslationFilter
  AuthorizationFilter
]


************************************************************


15:15:02.751 [http-nio-8888-exec-8] DEBUG o.s.security.web.FilterChainProxy -- Securing PUT /api/v1/task/task_19
15:15:02.752 [http-nio-8888-exec-8] DEBUG o.s.security.web.FilterChainProxy -- Secured PUT /api/v1/task/task_19
15:15:02.754 [http-nio-8888-exec-8] DEBUG o.s.web.servlet.DispatcherServlet -- PUT "/api/v1/task/task_19", parameters={}
15:15:02.755 [http-nio-8888-exec-8] DEBUG o.s.w.s.m.m.a.RequestMappingHandlerMapping -- Mapped to com.example.demo.todo.api.TodoApi#done(String)
15:15:02.783 [http-nio-8888-exec-8] DEBUG o.s.w.s.m.m.a.RequestResponseBodyMethodProcessor -- Using 'application/json', given [*/*] and supported [application/json, application/*+json]
15:15:02.785 [http-nio-8888-exec-8] DEBUG o.s.w.s.m.m.a.RequestResponseBodyMethodProcessor -- Writing [com.example.demo.util.AjaxResponse@7fbbf621]
15:15:02.787 [http-nio-8888-exec-8] DEBUG o.s.s.w.a.AnonymousAuthenticationFilter -- Set SecurityContextHolder to anonymous SecurityContext
15:15:02.789 [http-nio-8888-exec-8] DEBUG o.s.web.servlet.DispatcherServlet -- Completed 200 OK
15:15:05.739 [http-nio-8888-exec-2] INFO  Spring Security Debugger -- 

************************************************************

Request received for GET '/api/v1/task':

org.apache.catalina.connector.RequestFacade@6f39c50c

servletPath:/api/v1/task
pathInfo:null
headers: 
host: localhost:8888
connection: keep-alive
sec-ch-ua-platform: "macOS"
user-agent: Mozilla/5.0 (Macintosh; Intel Mac OS X 10_15_7) AppleWebKit/537.36 (KHTML, like Gecko) Chrome/147.0.0.0 Safari/537.36
sec-ch-ua: "Google Chrome";v="147", "Not.A/Brand";v="8", "Chromium";v="147"
sec-ch-ua-mobile: ?0
accept: */*
origin: http://localhost:3000
sec-fetch-site: same-site
sec-fetch-mode: cors
sec-fetch-dest: empty
referer: http://localhost:3000/
accept-encoding: gzip, deflate, br, zstd
accept-language: ko-KR,ko;q=0.9,en-US;q=0.8,en;q=0.7


Security filter chain: [
  DisableEncodeUrlFilter
  WebAsyncManagerIntegrationFilter
  SecurityContextHolderFilter
  HeaderWriterFilter
  CorsFilter
  CsrfFilter
  LogoutFilter
  JwtAuthenticationFilter
  RequestCacheAwareFilter
  SecurityContextHolderAwareRequestFilter
  AnonymousAuthenticationFilter
  ExceptionTranslationFilter
  AuthorizationFilter
]


************************************************************


15:15:05.747 [http-nio-8888-exec-2] DEBUG o.s.security.web.FilterChainProxy -- Securing GET /api/v1/task
15:15:05.752 [http-nio-8888-exec-2] DEBUG o.s.security.web.FilterChainProxy -- Secured GET /api/v1/task
15:15:05.753 [http-nio-8888-exec-2] DEBUG o.s.web.servlet.DispatcherServlet -- GET "/api/v1/task", parameters={}
15:15:05.755 [http-nio-8888-exec-2] DEBUG o.s.w.s.m.m.a.RequestMappingHandlerMapping -- Mapped to com.example.demo.todo.api.TodoApi#getTasks()
15:15:05.768 [http-nio-8888-exec-2] DEBUG o.s.w.s.m.m.a.RequestResponseBodyMethodProcessor -- Using 'application/json', given [*/*] and supported [application/json, application/*+json]
15:15:05.769 [http-nio-8888-exec-2] DEBUG o.s.w.s.m.m.a.RequestResponseBodyMethodProcessor -- Writing [com.example.demo.util.AjaxResponse@524a11c0]
15:15:05.773 [http-nio-8888-exec-2] DEBUG o.s.s.w.a.AnonymousAuthenticationFilter -- Set SecurityContextHolder to anonymous SecurityContext
15:15:05.775 [http-nio-8888-exec-2] DEBUG o.s.web.servlet.DispatcherServlet -- Completed 200 OK
15:15:05.776 [http-nio-8888-exec-5] INFO  Spring Security Debugger -- 

************************************************************

Request received for GET '/api/v1/task':

org.apache.catalina.connector.RequestFacade@3c1d00c9

servletPath:/api/v1/task
pathInfo:null
headers: 
host: localhost:8888
connection: keep-alive
sec-ch-ua-platform: "macOS"
user-agent: Mozilla/5.0 (Macintosh; Intel Mac OS X 10_15_7) AppleWebKit/537.36 (KHTML, like Gecko) Chrome/147.0.0.0 Safari/537.36
sec-ch-ua: "Google Chrome";v="147", "Not.A/Brand";v="8", "Chromium";v="147"
sec-ch-ua-mobile: ?0
accept: */*
origin: http://localhost:3000
sec-fetch-site: same-site
sec-fetch-mode: cors
sec-fetch-dest: empty
referer: http://localhost:3000/
accept-encoding: gzip, deflate, br, zstd
accept-language: ko-KR,ko;q=0.9,en-US;q=0.8,en;q=0.7


Security filter chain: [
  DisableEncodeUrlFilter
  WebAsyncManagerIntegrationFilter
  SecurityContextHolderFilter
  HeaderWriterFilter
  CorsFilter
  CsrfFilter
  LogoutFilter
  JwtAuthenticationFilter
  RequestCacheAwareFilter
  SecurityContextHolderAwareRequestFilter
  AnonymousAuthenticationFilter
  ExceptionTranslationFilter
  AuthorizationFilter
]


************************************************************


15:15:05.777 [http-nio-8888-exec-5] DEBUG o.s.security.web.FilterChainProxy -- Securing GET /api/v1/task
15:15:05.780 [http-nio-8888-exec-5] DEBUG o.s.security.web.FilterChainProxy -- Secured GET /api/v1/task
15:15:05.781 [http-nio-8888-exec-5] DEBUG o.s.web.servlet.DispatcherServlet -- GET "/api/v1/task", parameters={}
15:15:05.781 [http-nio-8888-exec-5] DEBUG o.s.w.s.m.m.a.RequestMappingHandlerMapping -- Mapped to com.example.demo.todo.api.TodoApi#getTasks()
15:15:05.789 [http-nio-8888-exec-5] DEBUG o.s.w.s.m.m.a.RequestResponseBodyMethodProcessor -- Using 'application/json', given [*/*] and supported [application/json, application/*+json]
15:15:05.790 [http-nio-8888-exec-5] DEBUG o.s.w.s.m.m.a.RequestResponseBodyMethodProcessor -- Writing [com.example.demo.util.AjaxResponse@1fe331f8]
15:15:05.795 [http-nio-8888-exec-5] DEBUG o.s.s.w.a.AnonymousAuthenticationFilter -- Set SecurityContextHolder to anonymous SecurityContext
15:15:05.797 [http-nio-8888-exec-5] DEBUG o.s.web.servlet.DispatcherServlet -- Completed 200 OK
15:15:54.441 [http-nio-8888-exec-1] INFO  Spring Security Debugger -- 

************************************************************

Request received for GET '/api/v1/task':

org.apache.catalina.connector.RequestFacade@63c53f22

servletPath:/api/v1/task
pathInfo:null
headers: 
host: localhost:8888
connection: keep-alive
sec-ch-ua-platform: "macOS"
user-agent: Mozilla/5.0 (Macintosh; Intel Mac OS X 10_15_7) AppleWebKit/537.36 (KHTML, like Gecko) Chrome/147.0.0.0 Safari/537.36
sec-ch-ua: "Google Chrome";v="147", "Not.A/Brand";v="8", "Chromium";v="147"
sec-ch-ua-mobile: ?0
accept: */*
origin: http://localhost:3000
sec-fetch-site: same-site
sec-fetch-mode: cors
sec-fetch-dest: empty
referer: http://localhost:3000/
accept-encoding: gzip, deflate, br, zstd
accept-language: ko-KR,ko;q=0.9,en-US;q=0.8,en;q=0.7


Security filter chain: [
  DisableEncodeUrlFilter
  WebAsyncManagerIntegrationFilter
  SecurityContextHolderFilter
  HeaderWriterFilter
  CorsFilter
  CsrfFilter
  LogoutFilter
  JwtAuthenticationFilter
  RequestCacheAwareFilter
  SecurityContextHolderAwareRequestFilter
  AnonymousAuthenticationFilter
  ExceptionTranslationFilter
  AuthorizationFilter
]


************************************************************


15:15:54.492 [http-nio-8888-exec-1] DEBUG o.s.security.web.FilterChainProxy -- Securing GET /api/v1/task
15:15:54.532 [http-nio-8888-exec-1] DEBUG o.s.security.web.FilterChainProxy -- Secured GET /api/v1/task
15:15:54.536 [http-nio-8888-exec-1] DEBUG o.s.web.servlet.DispatcherServlet -- GET "/api/v1/task", parameters={}
15:15:54.540 [http-nio-8888-exec-1] DEBUG o.s.w.s.m.m.a.RequestMappingHandlerMapping -- Mapped to com.example.demo.todo.api.TodoApi#getTasks()
15:15:54.627 [http-nio-8888-exec-1] DEBUG o.s.w.s.m.m.a.RequestResponseBodyMethodProcessor -- Using 'application/json', given [*/*] and supported [application/json, application/*+json]
15:15:54.631 [http-nio-8888-exec-1] DEBUG o.s.w.s.m.m.a.RequestResponseBodyMethodProcessor -- Writing [com.example.demo.util.AjaxResponse@2ab0a254]
15:15:54.634 [http-nio-8888-exec-1] DEBUG o.s.s.w.a.AnonymousAuthenticationFilter -- Set SecurityContextHolder to anonymous SecurityContext
15:15:54.635 [http-nio-8888-exec-1] DEBUG o.s.web.servlet.DispatcherServlet -- Completed 200 OK
15:32:54.147 [http-nio-8888-exec-4] INFO  Spring Security Debugger -- 

************************************************************

Request received for OPTIONS '/api/v1/task':

org.apache.catalina.connector.RequestFacade@30f71d7b

servletPath:/api/v1/task
pathInfo:null
headers: 
host: localhost:8888
connection: keep-alive
accept: */*
access-control-request-method: POST
access-control-request-headers: content-type
origin: http://localhost:3000
user-agent: Mozilla/5.0 (Macintosh; Intel Mac OS X 10_15_7) AppleWebKit/537.36 (KHTML, like Gecko) Chrome/147.0.0.0 Safari/537.36
sec-fetch-mode: cors
sec-fetch-site: same-site
sec-fetch-dest: empty
referer: http://localhost:3000/
accept-encoding: gzip, deflate, br, zstd
accept-language: ko-KR,ko;q=0.9,en-US;q=0.8,en;q=0.7


Security filter chain: [
  DisableEncodeUrlFilter
  WebAsyncManagerIntegrationFilter
  SecurityContextHolderFilter
  HeaderWriterFilter
  CorsFilter
  CsrfFilter
  LogoutFilter
  JwtAuthenticationFilter
  RequestCacheAwareFilter
  SecurityContextHolderAwareRequestFilter
  AnonymousAuthenticationFilter
  ExceptionTranslationFilter
  AuthorizationFilter
]


************************************************************


15:32:54.192 [http-nio-8888-exec-4] DEBUG o.s.security.web.FilterChainProxy -- Securing OPTIONS /api/v1/task
15:32:54.261 [http-nio-8888-exec-4] INFO  Spring Security Debugger -- 

************************************************************

Request received for POST '/api/v1/task':

org.apache.catalina.connector.RequestFacade@178bb319

servletPath:/api/v1/task
pathInfo:null
headers: 
host: localhost:8888
connection: keep-alive
content-length: 103
sec-ch-ua-platform: "macOS"
user-agent: Mozilla/5.0 (Macintosh; Intel Mac OS X 10_15_7) AppleWebKit/537.36 (KHTML, like Gecko) Chrome/147.0.0.0 Safari/537.36
sec-ch-ua: "Google Chrome";v="147", "Not.A/Brand";v="8", "Chromium";v="147"
content-type: application/json
sec-ch-ua-mobile: ?0
accept: */*
origin: http://localhost:3000
sec-fetch-site: same-site
sec-fetch-mode: cors
sec-fetch-dest: empty
referer: http://localhost:3000/
accept-encoding: gzip, deflate, br, zstd
accept-language: ko-KR,ko;q=0.9,en-US;q=0.8,en;q=0.7


Security filter chain: [
  DisableEncodeUrlFilter
  WebAsyncManagerIntegrationFilter
  SecurityContextHolderFilter
  HeaderWriterFilter
  CorsFilter
  CsrfFilter
  LogoutFilter
  JwtAuthenticationFilter
  RequestCacheAwareFilter
  SecurityContextHolderAwareRequestFilter
  AnonymousAuthenticationFilter
  ExceptionTranslationFilter
  AuthorizationFilter
]


************************************************************


15:32:54.262 [http-nio-8888-exec-4] DEBUG o.s.security.web.FilterChainProxy -- Securing POST /api/v1/task
15:32:54.269 [http-nio-8888-exec-4] DEBUG o.s.security.web.FilterChainProxy -- Secured POST /api/v1/task
15:32:54.276 [http-nio-8888-exec-4] DEBUG o.s.web.servlet.DispatcherServlet -- POST "/api/v1/task", parameters={}
15:32:54.285 [http-nio-8888-exec-4] DEBUG o.s.w.s.m.m.a.RequestMappingHandlerMapping -- Mapped to com.example.demo.todo.api.TodoApi#addTask(TodoVO)
15:32:54.366 [http-nio-8888-exec-4] DEBUG o.s.w.s.m.m.a.RequestResponseBodyMethodProcessor -- Read "application/json;charset=UTF-8" to [{"task":"난어렸을떄어떤저주에걸렸어","dueDate":"2024-10-27","priority":"2","isDone":false}]
15:32:54.404 [http-nio-8888-exec-4] DEBUG o.s.w.s.m.m.a.RequestResponseBodyMethodProcessor -- Using 'application/json', given [*/*] and supported [application/json, application/*+json]
15:32:54.406 [http-nio-8888-exec-4] DEBUG o.s.w.s.m.m.a.RequestResponseBodyMethodProcessor -- Writing [com.example.demo.util.AjaxResponse@3058f692]
15:32:54.410 [http-nio-8888-exec-4] DEBUG o.s.s.w.a.AnonymousAuthenticationFilter -- Set SecurityContextHolder to anonymous SecurityContext
15:32:54.411 [http-nio-8888-exec-4] DEBUG o.s.web.servlet.DispatcherServlet -- Completed 200 OK
15:32:54.422 [http-nio-8888-exec-9] INFO  Spring Security Debugger -- 

************************************************************

Request received for GET '/api/v1/task':

org.apache.catalina.connector.RequestFacade@73a7a1d

servletPath:/api/v1/task
pathInfo:null
headers: 
host: localhost:8888
connection: keep-alive
sec-ch-ua-platform: "macOS"
user-agent: Mozilla/5.0 (Macintosh; Intel Mac OS X 10_15_7) AppleWebKit/537.36 (KHTML, like Gecko) Chrome/147.0.0.0 Safari/537.36
sec-ch-ua: "Google Chrome";v="147", "Not.A/Brand";v="8", "Chromium";v="147"
sec-ch-ua-mobile: ?0
accept: */*
origin: http://localhost:3000
sec-fetch-site: same-site
sec-fetch-mode: cors
sec-fetch-dest: empty
referer: http://localhost:3000/
accept-encoding: gzip, deflate, br, zstd
accept-language: ko-KR,ko;q=0.9,en-US;q=0.8,en;q=0.7


Security filter chain: [
  DisableEncodeUrlFilter
  WebAsyncManagerIntegrationFilter
  SecurityContextHolderFilter
  HeaderWriterFilter
  CorsFilter
  CsrfFilter
  LogoutFilter
  JwtAuthenticationFilter
  RequestCacheAwareFilter
  SecurityContextHolderAwareRequestFilter
  AnonymousAuthenticationFilter
  ExceptionTranslationFilter
  AuthorizationFilter
]


************************************************************


15:32:54.423 [http-nio-8888-exec-9] DEBUG o.s.security.web.FilterChainProxy -- Securing GET /api/v1/task
15:32:54.424 [http-nio-8888-exec-9] DEBUG o.s.security.web.FilterChainProxy -- Secured GET /api/v1/task
15:32:54.424 [http-nio-8888-exec-9] DEBUG o.s.web.servlet.DispatcherServlet -- GET "/api/v1/task", parameters={}
15:32:54.425 [http-nio-8888-exec-9] DEBUG o.s.w.s.m.m.a.RequestMappingHandlerMapping -- Mapped to com.example.demo.todo.api.TodoApi#getTasks()
15:32:54.434 [http-nio-8888-exec-9] DEBUG o.s.w.s.m.m.a.RequestResponseBodyMethodProcessor -- Using 'application/json', given [*/*] and supported [application/json, application/*+json]
15:32:54.435 [http-nio-8888-exec-9] DEBUG o.s.w.s.m.m.a.RequestResponseBodyMethodProcessor -- Writing [com.example.demo.util.AjaxResponse@28ef25a6]
15:32:54.436 [http-nio-8888-exec-9] DEBUG o.s.s.w.a.AnonymousAuthenticationFilter -- Set SecurityContextHolder to anonymous SecurityContext
15:32:54.437 [http-nio-8888-exec-9] DEBUG o.s.web.servlet.DispatcherServlet -- Completed 200 OK
15:34:18.873 [http-nio-8888-exec-10] INFO  Spring Security Debugger -- 

************************************************************

Request received for OPTIONS '/api/v1/task':

org.apache.catalina.connector.RequestFacade@66688f50

servletPath:/api/v1/task
pathInfo:null
headers: 
host: localhost:8888
connection: keep-alive
accept: */*
access-control-request-method: POST
access-control-request-headers: content-type
origin: http://localhost:3000
user-agent: Mozilla/5.0 (Macintosh; Intel Mac OS X 10_15_7) AppleWebKit/537.36 (KHTML, like Gecko) Chrome/147.0.0.0 Safari/537.36
sec-fetch-mode: cors
sec-fetch-site: same-site
sec-fetch-dest: empty
referer: http://localhost:3000/
accept-encoding: gzip, deflate, br, zstd
accept-language: ko-KR,ko;q=0.9,en-US;q=0.8,en;q=0.7


Security filter chain: [
  DisableEncodeUrlFilter
  WebAsyncManagerIntegrationFilter
  SecurityContextHolderFilter
  HeaderWriterFilter
  CorsFilter
  CsrfFilter
  LogoutFilter
  JwtAuthenticationFilter
  RequestCacheAwareFilter
  SecurityContextHolderAwareRequestFilter
  AnonymousAuthenticationFilter
  ExceptionTranslationFilter
  AuthorizationFilter
]


************************************************************


15:34:18.885 [http-nio-8888-exec-10] DEBUG o.s.security.web.FilterChainProxy -- Securing OPTIONS /api/v1/task
15:34:18.907 [http-nio-8888-exec-8] INFO  Spring Security Debugger -- 

************************************************************

Request received for POST '/api/v1/task':

org.apache.catalina.connector.RequestFacade@5c41a05c

servletPath:/api/v1/task
pathInfo:null
headers: 
host: localhost:8888
connection: keep-alive
content-length: 112
sec-ch-ua-platform: "macOS"
user-agent: Mozilla/5.0 (Macintosh; Intel Mac OS X 10_15_7) AppleWebKit/537.36 (KHTML, like Gecko) Chrome/147.0.0.0 Safari/537.36
sec-ch-ua: "Google Chrome";v="147", "Not.A/Brand";v="8", "Chromium";v="147"
content-type: application/json
sec-ch-ua-mobile: ?0
accept: */*
origin: http://localhost:3000
sec-fetch-site: same-site
sec-fetch-mode: cors
sec-fetch-dest: empty
referer: http://localhost:3000/
accept-encoding: gzip, deflate, br, zstd
accept-language: ko-KR,ko;q=0.9,en-US;q=0.8,en;q=0.7


Security filter chain: [
  DisableEncodeUrlFilter
  WebAsyncManagerIntegrationFilter
  SecurityContextHolderFilter
  HeaderWriterFilter
  CorsFilter
  CsrfFilter
  LogoutFilter
  JwtAuthenticationFilter
  RequestCacheAwareFilter
  SecurityContextHolderAwareRequestFilter
  AnonymousAuthenticationFilter
  ExceptionTranslationFilter
  AuthorizationFilter
]


************************************************************


15:34:18.916 [http-nio-8888-exec-8] DEBUG o.s.security.web.FilterChainProxy -- Securing POST /api/v1/task
15:34:18.921 [http-nio-8888-exec-8] DEBUG o.s.security.web.FilterChainProxy -- Secured POST /api/v1/task
15:34:18.923 [http-nio-8888-exec-8] DEBUG o.s.web.servlet.DispatcherServlet -- POST "/api/v1/task", parameters={}
15:34:18.925 [http-nio-8888-exec-8] DEBUG o.s.w.s.m.m.a.RequestMappingHandlerMapping -- Mapped to com.example.demo.todo.api.TodoApi#addTask(TodoVO)
15:34:18.929 [http-nio-8888-exec-8] DEBUG o.s.w.s.m.m.a.RequestResponseBodyMethodProcessor -- Read "application/json;charset=UTF-8" to [{"task":"그건매일자라나고죽일수없는외로움","dueDate":"2024-11-29","priority":"3","isDone":false}]
15:34:18.936 [http-nio-8888-exec-8] DEBUG o.s.w.s.m.m.a.RequestResponseBodyMethodProcessor -- Using 'application/json', given [*/*] and supported [application/json, application/*+json]
15:34:18.936 [http-nio-8888-exec-8] DEBUG o.s.w.s.m.m.a.RequestResponseBodyMethodProcessor -- Writing [com.example.demo.util.AjaxResponse@24663c11]
15:34:18.956 [http-nio-8888-exec-8] DEBUG o.s.s.w.a.AnonymousAuthenticationFilter -- Set SecurityContextHolder to anonymous SecurityContext
15:34:18.957 [http-nio-8888-exec-8] DEBUG o.s.web.servlet.DispatcherServlet -- Completed 200 OK
15:34:18.970 [http-nio-8888-exec-2] INFO  Spring Security Debugger -- 

************************************************************

Request received for GET '/api/v1/task':

org.apache.catalina.connector.RequestFacade@1db4ce2e

servletPath:/api/v1/task
pathInfo:null
headers: 
host: localhost:8888
connection: keep-alive
sec-ch-ua-platform: "macOS"
user-agent: Mozilla/5.0 (Macintosh; Intel Mac OS X 10_15_7) AppleWebKit/537.36 (KHTML, like Gecko) Chrome/147.0.0.0 Safari/537.36
sec-ch-ua: "Google Chrome";v="147", "Not.A/Brand";v="8", "Chromium";v="147"
sec-ch-ua-mobile: ?0
accept: */*
origin: http://localhost:3000
sec-fetch-site: same-site
sec-fetch-mode: cors
sec-fetch-dest: empty
referer: http://localhost:3000/
accept-encoding: gzip, deflate, br, zstd
accept-language: ko-KR,ko;q=0.9,en-US;q=0.8,en;q=0.7


Security filter chain: [
  DisableEncodeUrlFilter
  WebAsyncManagerIntegrationFilter
  SecurityContextHolderFilter
  HeaderWriterFilter
  CorsFilter
  CsrfFilter
  LogoutFilter
  JwtAuthenticationFilter
  RequestCacheAwareFilter
  SecurityContextHolderAwareRequestFilter
  AnonymousAuthenticationFilter
  ExceptionTranslationFilter
  AuthorizationFilter
]


************************************************************


15:34:18.980 [http-nio-8888-exec-2] DEBUG o.s.security.web.FilterChainProxy -- Securing GET /api/v1/task
15:34:18.984 [http-nio-8888-exec-2] DEBUG o.s.security.web.FilterChainProxy -- Secured GET /api/v1/task
15:34:18.986 [http-nio-8888-exec-2] DEBUG o.s.web.servlet.DispatcherServlet -- GET "/api/v1/task", parameters={}
15:34:18.987 [http-nio-8888-exec-2] DEBUG o.s.w.s.m.m.a.RequestMappingHandlerMapping -- Mapped to com.example.demo.todo.api.TodoApi#getTasks()
15:34:18.992 [http-nio-8888-exec-2] DEBUG o.s.w.s.m.m.a.RequestResponseBodyMethodProcessor -- Using 'application/json', given [*/*] and supported [application/json, application/*+json]
15:34:18.993 [http-nio-8888-exec-2] DEBUG o.s.w.s.m.m.a.RequestResponseBodyMethodProcessor -- Writing [com.example.demo.util.AjaxResponse@4ae40b14]
15:34:18.994 [http-nio-8888-exec-2] DEBUG o.s.s.w.a.AnonymousAuthenticationFilter -- Set SecurityContextHolder to anonymous SecurityContext
15:34:18.995 [http-nio-8888-exec-2] DEBUG o.s.web.servlet.DispatcherServlet -- Completed 200 OK
15:44:46.865 [http-nio-8888-exec-1] INFO  Spring Security Debugger -- 

************************************************************

Request received for OPTIONS '/api/v1/task':

org.apache.catalina.connector.RequestFacade@115e8e72

servletPath:/api/v1/task
pathInfo:null
headers: 
host: localhost:8888
connection: keep-alive
accept: */*
access-control-request-method: POST
access-control-request-headers: content-type
origin: http://localhost:3000
user-agent: Mozilla/5.0 (Macintosh; Intel Mac OS X 10_15_7) AppleWebKit/537.36 (KHTML, like Gecko) Chrome/147.0.0.0 Safari/537.36
sec-fetch-mode: cors
sec-fetch-site: same-site
sec-fetch-dest: empty
referer: http://localhost:3000/
accept-encoding: gzip, deflate, br, zstd
accept-language: ko-KR,ko;q=0.9,en-US;q=0.8,en;q=0.7


Security filter chain: [
  DisableEncodeUrlFilter
  WebAsyncManagerIntegrationFilter
  SecurityContextHolderFilter
  HeaderWriterFilter
  CorsFilter
  CsrfFilter
  LogoutFilter
  JwtAuthenticationFilter
  RequestCacheAwareFilter
  SecurityContextHolderAwareRequestFilter
  AnonymousAuthenticationFilter
  ExceptionTranslationFilter
  AuthorizationFilter
]


************************************************************


15:44:46.923 [http-nio-8888-exec-1] DEBUG o.s.security.web.FilterChainProxy -- Securing OPTIONS /api/v1/task
15:44:46.949 [http-nio-8888-exec-3] INFO  Spring Security Debugger -- 

************************************************************

Request received for POST '/api/v1/task':

org.apache.catalina.connector.RequestFacade@4e65149

servletPath:/api/v1/task
pathInfo:null
headers: 
host: localhost:8888
connection: keep-alive
content-length: 106
sec-ch-ua-platform: "macOS"
user-agent: Mozilla/5.0 (Macintosh; Intel Mac OS X 10_15_7) AppleWebKit/537.36 (KHTML, like Gecko) Chrome/147.0.0.0 Safari/537.36
sec-ch-ua: "Google Chrome";v="147", "Not.A/Brand";v="8", "Chromium";v="147"
content-type: application/json
sec-ch-ua-mobile: ?0
accept: */*
origin: http://localhost:3000
sec-fetch-site: same-site
sec-fetch-mode: cors
sec-fetch-dest: empty
referer: http://localhost:3000/
accept-encoding: gzip, deflate, br, zstd
accept-language: ko-KR,ko;q=0.9,en-US;q=0.8,en;q=0.7


Security filter chain: [
  DisableEncodeUrlFilter
  WebAsyncManagerIntegrationFilter
  SecurityContextHolderFilter
  HeaderWriterFilter
  CorsFilter
  CsrfFilter
  LogoutFilter
  JwtAuthenticationFilter
  RequestCacheAwareFilter
  SecurityContextHolderAwareRequestFilter
  AnonymousAuthenticationFilter
  ExceptionTranslationFilter
  AuthorizationFilter
]


************************************************************


15:44:46.952 [http-nio-8888-exec-3] DEBUG o.s.security.web.FilterChainProxy -- Securing POST /api/v1/task
15:44:46.959 [http-nio-8888-exec-3] DEBUG o.s.security.web.FilterChainProxy -- Secured POST /api/v1/task
15:44:46.964 [http-nio-8888-exec-3] DEBUG o.s.web.servlet.DispatcherServlet -- POST "/api/v1/task", parameters={}
15:44:46.965 [http-nio-8888-exec-3] DEBUG o.s.w.s.m.m.a.RequestMappingHandlerMapping -- Mapped to com.example.demo.todo.api.TodoApi#addTask(TodoVO)
15:44:46.988 [http-nio-8888-exec-3] DEBUG o.s.w.s.m.m.a.RequestResponseBodyMethodProcessor -- Read "application/json;charset=UTF-8" to [{"task":"넌두번다시돌아오지않을순간에","dueDate":"2026-04-07","priority":"2","isDone":false}]
15:44:46.998 [http-nio-8888-exec-3] DEBUG o.s.w.s.m.m.a.RequestResponseBodyMethodProcessor -- Using 'application/json', given [*/*] and supported [application/json, application/*+json]
15:44:46.999 [http-nio-8888-exec-3] DEBUG o.s.w.s.m.m.a.RequestResponseBodyMethodProcessor -- Writing [com.example.demo.util.AjaxResponse@28c70efb]
15:44:47.000 [http-nio-8888-exec-3] DEBUG o.s.s.w.a.AnonymousAuthenticationFilter -- Set SecurityContextHolder to anonymous SecurityContext
15:44:47.015 [http-nio-8888-exec-3] DEBUG o.s.web.servlet.DispatcherServlet -- Completed 200 OK
15:44:47.025 [http-nio-8888-exec-6] INFO  Spring Security Debugger -- 

************************************************************

Request received for GET '/api/v1/task':

org.apache.catalina.connector.RequestFacade@71882c7c

servletPath:/api/v1/task
pathInfo:null
headers: 
host: localhost:8888
connection: keep-alive
sec-ch-ua-platform: "macOS"
user-agent: Mozilla/5.0 (Macintosh; Intel Mac OS X 10_15_7) AppleWebKit/537.36 (KHTML, like Gecko) Chrome/147.0.0.0 Safari/537.36
sec-ch-ua: "Google Chrome";v="147", "Not.A/Brand";v="8", "Chromium";v="147"
sec-ch-ua-mobile: ?0
accept: */*
origin: http://localhost:3000
sec-fetch-site: same-site
sec-fetch-mode: cors
sec-fetch-dest: empty
referer: http://localhost:3000/
accept-encoding: gzip, deflate, br, zstd
accept-language: ko-KR,ko;q=0.9,en-US;q=0.8,en;q=0.7


Security filter chain: [
  DisableEncodeUrlFilter
  WebAsyncManagerIntegrationFilter
  SecurityContextHolderFilter
  HeaderWriterFilter
  CorsFilter
  CsrfFilter
  LogoutFilter
  JwtAuthenticationFilter
  RequestCacheAwareFilter
  SecurityContextHolderAwareRequestFilter
  AnonymousAuthenticationFilter
  ExceptionTranslationFilter
  AuthorizationFilter
]


************************************************************


15:44:47.028 [http-nio-8888-exec-6] DEBUG o.s.security.web.FilterChainProxy -- Securing GET /api/v1/task
15:44:47.029 [http-nio-8888-exec-6] DEBUG o.s.security.web.FilterChainProxy -- Secured GET /api/v1/task
15:44:47.029 [http-nio-8888-exec-6] DEBUG o.s.web.servlet.DispatcherServlet -- GET "/api/v1/task", parameters={}
15:44:47.030 [http-nio-8888-exec-6] DEBUG o.s.w.s.m.m.a.RequestMappingHandlerMapping -- Mapped to com.example.demo.todo.api.TodoApi#getTasks()
15:44:47.037 [http-nio-8888-exec-6] DEBUG o.s.w.s.m.m.a.RequestResponseBodyMethodProcessor -- Using 'application/json', given [*/*] and supported [application/json, application/*+json]
15:44:47.038 [http-nio-8888-exec-6] DEBUG o.s.w.s.m.m.a.RequestResponseBodyMethodProcessor -- Writing [com.example.demo.util.AjaxResponse@4b0e3ab]
15:44:47.039 [http-nio-8888-exec-6] DEBUG o.s.s.w.a.AnonymousAuthenticationFilter -- Set SecurityContextHolder to anonymous SecurityContext
15:44:47.040 [http-nio-8888-exec-6] DEBUG o.s.web.servlet.DispatcherServlet -- Completed 200 OK
15:45:49.180 [http-nio-8888-exec-9] INFO  Spring Security Debugger -- 

************************************************************

Request received for GET '/api/v1/task':

org.apache.catalina.connector.RequestFacade@3e7a730e

servletPath:/api/v1/task
pathInfo:null
headers: 
host: localhost:8888
connection: keep-alive
sec-ch-ua-platform: "macOS"
user-agent: Mozilla/5.0 (Macintosh; Intel Mac OS X 10_15_7) AppleWebKit/537.36 (KHTML, like Gecko) Chrome/147.0.0.0 Safari/537.36
sec-ch-ua: "Google Chrome";v="147", "Not.A/Brand";v="8", "Chromium";v="147"
sec-ch-ua-mobile: ?0
accept: */*
origin: http://localhost:3000
sec-fetch-site: same-site
sec-fetch-mode: cors
sec-fetch-dest: empty
referer: http://localhost:3000/
accept-encoding: gzip, deflate, br, zstd
accept-language: ko-KR,ko;q=0.9,en-US;q=0.8,en;q=0.7


Security filter chain: [
  DisableEncodeUrlFilter
  WebAsyncManagerIntegrationFilter
  SecurityContextHolderFilter
  HeaderWriterFilter
  CorsFilter
  CsrfFilter
  LogoutFilter
  JwtAuthenticationFilter
  RequestCacheAwareFilter
  SecurityContextHolderAwareRequestFilter
  AnonymousAuthenticationFilter
  ExceptionTranslationFilter
  AuthorizationFilter
]


************************************************************


15:45:49.196 [http-nio-8888-exec-9] DEBUG o.s.security.web.FilterChainProxy -- Securing GET /api/v1/task
15:45:49.205 [http-nio-8888-exec-9] DEBUG o.s.security.web.FilterChainProxy -- Secured GET /api/v1/task
15:45:49.207 [http-nio-8888-exec-9] DEBUG o.s.web.servlet.DispatcherServlet -- GET "/api/v1/task", parameters={}
15:45:49.209 [http-nio-8888-exec-9] DEBUG o.s.w.s.m.m.a.RequestMappingHandlerMapping -- Mapped to com.example.demo.todo.api.TodoApi#getTasks()
15:45:49.220 [http-nio-8888-exec-9] DEBUG o.s.w.s.m.m.a.RequestResponseBodyMethodProcessor -- Using 'application/json', given [*/*] and supported [application/json, application/*+json]
15:45:49.221 [http-nio-8888-exec-9] DEBUG o.s.w.s.m.m.a.RequestResponseBodyMethodProcessor -- Writing [com.example.demo.util.AjaxResponse@628c46c9]
15:45:49.230 [http-nio-8888-exec-9] DEBUG o.s.s.w.a.AnonymousAuthenticationFilter -- Set SecurityContextHolder to anonymous SecurityContext
15:45:49.232 [http-nio-8888-exec-9] DEBUG o.s.web.servlet.DispatcherServlet -- Completed 200 OK
15:45:49.236 [http-nio-8888-exec-7] INFO  Spring Security Debugger -- 

************************************************************

Request received for GET '/api/v1/task':

org.apache.catalina.connector.RequestFacade@2fb51392

servletPath:/api/v1/task
pathInfo:null
headers: 
host: localhost:8888
connection: keep-alive
sec-ch-ua-platform: "macOS"
user-agent: Mozilla/5.0 (Macintosh; Intel Mac OS X 10_15_7) AppleWebKit/537.36 (KHTML, like Gecko) Chrome/147.0.0.0 Safari/537.36
sec-ch-ua: "Google Chrome";v="147", "Not.A/Brand";v="8", "Chromium";v="147"
sec-ch-ua-mobile: ?0
accept: */*
origin: http://localhost:3000
sec-fetch-site: same-site
sec-fetch-mode: cors
sec-fetch-dest: empty
referer: http://localhost:3000/
accept-encoding: gzip, deflate, br, zstd
accept-language: ko-KR,ko;q=0.9,en-US;q=0.8,en;q=0.7


Security filter chain: [
  DisableEncodeUrlFilter
  WebAsyncManagerIntegrationFilter
  SecurityContextHolderFilter
  HeaderWriterFilter
  CorsFilter
  CsrfFilter
  LogoutFilter
  JwtAuthenticationFilter
  RequestCacheAwareFilter
  SecurityContextHolderAwareRequestFilter
  AnonymousAuthenticationFilter
  ExceptionTranslationFilter
  AuthorizationFilter
]


************************************************************


15:45:49.250 [http-nio-8888-exec-7] DEBUG o.s.security.web.FilterChainProxy -- Securing GET /api/v1/task
15:45:49.252 [http-nio-8888-exec-7] DEBUG o.s.security.web.FilterChainProxy -- Secured GET /api/v1/task
15:45:49.254 [http-nio-8888-exec-7] DEBUG o.s.web.servlet.DispatcherServlet -- GET "/api/v1/task", parameters={}
15:45:49.254 [http-nio-8888-exec-7] DEBUG o.s.w.s.m.m.a.RequestMappingHandlerMapping -- Mapped to com.example.demo.todo.api.TodoApi#getTasks()
15:45:49.259 [http-nio-8888-exec-7] DEBUG o.s.w.s.m.m.a.RequestResponseBodyMethodProcessor -- Using 'application/json', given [*/*] and supported [application/json, application/*+json]
15:45:49.260 [http-nio-8888-exec-7] DEBUG o.s.w.s.m.m.a.RequestResponseBodyMethodProcessor -- Writing [com.example.demo.util.AjaxResponse@13a1e9b6]
15:45:49.265 [http-nio-8888-exec-7] DEBUG o.s.s.w.a.AnonymousAuthenticationFilter -- Set SecurityContextHolder to anonymous SecurityContext
15:45:49.267 [http-nio-8888-exec-7] DEBUG o.s.web.servlet.DispatcherServlet -- Completed 200 OK
16:57:43.824 [http-nio-8888-exec-2] INFO  Spring Security Debugger -- 

************************************************************

Request received for GET '/api/v1/task':

org.apache.catalina.connector.RequestFacade@6bd4b6e1

servletPath:/api/v1/task
pathInfo:null
headers: 
host: localhost:8888
connection: keep-alive
sec-ch-ua-platform: "macOS"
user-agent: Mozilla/5.0 (Macintosh; Intel Mac OS X 10_15_7) AppleWebKit/537.36 (KHTML, like Gecko) Chrome/147.0.0.0 Safari/537.36
sec-ch-ua: "Google Chrome";v="147", "Not.A/Brand";v="8", "Chromium";v="147"
sec-ch-ua-mobile: ?0
accept: */*
origin: http://localhost:3000
sec-fetch-site: same-site
sec-fetch-mode: cors
sec-fetch-dest: empty
referer: http://localhost:3000/
accept-encoding: gzip, deflate, br, zstd
accept-language: ko-KR,ko;q=0.9,en-US;q=0.8,en;q=0.7


Security filter chain: [
  DisableEncodeUrlFilter
  WebAsyncManagerIntegrationFilter
  SecurityContextHolderFilter
  HeaderWriterFilter
  CorsFilter
  CsrfFilter
  LogoutFilter
  JwtAuthenticationFilter
  RequestCacheAwareFilter
  SecurityContextHolderAwareRequestFilter
  AnonymousAuthenticationFilter
  ExceptionTranslationFilter
  AuthorizationFilter
]


************************************************************


16:57:43.885 [http-nio-8888-exec-2] DEBUG o.s.security.web.FilterChainProxy -- Securing GET /api/v1/task
16:57:43.929 [http-nio-8888-exec-2] DEBUG o.s.security.web.FilterChainProxy -- Secured GET /api/v1/task
16:57:43.940 [http-nio-8888-exec-2] DEBUG o.s.web.servlet.DispatcherServlet -- GET "/api/v1/task", parameters={}
16:57:43.946 [http-nio-8888-exec-2] DEBUG o.s.w.s.m.m.a.RequestMappingHandlerMapping -- Mapped to com.example.demo.todo.api.TodoApi#getTasks()
16:57:44.035 [http-nio-8888-exec-2] DEBUG o.s.w.s.m.m.a.RequestResponseBodyMethodProcessor -- Using 'application/json', given [*/*] and supported [application/json, application/*+json]
16:57:44.042 [http-nio-8888-exec-2] DEBUG o.s.w.s.m.m.a.RequestResponseBodyMethodProcessor -- Writing [com.example.demo.util.AjaxResponse@69926e4a]
16:57:44.069 [http-nio-8888-exec-2] DEBUG o.s.s.w.a.AnonymousAuthenticationFilter -- Set SecurityContextHolder to anonymous SecurityContext
16:57:44.072 [http-nio-8888-exec-2] DEBUG o.s.web.servlet.DispatcherServlet -- Completed 200 OK
16:57:44.076 [http-nio-8888-exec-5] INFO  Spring Security Debugger -- 

************************************************************

Request received for GET '/api/v1/task':

org.apache.catalina.connector.RequestFacade@41545c8d

servletPath:/api/v1/task
pathInfo:null
headers: 
host: localhost:8888
connection: keep-alive
sec-ch-ua-platform: "macOS"
user-agent: Mozilla/5.0 (Macintosh; Intel Mac OS X 10_15_7) AppleWebKit/537.36 (KHTML, like Gecko) Chrome/147.0.0.0 Safari/537.36
sec-ch-ua: "Google Chrome";v="147", "Not.A/Brand";v="8", "Chromium";v="147"
sec-ch-ua-mobile: ?0
accept: */*
origin: http://localhost:3000
sec-fetch-site: same-site
sec-fetch-mode: cors
sec-fetch-dest: empty
referer: http://localhost:3000/
accept-encoding: gzip, deflate, br, zstd
accept-language: ko-KR,ko;q=0.9,en-US;q=0.8,en;q=0.7


Security filter chain: [
  DisableEncodeUrlFilter
  WebAsyncManagerIntegrationFilter
  SecurityContextHolderFilter
  HeaderWriterFilter
  CorsFilter
  CsrfFilter
  LogoutFilter
  JwtAuthenticationFilter
  RequestCacheAwareFilter
  SecurityContextHolderAwareRequestFilter
  AnonymousAuthenticationFilter
  ExceptionTranslationFilter
  AuthorizationFilter
]


************************************************************


16:57:44.099 [http-nio-8888-exec-5] DEBUG o.s.security.web.FilterChainProxy -- Securing GET /api/v1/task
16:57:44.102 [http-nio-8888-exec-5] DEBUG o.s.security.web.FilterChainProxy -- Secured GET /api/v1/task
16:57:44.103 [http-nio-8888-exec-5] DEBUG o.s.web.servlet.DispatcherServlet -- GET "/api/v1/task", parameters={}
16:57:44.105 [http-nio-8888-exec-5] DEBUG o.s.w.s.m.m.a.RequestMappingHandlerMapping -- Mapped to com.example.demo.todo.api.TodoApi#getTasks()
16:57:44.111 [http-nio-8888-exec-5] DEBUG o.s.w.s.m.m.a.RequestResponseBodyMethodProcessor -- Using 'application/json', given [*/*] and supported [application/json, application/*+json]
16:57:44.112 [http-nio-8888-exec-5] DEBUG o.s.w.s.m.m.a.RequestResponseBodyMethodProcessor -- Writing [com.example.demo.util.AjaxResponse@594fb188]
16:57:44.114 [http-nio-8888-exec-5] DEBUG o.s.s.w.a.AnonymousAuthenticationFilter -- Set SecurityContextHolder to anonymous SecurityContext
16:57:44.115 [http-nio-8888-exec-5] DEBUG o.s.web.servlet.DispatcherServlet -- Completed 200 OK
16:59:10.726 [http-nio-8888-exec-6] INFO  Spring Security Debugger -- 

************************************************************

Request received for OPTIONS '/api/v1/task':

org.apache.catalina.connector.RequestFacade@71d168ef

servletPath:/api/v1/task
pathInfo:null
headers: 
host: localhost:8888
connection: keep-alive
accept: */*
access-control-request-method: POST
access-control-request-headers: content-type
origin: http://localhost:3000
user-agent: Mozilla/5.0 (Macintosh; Intel Mac OS X 10_15_7) AppleWebKit/537.36 (KHTML, like Gecko) Chrome/147.0.0.0 Safari/537.36
sec-fetch-mode: cors
sec-fetch-site: same-site
sec-fetch-dest: empty
referer: http://localhost:3000/
accept-encoding: gzip, deflate, br, zstd
accept-language: ko-KR,ko;q=0.9,en-US;q=0.8,en;q=0.7


Security filter chain: [
  DisableEncodeUrlFilter
  WebAsyncManagerIntegrationFilter
  SecurityContextHolderFilter
  HeaderWriterFilter
  CorsFilter
  CsrfFilter
  LogoutFilter
  JwtAuthenticationFilter
  RequestCacheAwareFilter
  SecurityContextHolderAwareRequestFilter
  AnonymousAuthenticationFilter
  ExceptionTranslationFilter
  AuthorizationFilter
]


************************************************************


16:59:10.782 [http-nio-8888-exec-6] DEBUG o.s.security.web.FilterChainProxy -- Securing OPTIONS /api/v1/task
16:59:10.811 [http-nio-8888-exec-4] INFO  Spring Security Debugger -- 

************************************************************

Request received for POST '/api/v1/task':

org.apache.catalina.connector.RequestFacade@6b0ffb0e

servletPath:/api/v1/task
pathInfo:null
headers: 
host: localhost:8888
connection: keep-alive
content-length: 76
sec-ch-ua-platform: "macOS"
user-agent: Mozilla/5.0 (Macintosh; Intel Mac OS X 10_15_7) AppleWebKit/537.36 (KHTML, like Gecko) Chrome/147.0.0.0 Safari/537.36
sec-ch-ua: "Google Chrome";v="147", "Not.A/Brand";v="8", "Chromium";v="147"
content-type: application/json
sec-ch-ua-mobile: ?0
accept: */*
origin: http://localhost:3000
sec-fetch-site: same-site
sec-fetch-mode: cors
sec-fetch-dest: empty
referer: http://localhost:3000/
accept-encoding: gzip, deflate, br, zstd
accept-language: ko-KR,ko;q=0.9,en-US;q=0.8,en;q=0.7


Security filter chain: [
  DisableEncodeUrlFilter
  WebAsyncManagerIntegrationFilter
  SecurityContextHolderFilter
  HeaderWriterFilter
  CorsFilter
  CsrfFilter
  LogoutFilter
  JwtAuthenticationFilter
  RequestCacheAwareFilter
  SecurityContextHolderAwareRequestFilter
  AnonymousAuthenticationFilter
  ExceptionTranslationFilter
  AuthorizationFilter
]


************************************************************


16:59:10.840 [http-nio-8888-exec-4] DEBUG o.s.security.web.FilterChainProxy -- Securing POST /api/v1/task
16:59:10.843 [http-nio-8888-exec-4] DEBUG o.s.security.web.FilterChainProxy -- Secured POST /api/v1/task
16:59:10.843 [http-nio-8888-exec-4] DEBUG o.s.web.servlet.DispatcherServlet -- POST "/api/v1/task", parameters={}
16:59:10.846 [http-nio-8888-exec-4] DEBUG o.s.w.s.m.m.a.RequestMappingHandlerMapping -- Mapped to com.example.demo.todo.api.TodoApi#addTask(TodoVO)
16:59:10.888 [http-nio-8888-exec-4] DEBUG o.s.w.s.m.m.a.RequestResponseBodyMethodProcessor -- Read "application/json;charset=UTF-8" to [{"task":"살아있어","dueDate":"2026-04-16","priority":"1","isDone":false}]
16:59:10.914 [http-nio-8888-exec-4] DEBUG o.s.w.s.m.m.a.RequestResponseBodyMethodProcessor -- Using 'application/json', given [*/*] and supported [application/json, application/*+json]
16:59:10.915 [http-nio-8888-exec-4] DEBUG o.s.w.s.m.m.a.RequestResponseBodyMethodProcessor -- Writing [com.example.demo.util.AjaxResponse@631b2fd1]
16:59:10.932 [http-nio-8888-exec-4] DEBUG o.s.s.w.a.AnonymousAuthenticationFilter -- Set SecurityContextHolder to anonymous SecurityContext
16:59:10.934 [http-nio-8888-exec-4] DEBUG o.s.web.servlet.DispatcherServlet -- Completed 200 OK
16:59:10.942 [http-nio-8888-exec-9] INFO  Spring Security Debugger -- 

************************************************************

Request received for GET '/api/v1/task':

org.apache.catalina.connector.RequestFacade@36b23217

servletPath:/api/v1/task
pathInfo:null
headers: 
host: localhost:8888
connection: keep-alive
sec-ch-ua-platform: "macOS"
user-agent: Mozilla/5.0 (Macintosh; Intel Mac OS X 10_15_7) AppleWebKit/537.36 (KHTML, like Gecko) Chrome/147.0.0.0 Safari/537.36
sec-ch-ua: "Google Chrome";v="147", "Not.A/Brand";v="8", "Chromium";v="147"
sec-ch-ua-mobile: ?0
accept: */*
origin: http://localhost:3000
sec-fetch-site: same-site
sec-fetch-mode: cors
sec-fetch-dest: empty
referer: http://localhost:3000/
accept-encoding: gzip, deflate, br, zstd
accept-language: ko-KR,ko;q=0.9,en-US;q=0.8,en;q=0.7


Security filter chain: [
  DisableEncodeUrlFilter
  WebAsyncManagerIntegrationFilter
  SecurityContextHolderFilter
  HeaderWriterFilter
  CorsFilter
  CsrfFilter
  LogoutFilter
  JwtAuthenticationFilter
  RequestCacheAwareFilter
  SecurityContextHolderAwareRequestFilter
  AnonymousAuthenticationFilter
  ExceptionTranslationFilter
  AuthorizationFilter
]


************************************************************


16:59:10.943 [http-nio-8888-exec-9] DEBUG o.s.security.web.FilterChainProxy -- Securing GET /api/v1/task
16:59:10.946 [http-nio-8888-exec-9] DEBUG o.s.security.web.FilterChainProxy -- Secured GET /api/v1/task
16:59:10.946 [http-nio-8888-exec-9] DEBUG o.s.web.servlet.DispatcherServlet -- GET "/api/v1/task", parameters={}
16:59:10.947 [http-nio-8888-exec-9] DEBUG o.s.w.s.m.m.a.RequestMappingHandlerMapping -- Mapped to com.example.demo.todo.api.TodoApi#getTasks()
16:59:10.953 [http-nio-8888-exec-9] DEBUG o.s.w.s.m.m.a.RequestResponseBodyMethodProcessor -- Using 'application/json', given [*/*] and supported [application/json, application/*+json]
16:59:10.953 [http-nio-8888-exec-9] DEBUG o.s.w.s.m.m.a.RequestResponseBodyMethodProcessor -- Writing [com.example.demo.util.AjaxResponse@6721f372]
16:59:10.954 [http-nio-8888-exec-9] DEBUG o.s.s.w.a.AnonymousAuthenticationFilter -- Set SecurityContextHolder to anonymous SecurityContext
16:59:10.955 [http-nio-8888-exec-9] DEBUG o.s.web.servlet.DispatcherServlet -- Completed 200 OK
16:59:15.706 [http-nio-8888-exec-7] INFO  Spring Security Debugger -- 

************************************************************

Request received for GET '/api/v1/task':

org.apache.catalina.connector.RequestFacade@768e2df3

servletPath:/api/v1/task
pathInfo:null
headers: 
host: localhost:8888
connection: keep-alive
sec-ch-ua-platform: "macOS"
user-agent: Mozilla/5.0 (Macintosh; Intel Mac OS X 10_15_7) AppleWebKit/537.36 (KHTML, like Gecko) Chrome/147.0.0.0 Safari/537.36
sec-ch-ua: "Google Chrome";v="147", "Not.A/Brand";v="8", "Chromium";v="147"
sec-ch-ua-mobile: ?0
accept: */*
origin: http://localhost:3000
sec-fetch-site: same-site
sec-fetch-mode: cors
sec-fetch-dest: empty
referer: http://localhost:3000/
accept-encoding: gzip, deflate, br, zstd
accept-language: ko-KR,ko;q=0.9,en-US;q=0.8,en;q=0.7


Security filter chain: [
  DisableEncodeUrlFilter
  WebAsyncManagerIntegrationFilter
  SecurityContextHolderFilter
  HeaderWriterFilter
  CorsFilter
  CsrfFilter
  LogoutFilter
  JwtAuthenticationFilter
  RequestCacheAwareFilter
  SecurityContextHolderAwareRequestFilter
  AnonymousAuthenticationFilter
  ExceptionTranslationFilter
  AuthorizationFilter
]


************************************************************


16:59:15.711 [http-nio-8888-exec-7] DEBUG o.s.security.web.FilterChainProxy -- Securing GET /api/v1/task
16:59:15.717 [http-nio-8888-exec-7] DEBUG o.s.security.web.FilterChainProxy -- Secured GET /api/v1/task
16:59:15.721 [http-nio-8888-exec-7] DEBUG o.s.web.servlet.DispatcherServlet -- GET "/api/v1/task", parameters={}
16:59:15.722 [http-nio-8888-exec-7] DEBUG o.s.w.s.m.m.a.RequestMappingHandlerMapping -- Mapped to com.example.demo.todo.api.TodoApi#getTasks()
16:59:15.742 [http-nio-8888-exec-7] DEBUG o.s.w.s.m.m.a.RequestResponseBodyMethodProcessor -- Using 'application/json', given [*/*] and supported [application/json, application/*+json]
16:59:15.744 [http-nio-8888-exec-7] DEBUG o.s.w.s.m.m.a.RequestResponseBodyMethodProcessor -- Writing [com.example.demo.util.AjaxResponse@7a62754f]
16:59:15.755 [http-nio-8888-exec-7] DEBUG o.s.s.w.a.AnonymousAuthenticationFilter -- Set SecurityContextHolder to anonymous SecurityContext
16:59:15.765 [http-nio-8888-exec-7] DEBUG o.s.web.servlet.DispatcherServlet -- Completed 200 OK
16:59:15.769 [http-nio-8888-exec-10] INFO  Spring Security Debugger -- 

************************************************************

Request received for GET '/api/v1/task':

org.apache.catalina.connector.RequestFacade@59f49cd

servletPath:/api/v1/task
pathInfo:null
headers: 
host: localhost:8888
connection: keep-alive
sec-ch-ua-platform: "macOS"
user-agent: Mozilla/5.0 (Macintosh; Intel Mac OS X 10_15_7) AppleWebKit/537.36 (KHTML, like Gecko) Chrome/147.0.0.0 Safari/537.36
sec-ch-ua: "Google Chrome";v="147", "Not.A/Brand";v="8", "Chromium";v="147"
sec-ch-ua-mobile: ?0
accept: */*
origin: http://localhost:3000
sec-fetch-site: same-site
sec-fetch-mode: cors
sec-fetch-dest: empty
referer: http://localhost:3000/
accept-encoding: gzip, deflate, br, zstd
accept-language: ko-KR,ko;q=0.9,en-US;q=0.8,en;q=0.7


Security filter chain: [
  DisableEncodeUrlFilter
  WebAsyncManagerIntegrationFilter
  SecurityContextHolderFilter
  HeaderWriterFilter
  CorsFilter
  CsrfFilter
  LogoutFilter
  JwtAuthenticationFilter
  RequestCacheAwareFilter
  SecurityContextHolderAwareRequestFilter
  AnonymousAuthenticationFilter
  ExceptionTranslationFilter
  AuthorizationFilter
]


************************************************************


16:59:15.775 [http-nio-8888-exec-10] DEBUG o.s.security.web.FilterChainProxy -- Securing GET /api/v1/task
16:59:15.777 [http-nio-8888-exec-10] DEBUG o.s.security.web.FilterChainProxy -- Secured GET /api/v1/task
16:59:15.781 [http-nio-8888-exec-10] DEBUG o.s.web.servlet.DispatcherServlet -- GET "/api/v1/task", parameters={}
16:59:15.783 [http-nio-8888-exec-10] DEBUG o.s.w.s.m.m.a.RequestMappingHandlerMapping -- Mapped to com.example.demo.todo.api.TodoApi#getTasks()
16:59:15.794 [http-nio-8888-exec-10] DEBUG o.s.w.s.m.m.a.RequestResponseBodyMethodProcessor -- Using 'application/json', given [*/*] and supported [application/json, application/*+json]
16:59:15.796 [http-nio-8888-exec-10] DEBUG o.s.w.s.m.m.a.RequestResponseBodyMethodProcessor -- Writing [com.example.demo.util.AjaxResponse@6819bd83]
16:59:15.805 [http-nio-8888-exec-10] DEBUG o.s.s.w.a.AnonymousAuthenticationFilter -- Set SecurityContextHolder to anonymous SecurityContext
16:59:15.807 [http-nio-8888-exec-10] DEBUG o.s.web.servlet.DispatcherServlet -- Completed 200 OK
17:04:53.477 [http-nio-8888-exec-5] INFO  Spring Security Debugger -- 

************************************************************

Request received for GET '/api/v1/task':

org.apache.catalina.connector.RequestFacade@d00f920

servletPath:/api/v1/task
pathInfo:null
headers: 
host: localhost:8888
connection: keep-alive
pragma: no-cache
cache-control: no-cache
sec-ch-ua-platform: "macOS"
user-agent: Mozilla/5.0 (Macintosh; Intel Mac OS X 10_15_7) AppleWebKit/537.36 (KHTML, like Gecko) Chrome/147.0.0.0 Safari/537.36
sec-ch-ua: "Google Chrome";v="147", "Not.A/Brand";v="8", "Chromium";v="147"
sec-ch-ua-mobile: ?0
accept: */*
origin: http://localhost:3000
sec-fetch-site: same-site
sec-fetch-mode: cors
sec-fetch-dest: empty
referer: http://localhost:3000/
accept-encoding: gzip, deflate, br, zstd
accept-language: ko-KR,ko;q=0.9,en-US;q=0.8,en;q=0.7


Security filter chain: [
  DisableEncodeUrlFilter
  WebAsyncManagerIntegrationFilter
  SecurityContextHolderFilter
  HeaderWriterFilter
  CorsFilter
  CsrfFilter
  LogoutFilter
  JwtAuthenticationFilter
  RequestCacheAwareFilter
  SecurityContextHolderAwareRequestFilter
  AnonymousAuthenticationFilter
  ExceptionTranslationFilter
  AuthorizationFilter
]


************************************************************


17:04:53.477 [http-nio-8888-exec-3] INFO  Spring Security Debugger -- 

************************************************************

Request received for GET '/api/v1/task':

org.apache.catalina.connector.RequestFacade@5b9cafdd

servletPath:/api/v1/task
pathInfo:null
headers: 
host: localhost:8888
connection: keep-alive
pragma: no-cache
cache-control: no-cache
sec-ch-ua-platform: "macOS"
user-agent: Mozilla/5.0 (Macintosh; Intel Mac OS X 10_15_7) AppleWebKit/537.36 (KHTML, like Gecko) Chrome/147.0.0.0 Safari/537.36
sec-ch-ua: "Google Chrome";v="147", "Not.A/Brand";v="8", "Chromium";v="147"
sec-ch-ua-mobile: ?0
accept: */*
origin: http://localhost:3000
sec-fetch-site: same-site
sec-fetch-mode: cors
sec-fetch-dest: empty
referer: http://localhost:3000/
accept-encoding: gzip, deflate, br, zstd
accept-language: ko-KR,ko;q=0.9,en-US;q=0.8,en;q=0.7


Security filter chain: [
  DisableEncodeUrlFilter
  WebAsyncManagerIntegrationFilter
  SecurityContextHolderFilter
  HeaderWriterFilter
  CorsFilter
  CsrfFilter
  LogoutFilter
  JwtAuthenticationFilter
  RequestCacheAwareFilter
  SecurityContextHolderAwareRequestFilter
  AnonymousAuthenticationFilter
  ExceptionTranslationFilter
  AuthorizationFilter
]


************************************************************


17:04:53.648 [http-nio-8888-exec-3] DEBUG o.s.security.web.FilterChainProxy -- Securing GET /api/v1/task
17:04:53.648 [http-nio-8888-exec-5] DEBUG o.s.security.web.FilterChainProxy -- Securing GET /api/v1/task
17:04:53.656 [http-nio-8888-exec-5] DEBUG o.s.security.web.FilterChainProxy -- Secured GET /api/v1/task
17:04:53.656 [http-nio-8888-exec-3] DEBUG o.s.security.web.FilterChainProxy -- Secured GET /api/v1/task
17:04:53.658 [http-nio-8888-exec-5] DEBUG o.s.web.servlet.DispatcherServlet -- GET "/api/v1/task", parameters={}
17:04:53.659 [http-nio-8888-exec-3] DEBUG o.s.web.servlet.DispatcherServlet -- GET "/api/v1/task", parameters={}
17:04:53.660 [http-nio-8888-exec-5] DEBUG o.s.w.s.m.m.a.RequestMappingHandlerMapping -- Mapped to com.example.demo.todo.api.TodoApi#getTasks()
17:04:53.706 [http-nio-8888-exec-3] DEBUG o.s.w.s.m.m.a.RequestMappingHandlerMapping -- Mapped to com.example.demo.todo.api.TodoApi#getTasks()
17:04:53.718 [http-nio-8888-exec-3] DEBUG o.s.w.s.m.m.a.RequestResponseBodyMethodProcessor -- Using 'application/json', given [*/*] and supported [application/json, application/*+json]
17:04:53.718 [http-nio-8888-exec-3] DEBUG o.s.w.s.m.m.a.RequestResponseBodyMethodProcessor -- Writing [com.example.demo.util.AjaxResponse@7e37b614]
17:04:53.719 [http-nio-8888-exec-5] DEBUG o.s.w.s.m.m.a.RequestResponseBodyMethodProcessor -- Using 'application/json', given [*/*] and supported [application/json, application/*+json]
17:04:53.720 [http-nio-8888-exec-5] DEBUG o.s.w.s.m.m.a.RequestResponseBodyMethodProcessor -- Writing [com.example.demo.util.AjaxResponse@bea7589]
17:04:53.722 [http-nio-8888-exec-3] DEBUG o.s.s.w.a.AnonymousAuthenticationFilter -- Set SecurityContextHolder to anonymous SecurityContext
17:04:53.722 [http-nio-8888-exec-5] DEBUG o.s.s.w.a.AnonymousAuthenticationFilter -- Set SecurityContextHolder to anonymous SecurityContext
17:04:53.723 [http-nio-8888-exec-5] DEBUG o.s.web.servlet.DispatcherServlet -- Completed 200 OK
17:04:53.722 [http-nio-8888-exec-3] DEBUG o.s.web.servlet.DispatcherServlet -- Completed 200 OK
17:06:49.986 [http-nio-8888-exec-9] INFO  Spring Security Debugger -- 

************************************************************

Request received for GET '/api/v1/task':

org.apache.catalina.connector.RequestFacade@aae0e9b

servletPath:/api/v1/task
pathInfo:null
headers: 
host: localhost:8888
connection: keep-alive
pragma: no-cache
cache-control: no-cache
sec-ch-ua-platform: "macOS"
user-agent: Mozilla/5.0 (Macintosh; Intel Mac OS X 10_15_7) AppleWebKit/537.36 (KHTML, like Gecko) Chrome/147.0.0.0 Safari/537.36
sec-ch-ua: "Google Chrome";v="147", "Not.A/Brand";v="8", "Chromium";v="147"
sec-ch-ua-mobile: ?0
accept: */*
origin: http://localhost:3000
sec-fetch-site: same-site
sec-fetch-mode: cors
sec-fetch-dest: empty
referer: http://localhost:3000/
accept-encoding: gzip, deflate, br, zstd
accept-language: ko-KR,ko;q=0.9,en-US;q=0.8,en;q=0.7


Security filter chain: [
  DisableEncodeUrlFilter
  WebAsyncManagerIntegrationFilter
  SecurityContextHolderFilter
  HeaderWriterFilter
  CorsFilter
  CsrfFilter
  LogoutFilter
  JwtAuthenticationFilter
  RequestCacheAwareFilter
  SecurityContextHolderAwareRequestFilter
  AnonymousAuthenticationFilter
  ExceptionTranslationFilter
  AuthorizationFilter
]


************************************************************


17:06:49.986 [http-nio-8888-exec-4] INFO  Spring Security Debugger -- 

************************************************************

Request received for GET '/api/v1/task':

org.apache.catalina.connector.RequestFacade@29c24bd0

servletPath:/api/v1/task
pathInfo:null
headers: 
host: localhost:8888
connection: keep-alive
pragma: no-cache
cache-control: no-cache
sec-ch-ua-platform: "macOS"
user-agent: Mozilla/5.0 (Macintosh; Intel Mac OS X 10_15_7) AppleWebKit/537.36 (KHTML, like Gecko) Chrome/147.0.0.0 Safari/537.36
sec-ch-ua: "Google Chrome";v="147", "Not.A/Brand";v="8", "Chromium";v="147"
sec-ch-ua-mobile: ?0
accept: */*
origin: http://localhost:3000
sec-fetch-site: same-site
sec-fetch-mode: cors
sec-fetch-dest: empty
referer: http://localhost:3000/
accept-encoding: gzip, deflate, br, zstd
accept-language: ko-KR,ko;q=0.9,en-US;q=0.8,en;q=0.7


Security filter chain: [
  DisableEncodeUrlFilter
  WebAsyncManagerIntegrationFilter
  SecurityContextHolderFilter
  HeaderWriterFilter
  CorsFilter
  CsrfFilter
  LogoutFilter
  JwtAuthenticationFilter
  RequestCacheAwareFilter
  SecurityContextHolderAwareRequestFilter
  AnonymousAuthenticationFilter
  ExceptionTranslationFilter
  AuthorizationFilter
]


************************************************************


17:06:50.051 [http-nio-8888-exec-9] DEBUG o.s.security.web.FilterChainProxy -- Securing GET /api/v1/task
17:06:50.060 [http-nio-8888-exec-4] DEBUG o.s.security.web.FilterChainProxy -- Securing GET /api/v1/task
17:06:50.064 [http-nio-8888-exec-9] DEBUG o.s.security.web.FilterChainProxy -- Secured GET /api/v1/task
17:06:50.064 [http-nio-8888-exec-4] DEBUG o.s.security.web.FilterChainProxy -- Secured GET /api/v1/task
17:06:50.065 [http-nio-8888-exec-4] DEBUG o.s.web.servlet.DispatcherServlet -- GET "/api/v1/task", parameters={}
17:06:50.065 [http-nio-8888-exec-9] DEBUG o.s.web.servlet.DispatcherServlet -- GET "/api/v1/task", parameters={}
17:06:50.066 [http-nio-8888-exec-4] DEBUG o.s.w.s.m.m.a.RequestMappingHandlerMapping -- Mapped to com.example.demo.todo.api.TodoApi#getTasks()
17:06:50.066 [http-nio-8888-exec-9] DEBUG o.s.w.s.m.m.a.RequestMappingHandlerMapping -- Mapped to com.example.demo.todo.api.TodoApi#getTasks()
17:06:50.073 [http-nio-8888-exec-4] DEBUG o.s.w.s.m.m.a.RequestResponseBodyMethodProcessor -- Using 'application/json', given [*/*] and supported [application/json, application/*+json]
17:06:50.074 [http-nio-8888-exec-9] DEBUG o.s.w.s.m.m.a.RequestResponseBodyMethodProcessor -- Using 'application/json', given [*/*] and supported [application/json, application/*+json]
17:06:50.103 [http-nio-8888-exec-4] DEBUG o.s.w.s.m.m.a.RequestResponseBodyMethodProcessor -- Writing [com.example.demo.util.AjaxResponse@5e59d41c]
17:06:50.103 [http-nio-8888-exec-9] DEBUG o.s.w.s.m.m.a.RequestResponseBodyMethodProcessor -- Writing [com.example.demo.util.AjaxResponse@a14ab09]
17:06:50.107 [http-nio-8888-exec-9] DEBUG o.s.s.w.a.AnonymousAuthenticationFilter -- Set SecurityContextHolder to anonymous SecurityContext
17:06:50.107 [http-nio-8888-exec-4] DEBUG o.s.s.w.a.AnonymousAuthenticationFilter -- Set SecurityContextHolder to anonymous SecurityContext
17:06:50.108 [http-nio-8888-exec-9] DEBUG o.s.web.servlet.DispatcherServlet -- Completed 200 OK
17:06:50.108 [http-nio-8888-exec-4] DEBUG o.s.web.servlet.DispatcherServlet -- Completed 200 OK
17:06:53.234 [http-nio-8888-exec-7] INFO  Spring Security Debugger -- 

************************************************************

Request received for OPTIONS '/api/v1/task/task_20':

org.apache.catalina.connector.RequestFacade@7d4cd012

servletPath:/api/v1/task/task_20
pathInfo:null
headers: 
host: localhost:8888
connection: keep-alive
accept: */*
access-control-request-method: PUT
origin: http://localhost:3000
user-agent: Mozilla/5.0 (Macintosh; Intel Mac OS X 10_15_7) AppleWebKit/537.36 (KHTML, like Gecko) Chrome/147.0.0.0 Safari/537.36
sec-fetch-mode: cors
sec-fetch-site: same-site
sec-fetch-dest: empty
referer: http://localhost:3000/
accept-encoding: gzip, deflate, br, zstd
accept-language: ko-KR,ko;q=0.9,en-US;q=0.8,en;q=0.7


Security filter chain: [
  DisableEncodeUrlFilter
  WebAsyncManagerIntegrationFilter
  SecurityContextHolderFilter
  HeaderWriterFilter
  CorsFilter
  CsrfFilter
  LogoutFilter
  JwtAuthenticationFilter
  RequestCacheAwareFilter
  SecurityContextHolderAwareRequestFilter
  AnonymousAuthenticationFilter
  ExceptionTranslationFilter
  AuthorizationFilter
]


************************************************************


17:06:53.242 [http-nio-8888-exec-7] DEBUG o.s.security.web.FilterChainProxy -- Securing OPTIONS /api/v1/task/task_20
17:06:53.251 [http-nio-8888-exec-10] INFO  Spring Security Debugger -- 

************************************************************

Request received for PUT '/api/v1/task/task_20':

org.apache.catalina.connector.RequestFacade@2b04a2ad

servletPath:/api/v1/task/task_20
pathInfo:null
headers: 
host: localhost:8888
connection: keep-alive
content-length: 0
sec-ch-ua-platform: "macOS"
user-agent: Mozilla/5.0 (Macintosh; Intel Mac OS X 10_15_7) AppleWebKit/537.36 (KHTML, like Gecko) Chrome/147.0.0.0 Safari/537.36
sec-ch-ua: "Google Chrome";v="147", "Not.A/Brand";v="8", "Chromium";v="147"
sec-ch-ua-mobile: ?0
accept: */*
origin: http://localhost:3000
sec-fetch-site: same-site
sec-fetch-mode: cors
sec-fetch-dest: empty
referer: http://localhost:3000/
accept-encoding: gzip, deflate, br, zstd
accept-language: ko-KR,ko;q=0.9,en-US;q=0.8,en;q=0.7


Security filter chain: [
  DisableEncodeUrlFilter
  WebAsyncManagerIntegrationFilter
  SecurityContextHolderFilter
  HeaderWriterFilter
  CorsFilter
  CsrfFilter
  LogoutFilter
  JwtAuthenticationFilter
  RequestCacheAwareFilter
  SecurityContextHolderAwareRequestFilter
  AnonymousAuthenticationFilter
  ExceptionTranslationFilter
  AuthorizationFilter
]


************************************************************


17:06:53.254 [http-nio-8888-exec-10] DEBUG o.s.security.web.FilterChainProxy -- Securing PUT /api/v1/task/task_20
17:06:53.259 [http-nio-8888-exec-10] DEBUG o.s.security.web.FilterChainProxy -- Secured PUT /api/v1/task/task_20
17:06:53.259 [http-nio-8888-exec-10] DEBUG o.s.web.servlet.DispatcherServlet -- PUT "/api/v1/task/task_20", parameters={}
17:06:53.261 [http-nio-8888-exec-10] DEBUG o.s.w.s.m.m.a.RequestMappingHandlerMapping -- Mapped to com.example.demo.todo.api.TodoApi#done(String)
17:06:53.310 [http-nio-8888-exec-10] DEBUG o.s.w.s.m.m.a.RequestResponseBodyMethodProcessor -- Using 'application/json', given [*/*] and supported [application/json, application/*+json]
17:06:53.311 [http-nio-8888-exec-10] DEBUG o.s.w.s.m.m.a.RequestResponseBodyMethodProcessor -- Writing [com.example.demo.util.AjaxResponse@9b4ba92]
17:06:53.317 [http-nio-8888-exec-10] DEBUG o.s.s.w.a.AnonymousAuthenticationFilter -- Set SecurityContextHolder to anonymous SecurityContext
17:06:53.318 [http-nio-8888-exec-10] DEBUG o.s.web.servlet.DispatcherServlet -- Completed 200 OK
17:06:55.978 [http-nio-8888-exec-8] INFO  Spring Security Debugger -- 

************************************************************

Request received for OPTIONS '/api/v1/task/task_21':

org.apache.catalina.connector.RequestFacade@10687b0c

servletPath:/api/v1/task/task_21
pathInfo:null
headers: 
host: localhost:8888
connection: keep-alive
accept: */*
access-control-request-method: PUT
origin: http://localhost:3000
user-agent: Mozilla/5.0 (Macintosh; Intel Mac OS X 10_15_7) AppleWebKit/537.36 (KHTML, like Gecko) Chrome/147.0.0.0 Safari/537.36
sec-fetch-mode: cors
sec-fetch-site: same-site
sec-fetch-dest: empty
referer: http://localhost:3000/
accept-encoding: gzip, deflate, br, zstd
accept-language: ko-KR,ko;q=0.9,en-US;q=0.8,en;q=0.7


Security filter chain: [
  DisableEncodeUrlFilter
  WebAsyncManagerIntegrationFilter
  SecurityContextHolderFilter
  HeaderWriterFilter
  CorsFilter
  CsrfFilter
  LogoutFilter
  JwtAuthenticationFilter
  RequestCacheAwareFilter
  SecurityContextHolderAwareRequestFilter
  AnonymousAuthenticationFilter
  ExceptionTranslationFilter
  AuthorizationFilter
]


************************************************************


17:06:55.980 [http-nio-8888-exec-8] DEBUG o.s.security.web.FilterChainProxy -- Securing OPTIONS /api/v1/task/task_21
17:06:55.987 [http-nio-8888-exec-2] INFO  Spring Security Debugger -- 

************************************************************

Request received for PUT '/api/v1/task/task_21':

org.apache.catalina.connector.RequestFacade@52ec08e8

servletPath:/api/v1/task/task_21
pathInfo:null
headers: 
host: localhost:8888
connection: keep-alive
content-length: 0
sec-ch-ua-platform: "macOS"
user-agent: Mozilla/5.0 (Macintosh; Intel Mac OS X 10_15_7) AppleWebKit/537.36 (KHTML, like Gecko) Chrome/147.0.0.0 Safari/537.36
sec-ch-ua: "Google Chrome";v="147", "Not.A/Brand";v="8", "Chromium";v="147"
sec-ch-ua-mobile: ?0
accept: */*
origin: http://localhost:3000
sec-fetch-site: same-site
sec-fetch-mode: cors
sec-fetch-dest: empty
referer: http://localhost:3000/
accept-encoding: gzip, deflate, br, zstd
accept-language: ko-KR,ko;q=0.9,en-US;q=0.8,en;q=0.7


Security filter chain: [
  DisableEncodeUrlFilter
  WebAsyncManagerIntegrationFilter
  SecurityContextHolderFilter
  HeaderWriterFilter
  CorsFilter
  CsrfFilter
  LogoutFilter
  JwtAuthenticationFilter
  RequestCacheAwareFilter
  SecurityContextHolderAwareRequestFilter
  AnonymousAuthenticationFilter
  ExceptionTranslationFilter
  AuthorizationFilter
]


************************************************************


17:06:55.989 [http-nio-8888-exec-2] DEBUG o.s.security.web.FilterChainProxy -- Securing PUT /api/v1/task/task_21
17:06:55.990 [http-nio-8888-exec-2] DEBUG o.s.security.web.FilterChainProxy -- Secured PUT /api/v1/task/task_21
17:06:55.991 [http-nio-8888-exec-2] DEBUG o.s.web.servlet.DispatcherServlet -- PUT "/api/v1/task/task_21", parameters={}
17:06:55.992 [http-nio-8888-exec-2] DEBUG o.s.w.s.m.m.a.RequestMappingHandlerMapping -- Mapped to com.example.demo.todo.api.TodoApi#done(String)
17:06:56.005 [http-nio-8888-exec-2] DEBUG o.s.w.s.m.m.a.RequestResponseBodyMethodProcessor -- Using 'application/json', given [*/*] and supported [application/json, application/*+json]
17:06:56.006 [http-nio-8888-exec-2] DEBUG o.s.w.s.m.m.a.RequestResponseBodyMethodProcessor -- Writing [com.example.demo.util.AjaxResponse@383a150a]
17:06:56.007 [http-nio-8888-exec-2] DEBUG o.s.s.w.a.AnonymousAuthenticationFilter -- Set SecurityContextHolder to anonymous SecurityContext
17:06:56.007 [http-nio-8888-exec-2] DEBUG o.s.web.servlet.DispatcherServlet -- Completed 200 OK
17:06:58.323 [http-nio-8888-exec-3] INFO  Spring Security Debugger -- 

************************************************************

Request received for OPTIONS '/api/v1/task':

org.apache.catalina.connector.RequestFacade@48edcc82

servletPath:/api/v1/task
pathInfo:null
headers: 
host: localhost:8888
connection: keep-alive
accept: */*
access-control-request-method: PUT
origin: http://localhost:3000
user-agent: Mozilla/5.0 (Macintosh; Intel Mac OS X 10_15_7) AppleWebKit/537.36 (KHTML, like Gecko) Chrome/147.0.0.0 Safari/537.36
sec-fetch-mode: cors
sec-fetch-site: same-site
sec-fetch-dest: empty
referer: http://localhost:3000/
accept-encoding: gzip, deflate, br, zstd
accept-language: ko-KR,ko;q=0.9,en-US;q=0.8,en;q=0.7


Security filter chain: [
  DisableEncodeUrlFilter
  WebAsyncManagerIntegrationFilter
  SecurityContextHolderFilter
  HeaderWriterFilter
  CorsFilter
  CsrfFilter
  LogoutFilter
  JwtAuthenticationFilter
  RequestCacheAwareFilter
  SecurityContextHolderAwareRequestFilter
  AnonymousAuthenticationFilter
  ExceptionTranslationFilter
  AuthorizationFilter
]


************************************************************


17:06:58.325 [http-nio-8888-exec-3] DEBUG o.s.security.web.FilterChainProxy -- Securing OPTIONS /api/v1/task
17:06:58.333 [http-nio-8888-exec-5] INFO  Spring Security Debugger -- 

************************************************************

Request received for PUT '/api/v1/task':

org.apache.catalina.connector.RequestFacade@68b9f04d

servletPath:/api/v1/task
pathInfo:null
headers: 
host: localhost:8888
connection: keep-alive
content-length: 0
sec-ch-ua-platform: "macOS"
user-agent: Mozilla/5.0 (Macintosh; Intel Mac OS X 10_15_7) AppleWebKit/537.36 (KHTML, like Gecko) Chrome/147.0.0.0 Safari/537.36
sec-ch-ua: "Google Chrome";v="147", "Not.A/Brand";v="8", "Chromium";v="147"
sec-ch-ua-mobile: ?0
accept: */*
origin: http://localhost:3000
sec-fetch-site: same-site
sec-fetch-mode: cors
sec-fetch-dest: empty
referer: http://localhost:3000/
accept-encoding: gzip, deflate, br, zstd
accept-language: ko-KR,ko;q=0.9,en-US;q=0.8,en;q=0.7


Security filter chain: [
  DisableEncodeUrlFilter
  WebAsyncManagerIntegrationFilter
  SecurityContextHolderFilter
  HeaderWriterFilter
  CorsFilter
  CsrfFilter
  LogoutFilter
  JwtAuthenticationFilter
  RequestCacheAwareFilter
  SecurityContextHolderAwareRequestFilter
  AnonymousAuthenticationFilter
  ExceptionTranslationFilter
  AuthorizationFilter
]


************************************************************


17:06:58.335 [http-nio-8888-exec-5] DEBUG o.s.security.web.FilterChainProxy -- Securing PUT /api/v1/task
17:06:58.337 [http-nio-8888-exec-5] DEBUG o.s.security.web.FilterChainProxy -- Secured PUT /api/v1/task
17:06:58.339 [http-nio-8888-exec-5] DEBUG o.s.web.servlet.DispatcherServlet -- PUT "/api/v1/task", parameters={}
17:06:58.340 [http-nio-8888-exec-5] DEBUG o.s.w.s.m.m.a.RequestMappingHandlerMapping -- Mapped to com.example.demo.todo.api.TodoApi#allDone()
17:06:58.369 [http-nio-8888-exec-5] DEBUG o.s.w.s.m.m.a.RequestResponseBodyMethodProcessor -- Using 'application/json', given [*/*] and supported [application/json, application/*+json]
17:06:58.370 [http-nio-8888-exec-5] DEBUG o.s.w.s.m.m.a.RequestResponseBodyMethodProcessor -- Writing [com.example.demo.util.AjaxResponse@4cdedf23]
17:06:58.373 [http-nio-8888-exec-5] DEBUG o.s.s.w.a.AnonymousAuthenticationFilter -- Set SecurityContextHolder to anonymous SecurityContext
17:06:58.373 [http-nio-8888-exec-5] DEBUG o.s.web.servlet.DispatcherServlet -- Completed 200 OK
17:06:58.377 [http-nio-8888-exec-6] INFO  Spring Security Debugger -- 

************************************************************

Request received for GET '/api/v1/task':

org.apache.catalina.connector.RequestFacade@53fb8863

servletPath:/api/v1/task
pathInfo:null
headers: 
host: localhost:8888
connection: keep-alive
sec-ch-ua-platform: "macOS"
user-agent: Mozilla/5.0 (Macintosh; Intel Mac OS X 10_15_7) AppleWebKit/537.36 (KHTML, like Gecko) Chrome/147.0.0.0 Safari/537.36
sec-ch-ua: "Google Chrome";v="147", "Not.A/Brand";v="8", "Chromium";v="147"
sec-ch-ua-mobile: ?0
accept: */*
origin: http://localhost:3000
sec-fetch-site: same-site
sec-fetch-mode: cors
sec-fetch-dest: empty
referer: http://localhost:3000/
accept-encoding: gzip, deflate, br, zstd
accept-language: ko-KR,ko;q=0.9,en-US;q=0.8,en;q=0.7


Security filter chain: [
  DisableEncodeUrlFilter
  WebAsyncManagerIntegrationFilter
  SecurityContextHolderFilter
  HeaderWriterFilter
  CorsFilter
  CsrfFilter
  LogoutFilter
  JwtAuthenticationFilter
  RequestCacheAwareFilter
  SecurityContextHolderAwareRequestFilter
  AnonymousAuthenticationFilter
  ExceptionTranslationFilter
  AuthorizationFilter
]


************************************************************


17:06:58.378 [http-nio-8888-exec-6] DEBUG o.s.security.web.FilterChainProxy -- Securing GET /api/v1/task
17:06:58.380 [http-nio-8888-exec-6] DEBUG o.s.security.web.FilterChainProxy -- Secured GET /api/v1/task
17:06:58.380 [http-nio-8888-exec-6] DEBUG o.s.web.servlet.DispatcherServlet -- GET "/api/v1/task", parameters={}
17:06:58.383 [http-nio-8888-exec-6] DEBUG o.s.w.s.m.m.a.RequestMappingHandlerMapping -- Mapped to com.example.demo.todo.api.TodoApi#getTasks()
17:06:58.386 [http-nio-8888-exec-6] DEBUG o.s.w.s.m.m.a.RequestResponseBodyMethodProcessor -- Using 'application/json', given [*/*] and supported [application/json, application/*+json]
17:06:58.386 [http-nio-8888-exec-6] DEBUG o.s.w.s.m.m.a.RequestResponseBodyMethodProcessor -- Writing [com.example.demo.util.AjaxResponse@63a0b5ac]
17:06:58.387 [http-nio-8888-exec-6] DEBUG o.s.s.w.a.AnonymousAuthenticationFilter -- Set SecurityContextHolder to anonymous SecurityContext
17:06:58.389 [http-nio-8888-exec-6] DEBUG o.s.web.servlet.DispatcherServlet -- Completed 200 OK
17:06:59.741 [http-nio-8888-exec-4] INFO  Spring Security Debugger -- 

************************************************************

Request received for GET '/api/v1/task':

org.apache.catalina.connector.RequestFacade@4a9a9352

servletPath:/api/v1/task
pathInfo:null
headers: 
host: localhost:8888
connection: keep-alive
pragma: no-cache
cache-control: no-cache
sec-ch-ua-platform: "macOS"
user-agent: Mozilla/5.0 (Macintosh; Intel Mac OS X 10_15_7) AppleWebKit/537.36 (KHTML, like Gecko) Chrome/147.0.0.0 Safari/537.36
sec-ch-ua: "Google Chrome";v="147", "Not.A/Brand";v="8", "Chromium";v="147"
sec-ch-ua-mobile: ?0
accept: */*
origin: http://localhost:3000
sec-fetch-site: same-site
sec-fetch-mode: cors
sec-fetch-dest: empty
referer: http://localhost:3000/
accept-encoding: gzip, deflate, br, zstd
accept-language: ko-KR,ko;q=0.9,en-US;q=0.8,en;q=0.7


Security filter chain: [
  DisableEncodeUrlFilter
  WebAsyncManagerIntegrationFilter
  SecurityContextHolderFilter
  HeaderWriterFilter
  CorsFilter
  CsrfFilter
  LogoutFilter
  JwtAuthenticationFilter
  RequestCacheAwareFilter
  SecurityContextHolderAwareRequestFilter
  AnonymousAuthenticationFilter
  ExceptionTranslationFilter
  AuthorizationFilter
]


************************************************************


17:06:59.742 [http-nio-8888-exec-4] DEBUG o.s.security.web.FilterChainProxy -- Securing GET /api/v1/task
17:06:59.742 [http-nio-8888-exec-1] INFO  Spring Security Debugger -- 

************************************************************

Request received for GET '/api/v1/task':

org.apache.catalina.connector.RequestFacade@8ca8d91

servletPath:/api/v1/task
pathInfo:null
headers: 
host: localhost:8888
connection: keep-alive
pragma: no-cache
cache-control: no-cache
sec-ch-ua-platform: "macOS"
user-agent: Mozilla/5.0 (Macintosh; Intel Mac OS X 10_15_7) AppleWebKit/537.36 (KHTML, like Gecko) Chrome/147.0.0.0 Safari/537.36
sec-ch-ua: "Google Chrome";v="147", "Not.A/Brand";v="8", "Chromium";v="147"
sec-ch-ua-mobile: ?0
accept: */*
origin: http://localhost:3000
sec-fetch-site: same-site
sec-fetch-mode: cors
sec-fetch-dest: empty
referer: http://localhost:3000/
accept-encoding: gzip, deflate, br, zstd
accept-language: ko-KR,ko;q=0.9,en-US;q=0.8,en;q=0.7


Security filter chain: [
  DisableEncodeUrlFilter
  WebAsyncManagerIntegrationFilter
  SecurityContextHolderFilter
  HeaderWriterFilter
  CorsFilter
  CsrfFilter
  LogoutFilter
  JwtAuthenticationFilter
  RequestCacheAwareFilter
  SecurityContextHolderAwareRequestFilter
  AnonymousAuthenticationFilter
  ExceptionTranslationFilter
  AuthorizationFilter
]


************************************************************


17:06:59.743 [http-nio-8888-exec-1] DEBUG o.s.security.web.FilterChainProxy -- Securing GET /api/v1/task
17:06:59.744 [http-nio-8888-exec-4] DEBUG o.s.security.web.FilterChainProxy -- Secured GET /api/v1/task
17:06:59.746 [http-nio-8888-exec-4] DEBUG o.s.web.servlet.DispatcherServlet -- GET "/api/v1/task", parameters={}
17:06:59.747 [http-nio-8888-exec-4] DEBUG o.s.w.s.m.m.a.RequestMappingHandlerMapping -- Mapped to com.example.demo.todo.api.TodoApi#getTasks()
17:06:59.747 [http-nio-8888-exec-1] DEBUG o.s.security.web.FilterChainProxy -- Secured GET /api/v1/task
17:06:59.747 [http-nio-8888-exec-1] DEBUG o.s.web.servlet.DispatcherServlet -- GET "/api/v1/task", parameters={}
17:06:59.749 [http-nio-8888-exec-1] DEBUG o.s.w.s.m.m.a.RequestMappingHandlerMapping -- Mapped to com.example.demo.todo.api.TodoApi#getTasks()
17:06:59.750 [http-nio-8888-exec-4] DEBUG o.s.w.s.m.m.a.RequestResponseBodyMethodProcessor -- Using 'application/json', given [*/*] and supported [application/json, application/*+json]
17:06:59.751 [http-nio-8888-exec-4] DEBUG o.s.w.s.m.m.a.RequestResponseBodyMethodProcessor -- Writing [com.example.demo.util.AjaxResponse@70454877]
17:06:59.752 [http-nio-8888-exec-4] DEBUG o.s.s.w.a.AnonymousAuthenticationFilter -- Set SecurityContextHolder to anonymous SecurityContext
17:06:59.754 [http-nio-8888-exec-4] DEBUG o.s.web.servlet.DispatcherServlet -- Completed 200 OK
17:06:59.756 [http-nio-8888-exec-1] DEBUG o.s.w.s.m.m.a.RequestResponseBodyMethodProcessor -- Using 'application/json', given [*/*] and supported [application/json, application/*+json]
17:06:59.757 [http-nio-8888-exec-1] DEBUG o.s.w.s.m.m.a.RequestResponseBodyMethodProcessor -- Writing [com.example.demo.util.AjaxResponse@42bc9f85]
17:06:59.772 [http-nio-8888-exec-1] DEBUG o.s.s.w.a.AnonymousAuthenticationFilter -- Set SecurityContextHolder to anonymous SecurityContext
17:06:59.777 [http-nio-8888-exec-1] DEBUG o.s.web.servlet.DispatcherServlet -- Completed 200 OK
17:38:02.601 [http-nio-8888-exec-10] INFO  Spring Security Debugger -- 

************************************************************

Request received for GET '/api/v1/task':

org.apache.catalina.connector.RequestFacade@769a5b48

servletPath:/api/v1/task
pathInfo:null
headers: 
host: localhost:8888
connection: keep-alive
sec-ch-ua-platform: "macOS"
user-agent: Mozilla/5.0 (Macintosh; Intel Mac OS X 10_15_7) AppleWebKit/537.36 (KHTML, like Gecko) Chrome/147.0.0.0 Safari/537.36
sec-ch-ua: "Google Chrome";v="147", "Not.A/Brand";v="8", "Chromium";v="147"
sec-ch-ua-mobile: ?0
accept: */*
origin: http://localhost:3000
sec-fetch-site: same-site
sec-fetch-mode: cors
sec-fetch-dest: empty
referer: http://localhost:3000/
accept-encoding: gzip, deflate, br, zstd
accept-language: ko-KR,ko;q=0.9,en-US;q=0.8,en;q=0.7


Security filter chain: [
  DisableEncodeUrlFilter
  WebAsyncManagerIntegrationFilter
  SecurityContextHolderFilter
  HeaderWriterFilter
  CorsFilter
  CsrfFilter
  LogoutFilter
  JwtAuthenticationFilter
  RequestCacheAwareFilter
  SecurityContextHolderAwareRequestFilter
  AnonymousAuthenticationFilter
  ExceptionTranslationFilter
  AuthorizationFilter
]


************************************************************


17:38:02.753 [http-nio-8888-exec-10] DEBUG o.s.security.web.FilterChainProxy -- Securing GET /api/v1/task
17:38:02.778 [http-nio-8888-exec-10] DEBUG o.s.security.web.FilterChainProxy -- Secured GET /api/v1/task
17:38:02.783 [http-nio-8888-exec-10] DEBUG o.s.web.servlet.DispatcherServlet -- GET "/api/v1/task", parameters={}
17:38:02.793 [http-nio-8888-exec-10] DEBUG o.s.w.s.m.m.a.RequestMappingHandlerMapping -- Mapped to com.example.demo.todo.api.TodoApi#getTasks()
17:38:02.857 [http-nio-8888-exec-10] DEBUG o.s.w.s.m.m.a.RequestResponseBodyMethodProcessor -- Using 'application/json', given [*/*] and supported [application/json, application/*+json]
17:38:02.861 [http-nio-8888-exec-10] DEBUG o.s.w.s.m.m.a.RequestResponseBodyMethodProcessor -- Writing [com.example.demo.util.AjaxResponse@53ca05bd]
17:38:02.880 [http-nio-8888-exec-10] DEBUG o.s.s.w.a.AnonymousAuthenticationFilter -- Set SecurityContextHolder to anonymous SecurityContext
17:38:02.882 [http-nio-8888-exec-10] DEBUG o.s.web.servlet.DispatcherServlet -- Completed 200 OK
17:38:02.883 [http-nio-8888-exec-8] INFO  Spring Security Debugger -- 

************************************************************

Request received for GET '/api/v1/task':

org.apache.catalina.connector.RequestFacade@30c28dde

servletPath:/api/v1/task
pathInfo:null
headers: 
host: localhost:8888
connection: keep-alive
sec-ch-ua-platform: "macOS"
user-agent: Mozilla/5.0 (Macintosh; Intel Mac OS X 10_15_7) AppleWebKit/537.36 (KHTML, like Gecko) Chrome/147.0.0.0 Safari/537.36
sec-ch-ua: "Google Chrome";v="147", "Not.A/Brand";v="8", "Chromium";v="147"
sec-ch-ua-mobile: ?0
accept: */*
origin: http://localhost:3000
sec-fetch-site: same-site
sec-fetch-mode: cors
sec-fetch-dest: empty
referer: http://localhost:3000/
accept-encoding: gzip, deflate, br, zstd
accept-language: ko-KR,ko;q=0.9,en-US;q=0.8,en;q=0.7


Security filter chain: [
  DisableEncodeUrlFilter
  WebAsyncManagerIntegrationFilter
  SecurityContextHolderFilter
  HeaderWriterFilter
  CorsFilter
  CsrfFilter
  LogoutFilter
  JwtAuthenticationFilter
  RequestCacheAwareFilter
  SecurityContextHolderAwareRequestFilter
  AnonymousAuthenticationFilter
  ExceptionTranslationFilter
  AuthorizationFilter
]


************************************************************


17:38:03.487 [http-nio-8888-exec-8] DEBUG o.s.security.web.FilterChainProxy -- Securing GET /api/v1/task
17:38:03.489 [http-nio-8888-exec-8] DEBUG o.s.security.web.FilterChainProxy -- Secured GET /api/v1/task
17:38:03.491 [http-nio-8888-exec-8] DEBUG o.s.web.servlet.DispatcherServlet -- GET "/api/v1/task", parameters={}
17:38:03.493 [http-nio-8888-exec-8] DEBUG o.s.w.s.m.m.a.RequestMappingHandlerMapping -- Mapped to com.example.demo.todo.api.TodoApi#getTasks()
17:38:03.500 [http-nio-8888-exec-8] DEBUG o.s.w.s.m.m.a.RequestResponseBodyMethodProcessor -- Using 'application/json', given [*/*] and supported [application/json, application/*+json]
17:38:03.501 [http-nio-8888-exec-8] DEBUG o.s.w.s.m.m.a.RequestResponseBodyMethodProcessor -- Writing [com.example.demo.util.AjaxResponse@61d098da]
17:38:03.505 [http-nio-8888-exec-8] DEBUG o.s.s.w.a.AnonymousAuthenticationFilter -- Set SecurityContextHolder to anonymous SecurityContext
17:38:03.506 [http-nio-8888-exec-8] DEBUG o.s.web.servlet.DispatcherServlet -- Completed 200 OK
