13:02:43.130 [background-preinit] DEBUG org.jboss.logging -- Logging Provider: org.jboss.logging.Slf4jLoggerProvider found via system property
13:02:43.132 [background-preinit] INFO  o.h.validator.internal.util.Version -- HV000001: Hibernate Validator 8.0.1.Final
13:02:43.147 [background-preinit] DEBUG o.h.v.i.x.config.ValidationXmlParser -- Trying to load META-INF/validation.xml for XML based Validator configuration.
13:02:43.148 [background-preinit] DEBUG o.h.v.i.x.c.ResourceLoaderHelper -- Trying to load META-INF/validation.xml via TCCL
13:02:43.149 [background-preinit] DEBUG o.h.v.i.x.c.ResourceLoaderHelper -- Trying to load META-INF/validation.xml via Hibernate Validator's class loader
13:02:43.149 [background-preinit] DEBUG o.h.v.i.x.config.ValidationXmlParser -- No META-INF/validation.xml found. Using annotation based configuration only.
13:02:43.153 [background-preinit] DEBUG o.h.v.i.e.r.TraversableResolvers -- Cannot find jakarta.persistence.Persistence on classpath. Assuming non JPA 2 environment. All properties will per default be traversable.
13:02:43.176 [main] INFO  c.e.demo.HelloSpringApplication -- Starting HelloSpringApplication v0.0.1-SNAPSHOT using Java 25.0.1 with PID 28100 (/Users/woochan/Desktop/react-apps/react-api-server.jar started by woochan in /Users/woochan/Desktop/react-apps)
13:02:43.177 [main] DEBUG c.e.demo.HelloSpringApplication -- Running with Spring Boot v3.2.4, Spring v6.1.5
13:02:43.177 [main] INFO  c.e.demo.HelloSpringApplication -- No active profile set, falling back to 1 default profile: "default"
13:02:43.177 [main] DEBUG o.s.boot.SpringApplication -- Loading source class com.example.demo.HelloSpringApplication
13:02:43.180 [background-preinit] DEBUG o.h.v.m.ResourceBundleMessageInterpolator -- Loaded expression factory via original TCCL
13:02:43.218 [main] DEBUG o.s.b.w.s.c.AnnotationConfigServletWebServerApplicationContext -- Refreshing org.springframework.boot.web.servlet.context.AnnotationConfigServletWebServerApplicationContext@293a5f75
13:02:43.243 [main] DEBUG o.s.b.f.s.DefaultListableBeanFactory -- Creating shared instance of singleton bean 'org.springframework.context.annotation.internalConfigurationAnnotationProcessor'
13:02:43.253 [background-preinit] DEBUG o.h.v.i.e.ValidatorFactoryConfigurationHelper -- HV000252: Using org.hibernate.validator.internal.engine.DefaultPropertyNodeNameProvider as property node name provider.
13:02:43.258 [background-preinit] DEBUG o.h.v.i.e.ValidatorFactoryConfigurationHelper -- HV000234: Using org.hibernate.validator.messageinterpolation.ResourceBundleMessageInterpolator as ValidatorFactory-scoped message interpolator.
13:02:43.258 [main] DEBUG o.s.b.f.s.DefaultListableBeanFactory -- Creating shared instance of singleton bean 'org.springframework.boot.autoconfigure.internalCachingMetadataReaderFactory'
13:02:43.258 [background-preinit] DEBUG o.h.v.i.e.ValidatorFactoryConfigurationHelper -- HV000234: Using org.hibernate.validator.internal.engine.resolver.TraverseAllTraversableResolver as ValidatorFactory-scoped traversable resolver.
13:02:43.258 [background-preinit] DEBUG o.h.v.i.e.ValidatorFactoryConfigurationHelper -- HV000234: Using org.hibernate.validator.internal.util.ExecutableParameterNameProvider as ValidatorFactory-scoped parameter name provider.
13:02:43.258 [background-preinit] DEBUG o.h.v.i.e.ValidatorFactoryConfigurationHelper -- HV000234: Using org.hibernate.validator.internal.engine.DefaultClockProvider as ValidatorFactory-scoped clock provider.
13:02:43.258 [background-preinit] DEBUG o.h.v.i.e.ValidatorFactoryConfigurationHelper -- HV000234: Using org.hibernate.validator.internal.engine.scripting.DefaultScriptEvaluatorFactory as ValidatorFactory-scoped script evaluator factory.
13:02:43.299 [main] DEBUG o.s.c.a.ClassPathBeanDefinitionScanner -- Identified candidate component class: URL [jar:nested:/Users/woochan/Desktop/react-apps/react-api-server.jar/!BOOT-INF/classes/!/com/example/demo/util/FileDBHandler.class]
13:02:43.317 [main] DEBUG o.s.c.a.ClassPathBeanDefinitionScanner -- Identified candidate component class: URL [jar:nested:/Users/woochan/Desktop/react-apps/react-api-server.jar/!BOOT-INF/classes/!/com/example/demo/member/web/MemberController.class]
13:02:43.319 [main] DEBUG o.s.c.a.ClassPathBeanDefinitionScanner -- Identified candidate component class: URL [jar:nested:/Users/woochan/Desktop/react-apps/react-api-server.jar/!BOOT-INF/classes/!/com/example/demo/member/dao/MemberDaoImpl.class]
13:02:43.322 [main] DEBUG o.s.c.a.ClassPathBeanDefinitionScanner -- Identified candidate component class: URL [jar:nested:/Users/woochan/Desktop/react-apps/react-api-server.jar/!BOOT-INF/classes/!/com/example/demo/member/api/MemberApiController.class]
13:02:43.324 [main] DEBUG o.s.c.a.ClassPathBeanDefinitionScanner -- Identified candidate component class: URL [jar:nested:/Users/woochan/Desktop/react-apps/react-api-server.jar/!BOOT-INF/classes/!/com/example/demo/member/service/MemberServiceImpl.class]
13:02:43.328 [main] DEBUG o.s.c.a.ClassPathBeanDefinitionScanner -- Identified candidate component class: URL [jar:nested:/Users/woochan/Desktop/react-apps/react-api-server.jar/!BOOT-INF/classes/!/com/example/demo/exceptions/ApiGlobalExceptionHandler.class]
13:02:43.328 [main] DEBUG o.s.c.a.ClassPathBeanDefinitionScanner -- Identified candidate component class: URL [jar:nested:/Users/woochan/Desktop/react-apps/react-api-server.jar/!BOOT-INF/classes/!/com/example/demo/exceptions/RestGlobalExceptionHandler.class]
13:02:43.328 [main] DEBUG o.s.c.a.ClassPathBeanDefinitionScanner -- Identified candidate component class: URL [jar:nested:/Users/woochan/Desktop/react-apps/react-api-server.jar/!BOOT-INF/classes/!/com/example/demo/exceptions/GlobalExceptionHandler.class]
13:02:43.329 [main] DEBUG o.s.c.a.ClassPathBeanDefinitionScanner -- Identified candidate component class: URL [jar:nested:/Users/woochan/Desktop/react-apps/react-api-server.jar/!BOOT-INF/classes/!/com/example/demo/todo/dao/TodoDaoImpl.class]
13:02:43.330 [main] DEBUG o.s.c.a.ClassPathBeanDefinitionScanner -- Identified candidate component class: URL [jar:nested:/Users/woochan/Desktop/react-apps/react-api-server.jar/!BOOT-INF/classes/!/com/example/demo/todo/api/TodoApi.class]
13:02:43.330 [main] DEBUG o.s.c.a.ClassPathBeanDefinitionScanner -- Identified candidate component class: URL [jar:nested:/Users/woochan/Desktop/react-apps/react-api-server.jar/!BOOT-INF/classes/!/com/example/demo/todo/service/TodoServiceImpl.class]
13:02:43.334 [main] DEBUG o.s.c.a.ClassPathBeanDefinitionScanner -- Identified candidate component class: URL [jar:nested:/Users/woochan/Desktop/react-apps/react-api-server.jar/!BOOT-INF/classes/!/com/example/demo/beans/WebConfig.class]
13:02:43.334 [main] DEBUG o.s.c.a.ClassPathBeanDefinitionScanner -- Identified candidate component class: URL [jar:nested:/Users/woochan/Desktop/react-apps/react-api-server.jar/!BOOT-INF/classes/!/com/example/demo/beans/security/jwt/JsonWebTokenProvider.class]
13:02:43.334 [main] DEBUG o.s.c.a.ClassPathBeanDefinitionScanner -- Identified candidate component class: URL [jar:nested:/Users/woochan/Desktop/react-apps/react-api-server.jar/!BOOT-INF/classes/!/com/example/demo/beans/security/jwt/JwtController.class]
13:02:43.334 [main] DEBUG o.s.c.a.ClassPathBeanDefinitionScanner -- Identified candidate component class: URL [jar:nested:/Users/woochan/Desktop/react-apps/react-api-server.jar/!BOOT-INF/classes/!/com/example/demo/beans/security/jwt/JwtAuthenticationFilter.class]
13:02:43.335 [main] DEBUG o.s.c.a.ClassPathBeanDefinitionScanner -- Identified candidate component class: URL [jar:nested:/Users/woochan/Desktop/react-apps/react-api-server.jar/!BOOT-INF/classes/!/com/example/demo/beans/security/SecurityAuthentictionProvider.class]
13:02:43.335 [main] DEBUG o.s.c.a.ClassPathBeanDefinitionScanner -- Identified candidate component class: URL [jar:nested:/Users/woochan/Desktop/react-apps/react-api-server.jar/!BOOT-INF/classes/!/com/example/demo/beans/security/oauth2/OAuthService.class]
13:02:43.346 [main] DEBUG o.s.c.a.ClassPathBeanDefinitionScanner -- Identified candidate component class: URL [jar:nested:/Users/woochan/Desktop/react-apps/react-api-server.jar/!BOOT-INF/classes/!/com/example/demo/beans/security/SecurityConfig.class]
13:02:43.347 [main] DEBUG o.s.c.a.ClassPathBeanDefinitionScanner -- Identified candidate component class: URL [jar:nested:/Users/woochan/Desktop/react-apps/react-api-server.jar/!BOOT-INF/classes/!/com/example/demo/beans/CustomBeanInitializer.class]
13:02:43.348 [main] DEBUG o.s.c.a.ClassPathBeanDefinitionScanner -- Identified candidate component class: URL [jar:nested:/Users/woochan/Desktop/react-apps/react-api-server.jar/!BOOT-INF/classes/!/com/example/demo/bbs/web/BoardController.class]
13:02:43.348 [main] DEBUG o.s.c.a.ClassPathBeanDefinitionScanner -- Identified candidate component class: URL [jar:nested:/Users/woochan/Desktop/react-apps/react-api-server.jar/!BOOT-INF/classes/!/com/example/demo/bbs/web/ReplyController.class]
13:02:43.349 [main] DEBUG o.s.c.a.ClassPathBeanDefinitionScanner -- Identified candidate component class: URL [jar:nested:/Users/woochan/Desktop/react-apps/react-api-server.jar/!BOOT-INF/classes/!/com/example/demo/bbs/dao/BoardDaoImpl.class]
13:02:43.349 [main] DEBUG o.s.c.a.ClassPathBeanDefinitionScanner -- Identified candidate component class: URL [jar:nested:/Users/woochan/Desktop/react-apps/react-api-server.jar/!BOOT-INF/classes/!/com/example/demo/bbs/dao/ReplyDaoImpl.class]
13:02:43.349 [main] DEBUG o.s.c.a.ClassPathBeanDefinitionScanner -- Identified candidate component class: URL [jar:nested:/Users/woochan/Desktop/react-apps/react-api-server.jar/!BOOT-INF/classes/!/com/example/demo/bbs/api/ReplyApiController.class]
13:02:43.350 [main] DEBUG o.s.c.a.ClassPathBeanDefinitionScanner -- Identified candidate component class: URL [jar:nested:/Users/woochan/Desktop/react-apps/react-api-server.jar/!BOOT-INF/classes/!/com/example/demo/bbs/api/BoardApiController.class]
13:02:43.350 [main] DEBUG o.s.c.a.ClassPathBeanDefinitionScanner -- Identified candidate component class: URL [jar:nested:/Users/woochan/Desktop/react-apps/react-api-server.jar/!BOOT-INF/classes/!/com/example/demo/bbs/service/ReplyServiceImpl.class]
13:02:43.351 [main] DEBUG o.s.c.a.ClassPathBeanDefinitionScanner -- Identified candidate component class: URL [jar:nested:/Users/woochan/Desktop/react-apps/react-api-server.jar/!BOOT-INF/classes/!/com/example/demo/bbs/service/BoardServiceImpl.class]
13:02:43.705 [main] DEBUG o.s.b.f.s.DefaultListableBeanFactory -- Creating shared instance of singleton bean 'springSecurityHandlerMappingIntrospectorBeanDefinitionRegistryPostProcessor'
13:02:43.707 [main] DEBUG o.s.b.f.s.DefaultListableBeanFactory -- Creating shared instance of singleton bean 'authorizedClientManagerRegistrar'
13:02:43.707 [main] DEBUG o.s.b.f.s.DefaultListableBeanFactory -- Creating shared instance of singleton bean 'org.springframework.security.config.annotation.web.configuration.OAuth2ClientConfiguration$OAuth2AuthorizedClientManagerConfiguration'
13:02:43.747 [main] DEBUG o.s.b.f.s.DefaultListableBeanFactory -- Creating shared instance of singleton bean 'propertySourcesPlaceholderConfigurer'
13:02:43.749 [main] DEBUG o.s.b.f.s.DefaultListableBeanFactory -- Creating shared instance of singleton bean 'org.springframework.boot.sql.init.dependency.DatabaseInitializationDependencyConfigurer$DependsOnDatabaseInitializationPostProcessor'
13:02:43.754 [main] DEBUG o.s.b.f.s.DefaultListableBeanFactory -- Creating shared instance of singleton bean 'org.springframework.context.event.internalEventListenerProcessor'
13:02:43.755 [main] DEBUG o.s.b.f.s.DefaultListableBeanFactory -- Creating shared instance of singleton bean 'conversionServicePostProcessor'
13:02:43.760 [main] DEBUG o.s.b.f.s.DefaultListableBeanFactory -- Creating shared instance of singleton bean 'preserveErrorControllerTargetClassPostProcessor'
13:02:43.761 [main] DEBUG o.s.b.f.s.DefaultListableBeanFactory -- Creating shared instance of singleton bean 'org.springframework.context.event.internalEventListenerFactory'
13:02:43.762 [main] DEBUG o.s.b.f.s.DefaultListableBeanFactory -- Creating shared instance of singleton bean 'org.springframework.context.annotation.internalAutowiredAnnotationProcessor'
13:02:43.763 [main] DEBUG o.s.b.f.s.DefaultListableBeanFactory -- Creating shared instance of singleton bean 'org.springframework.context.annotation.internalCommonAnnotationProcessor'
13:02:43.764 [main] DEBUG o.s.b.f.s.DefaultListableBeanFactory -- Creating shared instance of singleton bean 'org.springframework.boot.context.properties.ConfigurationPropertiesBindingPostProcessor'
13:02:43.765 [main] DEBUG o.s.b.f.s.DefaultListableBeanFactory -- Creating shared instance of singleton bean 'org.springframework.boot.context.internalConfigurationPropertiesBinder'
13:02:43.766 [main] DEBUG o.s.b.f.s.DefaultListableBeanFactory -- Creating shared instance of singleton bean 'methodValidationPostProcessor'
13:02:43.768 [main] DEBUG o.s.b.f.s.DefaultListableBeanFactory -- Autowiring by type from bean name 'methodValidationPostProcessor' via factory method to bean named 'environment'
13:02:43.769 [main] DEBUG o.s.b.f.s.DefaultListableBeanFactory -- Creating shared instance of singleton bean 'org.springframework.boot.context.properties.EnableConfigurationPropertiesRegistrar.methodValidationExcludeFilter'
13:02:43.780 [main] DEBUG o.s.b.f.s.DefaultListableBeanFactory -- Creating shared instance of singleton bean 'org.springframework.aop.config.internalAutoProxyCreator'
13:02:43.788 [main] DEBUG o.s.b.f.s.DefaultListableBeanFactory -- Creating shared instance of singleton bean 'persistenceExceptionTranslationPostProcessor'
13:02:43.789 [main] DEBUG o.s.b.f.s.DefaultListableBeanFactory -- Autowiring by type from bean name 'persistenceExceptionTranslationPostProcessor' via factory method to bean named 'environment'
13:02:43.790 [main] DEBUG o.s.b.f.s.DefaultListableBeanFactory -- Creating shared instance of singleton bean 'webServerFactoryCustomizerBeanPostProcessor'
13:02:43.790 [main] DEBUG o.s.b.f.s.DefaultListableBeanFactory -- Creating shared instance of singleton bean 'errorPageRegistrarBeanPostProcessor'
13:02:43.792 [main] DEBUG o.s.u.c.s.UiApplicationContextUtils -- Unable to locate ThemeSource with name 'themeSource': using default [org.springframework.ui.context.support.ResourceBundleThemeSource@62db3891]
13:02:43.792 [main] DEBUG o.s.b.f.s.DefaultListableBeanFactory -- Creating shared instance of singleton bean 'tomcatServletWebServerFactory'
13:02:43.800 [main] DEBUG o.s.b.f.s.DefaultListableBeanFactory -- Creating shared instance of singleton bean 'org.springframework.boot.autoconfigure.web.servlet.ServletWebServerFactoryConfiguration$EmbeddedTomcat'
13:02:43.828 [main] DEBUG o.s.b.f.s.DefaultListableBeanFactory -- Creating shared instance of singleton bean 'websocketServletWebServerCustomizer'
13:02:43.828 [main] DEBUG o.s.b.f.s.DefaultListableBeanFactory -- Creating shared instance of singleton bean 'org.springframework.boot.autoconfigure.websocket.servlet.WebSocketServletAutoConfiguration$TomcatWebSocketConfiguration'
13:02:43.829 [main] DEBUG o.s.b.f.s.DefaultListableBeanFactory -- Creating shared instance of singleton bean 'servletWebServerFactoryCustomizer'
13:02:43.829 [main] DEBUG o.s.b.f.s.DefaultListableBeanFactory -- Creating shared instance of singleton bean 'org.springframework.boot.autoconfigure.web.servlet.ServletWebServerFactoryAutoConfiguration'
13:02:43.829 [main] DEBUG o.s.b.f.s.DefaultListableBeanFactory -- Creating shared instance of singleton bean 'server-org.springframework.boot.autoconfigure.web.ServerProperties'
13:02:43.834 [main] DEBUG o.s.b.f.s.DefaultListableBeanFactory -- Creating shared instance of singleton bean 'org.springframework.boot.context.properties.BoundConfigurationProperties'
13:02:43.839 [main] DEBUG o.s.b.f.s.DefaultListableBeanFactory -- Autowiring by type from bean name 'servletWebServerFactoryCustomizer' via factory method to bean named 'server-org.springframework.boot.autoconfigure.web.ServerProperties'
13:02:43.841 [main] DEBUG o.s.b.f.s.DefaultListableBeanFactory -- Creating shared instance of singleton bean 'sslBundleRegistry'
13:02:43.841 [main] DEBUG o.s.b.f.s.DefaultListableBeanFactory -- Creating shared instance of singleton bean 'org.springframework.boot.autoconfigure.ssl.SslAutoConfiguration'
13:02:43.841 [main] DEBUG o.s.b.f.s.DefaultListableBeanFactory -- Creating shared instance of singleton bean 'spring.ssl-org.springframework.boot.autoconfigure.ssl.SslProperties'
13:02:43.842 [main] DEBUG o.s.b.f.s.DefaultListableBeanFactory -- Autowiring by type from bean name 'org.springframework.boot.autoconfigure.ssl.SslAutoConfiguration' via constructor to bean named 'spring.ssl-org.springframework.boot.autoconfigure.ssl.SslProperties'
13:02:43.843 [main] DEBUG o.s.b.f.s.DefaultListableBeanFactory -- Creating shared instance of singleton bean 'sslPropertiesSslBundleRegistrar'
13:02:43.843 [main] DEBUG o.s.b.f.s.DefaultListableBeanFactory -- Creating shared instance of singleton bean 'fileWatcher'
13:02:43.844 [main] DEBUG o.s.b.f.s.DefaultListableBeanFactory -- Autowiring by type from bean name 'sslPropertiesSslBundleRegistrar' via factory method to bean named 'fileWatcher'
13:02:43.846 [main] DEBUG o.s.b.f.s.DefaultListableBeanFactory -- Creating shared instance of singleton bean 'tomcatServletWebServerFactoryCustomizer'
13:02:43.847 [main] DEBUG o.s.b.f.s.DefaultListableBeanFactory -- Autowiring by type from bean name 'tomcatServletWebServerFactoryCustomizer' via factory method to bean named 'server-org.springframework.boot.autoconfigure.web.ServerProperties'
13:02:43.847 [main] DEBUG o.s.b.f.s.DefaultListableBeanFactory -- Creating shared instance of singleton bean 'tomcatWebServerFactoryCustomizer'
13:02:43.847 [main] DEBUG o.s.b.f.s.DefaultListableBeanFactory -- Creating shared instance of singleton bean 'org.springframework.boot.autoconfigure.web.embedded.EmbeddedWebServerFactoryCustomizerAutoConfiguration$TomcatWebServerFactoryCustomizerConfiguration'
13:02:43.848 [main] DEBUG o.s.b.f.s.DefaultListableBeanFactory -- Autowiring by type from bean name 'tomcatWebServerFactoryCustomizer' via factory method to bean named 'environment'
13:02:43.848 [main] DEBUG o.s.b.f.s.DefaultListableBeanFactory -- Autowiring by type from bean name 'tomcatWebServerFactoryCustomizer' via factory method to bean named 'server-org.springframework.boot.autoconfigure.web.ServerProperties'
13:02:43.849 [main] DEBUG o.s.b.f.s.DefaultListableBeanFactory -- Creating shared instance of singleton bean 'localeCharsetMappingsCustomizer'
13:02:43.849 [main] DEBUG o.s.b.f.s.DefaultListableBeanFactory -- Creating shared instance of singleton bean 'org.springframework.boot.autoconfigure.web.servlet.HttpEncodingAutoConfiguration'
13:02:43.849 [main] DEBUG o.s.b.f.s.DefaultListableBeanFactory -- Autowiring by type from bean name 'org.springframework.boot.autoconfigure.web.servlet.HttpEncodingAutoConfiguration' via constructor to bean named 'server-org.springframework.boot.autoconfigure.web.ServerProperties'
13:02:43.860 [main] DEBUG o.s.b.f.s.DefaultListableBeanFactory -- Creating shared instance of singleton bean 'errorPageCustomizer'
13:02:43.861 [main] DEBUG o.s.b.f.s.DefaultListableBeanFactory -- Creating shared instance of singleton bean 'org.springframework.boot.autoconfigure.web.servlet.error.ErrorMvcAutoConfiguration'
13:02:43.861 [main] DEBUG o.s.b.f.s.DefaultListableBeanFactory -- Autowiring by type from bean name 'org.springframework.boot.autoconfigure.web.servlet.error.ErrorMvcAutoConfiguration' via constructor to bean named 'server-org.springframework.boot.autoconfigure.web.ServerProperties'
13:02:43.861 [main] DEBUG o.s.b.f.s.DefaultListableBeanFactory -- Creating shared instance of singleton bean 'dispatcherServletRegistration'
13:02:43.861 [main] DEBUG o.s.b.f.s.DefaultListableBeanFactory -- Creating shared instance of singleton bean 'org.springframework.boot.autoconfigure.web.servlet.DispatcherServletAutoConfiguration$DispatcherServletRegistrationConfiguration'
13:02:43.862 [main] DEBUG o.s.b.f.s.DefaultListableBeanFactory -- Creating shared instance of singleton bean 'dispatcherServlet'
13:02:43.862 [main] DEBUG o.s.b.f.s.DefaultListableBeanFactory -- Creating shared instance of singleton bean 'org.springframework.boot.autoconfigure.web.servlet.DispatcherServletAutoConfiguration$DispatcherServletConfiguration'
13:02:43.862 [main] DEBUG o.s.b.f.s.DefaultListableBeanFactory -- Creating shared instance of singleton bean 'spring.mvc-org.springframework.boot.autoconfigure.web.servlet.WebMvcProperties'
13:02:43.864 [main] DEBUG o.s.b.f.s.DefaultListableBeanFactory -- Autowiring by type from bean name 'dispatcherServlet' via factory method to bean named 'spring.mvc-org.springframework.boot.autoconfigure.web.servlet.WebMvcProperties'
13:02:43.870 [main] DEBUG o.s.b.f.s.DefaultListableBeanFactory -- Autowiring by type from bean name 'dispatcherServletRegistration' via factory method to bean named 'dispatcherServlet'
13:02:43.870 [main] DEBUG o.s.b.f.s.DefaultListableBeanFactory -- Autowiring by type from bean name 'dispatcherServletRegistration' via factory method to bean named 'spring.mvc-org.springframework.boot.autoconfigure.web.servlet.WebMvcProperties'
13:02:43.871 [main] DEBUG o.s.b.f.s.DefaultListableBeanFactory -- Creating shared instance of singleton bean 'multipartConfigElement'
13:02:43.871 [main] DEBUG o.s.b.f.s.DefaultListableBeanFactory -- Creating shared instance of singleton bean 'org.springframework.boot.autoconfigure.web.servlet.MultipartAutoConfiguration'
13:02:43.872 [main] DEBUG o.s.b.f.s.DefaultListableBeanFactory -- Creating shared instance of singleton bean 'spring.servlet.multipart-org.springframework.boot.autoconfigure.web.servlet.MultipartProperties'
13:02:43.874 [main] DEBUG o.s.b.f.s.DefaultListableBeanFactory -- Autowiring by type from bean name 'org.springframework.boot.autoconfigure.web.servlet.MultipartAutoConfiguration' via constructor to bean named 'spring.servlet.multipart-org.springframework.boot.autoconfigure.web.servlet.MultipartProperties'
13:02:43.877 [main] DEBUG o.s.b.f.s.DefaultListableBeanFactory -- Autowiring by type from bean name 'errorPageCustomizer' via factory method to bean named 'dispatcherServletRegistration'
13:02:43.923 [main] DEBUG o.s.b.w.e.t.TomcatServletWebServerFactory -- Code archive: /Users/woochan/Desktop/react-apps/react-api-server.jar
13:02:43.923 [main] DEBUG o.s.b.w.e.t.TomcatServletWebServerFactory -- Code archive: /Users/woochan/Desktop/react-apps/react-api-server.jar
13:02:43.924 [main] DEBUG o.s.b.w.e.t.TomcatServletWebServerFactory -- None of the document roots [src/main/webapp, public, static] point to a directory and will be ignored.
13:02:43.947 [main] INFO  o.s.b.w.e.tomcat.TomcatWebServer -- Tomcat initialized with port 8888 (http)
13:02:43.954 [main] INFO  o.a.coyote.http11.Http11NioProtocol -- Initializing ProtocolHandler ["http-nio-8888"]
13:02:43.955 [main] INFO  o.a.catalina.core.StandardService -- Starting service [Tomcat]
13:02:43.955 [main] INFO  o.a.catalina.core.StandardEngine -- Starting Servlet engine: [Apache Tomcat/10.1.19]
13:02:44.792 [main] INFO  o.apache.jasper.servlet.TldScanner -- At least one JAR was scanned for TLDs yet contained no TLDs. Enable debug logging for this logger for a complete list of JARs that were scanned but no TLDs were found in them. Skipping unneeded JARs during scanning can improve startup time and JSP compilation time.
13:02:44.931 [main] INFO  o.a.c.c.C.[Tomcat].[localhost].[/] -- Initializing Spring embedded WebApplicationContext
13:02:44.931 [main] DEBUG o.s.b.w.s.c.ServletWebServerApplicationContext -- Published root WebApplicationContext as ServletContext attribute with name [org.springframework.web.context.WebApplicationContext.ROOT]
13:02:44.932 [main] INFO  o.s.b.w.s.c.ServletWebServerApplicationContext -- Root WebApplicationContext: initialization completed in 1713 ms
13:02:44.933 [main] DEBUG o.s.b.f.s.DefaultListableBeanFactory -- Creating shared instance of singleton bean 'securityFilterChainRegistration'
13:02:44.933 [main] DEBUG o.s.b.f.s.DefaultListableBeanFactory -- Creating shared instance of singleton bean 'org.springframework.boot.autoconfigure.security.servlet.SecurityFilterAutoConfiguration'
13:02:44.933 [main] DEBUG o.s.b.f.s.DefaultListableBeanFactory -- Creating shared instance of singleton bean 'spring.security-org.springframework.boot.autoconfigure.security.SecurityProperties'
13:02:44.935 [main] DEBUG o.s.b.f.s.DefaultListableBeanFactory -- Autowiring by type from bean name 'securityFilterChainRegistration' via factory method to bean named 'spring.security-org.springframework.boot.autoconfigure.security.SecurityProperties'
13:02:44.937 [main] DEBUG o.s.b.f.s.DefaultListableBeanFactory -- Creating shared instance of singleton bean 'jwtAuthenticationFilter'
13:02:44.939 [main] DEBUG o.s.b.f.s.DefaultListableBeanFactory -- Creating shared instance of singleton bean 'jsonWebTokenProvider'
13:02:44.941 [main] DEBUG o.s.c.e.PropertySourcesPropertyResolver -- Found key 'jwt.issuer' in PropertySource 'environmentProperties' with value of type String
13:02:44.941 [main] DEBUG o.s.c.e.PropertySourcesPropertyResolver -- Found key 'jwt.secret-key' in PropertySource 'environmentProperties' with value of type String
13:02:44.942 [main] DEBUG o.s.b.f.s.DefaultListableBeanFactory -- Creating shared instance of singleton bean 'characterEncodingFilter'
13:02:44.946 [main] DEBUG o.s.b.w.s.ServletContextInitializerBeans -- Mapping filters: springSecurityFilterChain urls=[/*] order=-100, characterEncodingFilter urls=[/*] order=-2147483648, jwtAuthenticationFilter urls=[/*] order=2147483647
13:02:44.946 [main] DEBUG o.s.b.w.s.ServletContextInitializerBeans -- Mapping servlets: dispatcherServlet urls=[/]
13:02:44.959 [main] DEBUG c.e.d.b.s.j.JwtAuthenticationFilter -- Filter 'jwtAuthenticationFilter' configured for use
13:02:44.960 [main] DEBUG o.s.b.w.s.f.OrderedCharacterEncodingFilter -- Filter 'characterEncodingFilter' configured for use
13:02:44.960 [main] DEBUG o.s.b.w.s.DelegatingFilterProxyRegistrationBean$1 -- Filter 'springSecurityFilterChain' configured for use
13:02:44.965 [main] DEBUG o.s.b.f.s.DefaultListableBeanFactory -- Creating shared instance of singleton bean 'helloSpringApplication'
13:02:44.966 [main] DEBUG o.s.b.f.s.DefaultListableBeanFactory -- Creating shared instance of singleton bean 'fileDBHandler'
13:02:44.968 [main] DEBUG o.s.c.e.PropertySourcesPropertyResolver -- Found key 'app.datasource.path' in PropertySource 'environmentProperties' with value of type String
13:02:44.969 [main] DEBUG o.s.c.e.PropertySourcesPropertyResolver -- Found key 'app.datasource.filename' in PropertySource 'environmentProperties' with value of type String
13:02:44.970 [main] DEBUG o.s.b.f.s.DefaultListableBeanFactory -- Creating shared instance of singleton bean 'memberController'
13:02:44.972 [main] DEBUG o.s.b.f.s.DefaultListableBeanFactory -- Creating shared instance of singleton bean 'memberServiceImpl'
13:02:44.974 [main] DEBUG o.s.b.f.s.DefaultListableBeanFactory -- Creating shared instance of singleton bean 'memberDaoImpl'
13:02:44.990 [main] DEBUG o.s.b.f.s.DefaultListableBeanFactory -- Creating shared instance of singleton bean 'sha'
13:02:44.990 [main] DEBUG o.s.b.f.s.DefaultListableBeanFactory -- Creating shared instance of singleton bean 'customBeanInitializer'
13:02:44.991 [main] DEBUG o.s.c.e.PropertySourcesPropertyResolver -- Found key 'app.multipart.base-dir' in PropertySource 'environmentProperties' with value of type String
13:02:44.991 [main] DEBUG o.s.c.e.PropertySourcesPropertyResolver -- Found key 'app.multipart.obfuscation.enable' in PropertySource 'environmentProperties' with value of type String
13:02:44.992 [main] DEBUG o.s.c.e.PropertySourcesPropertyResolver -- Found key 'app.multipart.obfuscation.hide-ext.enable' in PropertySource 'environmentProperties' with value of type String
13:02:44.992 [main] DEBUG o.s.b.f.s.DefaultListableBeanFactory -- Creating shared instance of singleton bean 'memberApiController'
13:02:44.993 [main] DEBUG o.s.b.f.s.DefaultListableBeanFactory -- Creating shared instance of singleton bean 'apiGlobalExceptionHandler'
13:02:44.994 [main] DEBUG o.s.b.f.s.DefaultListableBeanFactory -- Creating shared instance of singleton bean 'restGlobalExceptionHandler'
13:02:44.994 [main] DEBUG o.s.b.f.s.DefaultListableBeanFactory -- Creating shared instance of singleton bean 'globalExceptionHandler'
13:02:44.994 [main] DEBUG o.s.b.f.s.DefaultListableBeanFactory -- Creating shared instance of singleton bean 'todoDaoImpl'
13:02:44.997 [main] DEBUG o.s.b.f.s.DefaultListableBeanFactory -- Creating shared instance of singleton bean 'todoApi'
13:02:44.998 [main] DEBUG o.s.b.f.s.DefaultListableBeanFactory -- Creating shared instance of singleton bean 'todoServiceImpl'
13:02:44.998 [main] DEBUG o.s.b.f.s.DefaultListableBeanFactory -- Creating shared instance of singleton bean 'webConfig'
13:02:44.998 [main] DEBUG o.s.b.f.s.DefaultListableBeanFactory -- Creating shared instance of singleton bean 'jwtController'
13:02:44.999 [main] DEBUG o.s.b.f.s.DefaultListableBeanFactory -- Creating shared instance of singleton bean 'securityAuthentictionProvider'
13:02:45.000 [main] DEBUG o.s.b.f.s.DefaultListableBeanFactory -- Creating shared instance of singleton bean 'userDetailsService'
13:02:45.000 [main] DEBUG o.s.b.f.s.DefaultListableBeanFactory -- Creating shared instance of singleton bean 'securityConfig'
13:02:45.001 [main] DEBUG o.s.b.f.s.DefaultListableBeanFactory -- Creating shared instance of singleton bean 'passwordEncoder'
13:02:45.001 [main] DEBUG o.s.b.f.s.DefaultListableBeanFactory -- Creating shared instance of singleton bean 'OAuthService'
13:02:45.005 [main] DEBUG o.s.b.f.s.DefaultListableBeanFactory -- Creating shared instance of singleton bean 'boardController'
13:02:45.006 [main] DEBUG o.s.b.f.s.DefaultListableBeanFactory -- Creating shared instance of singleton bean 'fileHandler'
13:02:45.006 [main] DEBUG o.s.b.f.s.DefaultListableBeanFactory -- Creating shared instance of singleton bean 'boardServiceImpl'
13:02:45.007 [main] DEBUG o.s.b.f.s.DefaultListableBeanFactory -- Creating shared instance of singleton bean 'boardDaoImpl'
13:02:45.010 [main] DEBUG o.s.b.f.s.DefaultListableBeanFactory -- Creating shared instance of singleton bean 'replyController'
13:02:45.011 [main] DEBUG o.s.b.f.s.DefaultListableBeanFactory -- Creating shared instance of singleton bean 'replyServiceImpl'
13:02:45.011 [main] DEBUG o.s.b.f.s.DefaultListableBeanFactory -- Creating shared instance of singleton bean 'replyDaoImpl'
13:02:45.013 [main] DEBUG o.s.b.f.s.DefaultListableBeanFactory -- Creating shared instance of singleton bean 'replyApiController'
13:02:45.014 [main] DEBUG o.s.b.f.s.DefaultListableBeanFactory -- Creating shared instance of singleton bean 'boardApiController'
13:02:45.014 [main] DEBUG o.s.b.f.s.DefaultListableBeanFactory -- Creating shared instance of singleton bean 'org.springframework.web.servlet.config.annotation.DelegatingWebMvcConfiguration'
13:02:45.017 [main] DEBUG o.s.b.f.s.DefaultListableBeanFactory -- Creating shared instance of singleton bean 'org.springframework.security.config.annotation.web.configuration.WebMvcSecurityConfiguration'
13:02:45.019 [main] DEBUG o.s.b.f.s.DefaultListableBeanFactory -- Creating shared instance of singleton bean 'org.springframework.security.config.annotation.web.configuration.OAuth2ClientConfiguration$OAuth2ClientWebMvcSecurityConfiguration'
13:02:45.020 [main] DEBUG o.s.b.f.s.DefaultListableBeanFactory -- Creating shared instance of singleton bean 'OAuth2AuthorizedClientManager'
13:02:45.020 [main] DEBUG o.s.b.f.s.DefaultListableBeanFactory -- Creating shared instance of singleton bean 'clientRegistrationRepository'
13:02:45.020 [main] DEBUG o.s.b.f.s.DefaultListableBeanFactory -- Creating shared instance of singleton bean 'org.springframework.boot.autoconfigure.security.oauth2.client.servlet.OAuth2ClientRegistrationRepositoryConfiguration'
13:02:45.020 [main] DEBUG o.s.b.f.s.DefaultListableBeanFactory -- Creating shared instance of singleton bean 'spring.security.oauth2.client-org.springframework.boot.autoconfigure.security.oauth2.client.OAuth2ClientProperties'
13:02:45.024 [main] DEBUG o.s.b.f.s.DefaultListableBeanFactory -- Autowiring by type from bean name 'clientRegistrationRepository' via factory method to bean named 'spring.security.oauth2.client-org.springframework.boot.autoconfigure.security.oauth2.client.OAuth2ClientProperties'
13:02:45.031 [main] DEBUG o.s.b.f.s.DefaultListableBeanFactory -- Creating shared instance of singleton bean 'authorizedClientRepository'
13:02:45.031 [main] DEBUG o.s.b.f.s.DefaultListableBeanFactory -- Creating shared instance of singleton bean 'org.springframework.boot.autoconfigure.security.oauth2.client.servlet.OAuth2WebSecurityConfiguration'
13:02:45.031 [main] DEBUG o.s.b.f.s.DefaultListableBeanFactory -- Creating shared instance of singleton bean 'authorizedClientService'
13:02:45.031 [main] DEBUG o.s.b.f.s.DefaultListableBeanFactory -- Autowiring by type from bean name 'authorizedClientService' via factory method to bean named 'clientRegistrationRepository'
13:02:45.032 [main] DEBUG o.s.b.f.s.DefaultListableBeanFactory -- Autowiring by type from bean name 'authorizedClientRepository' via factory method to bean named 'authorizedClientService'
13:02:45.051 [main] DEBUG o.s.b.f.s.DefaultListableBeanFactory -- Creating shared instance of singleton bean 'requestMappingHandlerMapping'
13:02:45.052 [main] DEBUG o.s.b.f.s.DefaultListableBeanFactory -- Creating shared instance of singleton bean 'mvcContentNegotiationManager'
13:02:45.055 [main] DEBUG o.s.b.f.s.DefaultListableBeanFactory -- Creating shared instance of singleton bean 'mvcConversionService'
13:02:45.056 [main] DEBUG o.s.b.f.s.DefaultListableBeanFactory -- Creating shared instance of singleton bean 'mvcResourceUrlProvider'
13:02:45.057 [main] DEBUG o.s.b.f.s.DefaultListableBeanFactory -- Autowiring by type from bean name 'requestMappingHandlerMapping' via factory method to bean named 'mvcContentNegotiationManager'
13:02:45.057 [main] DEBUG o.s.b.f.s.DefaultListableBeanFactory -- Autowiring by type from bean name 'requestMappingHandlerMapping' via factory method to bean named 'mvcConversionService'
13:02:45.057 [main] DEBUG o.s.b.f.s.DefaultListableBeanFactory -- Autowiring by type from bean name 'requestMappingHandlerMapping' via factory method to bean named 'mvcResourceUrlProvider'
13:02:45.079 [main] DEBUG _.s.w.s.HandlerMapping.Mappings -- 
	c.e.d.m.w.MemberController:
	{GET [/member/regist/available]}: checkAvailableEmail(String)
	{GET [/member/regist]}: viewRegistMemberPage()
	{POST [/member/regist]}: doRegistMember(MemberVO)
	{GET [/member/login]}: viewLoginPage()
	{GET [/member/logout]}: doLogout(HttpServletRequest,HttpServletResponse,Authentication)
	{GET [/member/delete-me]}: doDeleteMe(HttpServletRequest,HttpServletResponse,Authentication)
	{GET [/member/{result}-delete-me]}: viewDeleteMePage(String)
13:02:45.085 [main] DEBUG _.s.w.s.HandlerMapping.Mappings -- 
	c.e.d.m.a.MemberApiController:
	{GET [/api/v1/member/available/{email}/]}: checkAvailableEmail(String)
	{POST [/api/v1/member]}: doRegistMember(MemberVO)
	{GET [/api/v1/member/logout]}: doLogout(Authentication)
	{DELETE [/api/v1/member]}: doDeleteMe(Authentication)
	{GET [/api/v1/member]}: getMyInfo(Authentication)
13:02:45.087 [main] DEBUG _.s.w.s.HandlerMapping.Mappings -- 
	c.e.d.t.a.TodoApi:
	{POST [/api/v1/task]}: addTask(TodoVO)
	{PUT [/api/v1/task]}: allDone()
	{GET [/api/v1/task]}: getTasks()
	{GET [/api/v1/task/{taskId}]}: getTask(String)
	{PUT [/api/v1/task/{taskId}]}: done(String)
13:02:45.088 [main] DEBUG _.s.w.s.HandlerMapping.Mappings -- 
	c.e.d.b.s.j.JwtController:
	{POST [/api/v1/auth/token]}: createNewAccessToken(MemberVO)
13:02:45.090 [main] DEBUG _.s.w.s.HandlerMapping.Mappings -- 
	c.e.d.b.w.BoardController:
	{GET [/board/list]}: viewBoardList(SearchBoardVO)
	{GET [/board/write]}: viewBoardWritePage()
	{POST [/board/write]}: doBoardWrite(BoardVO,BindingResult,MultipartFile,Authentication)
	{GET [/board/view]}: viewOneBoard(int)
	{GET [/board/file/download/{id}]}: downloadFile(int)
	{POST [/board/modify]}: doBoardUpdate(BoardVO,BindingResult,MultipartFile,Authentication)
	{GET [/board/delete/{id}]}: doDeleteBoard(int,Authentication)
	{GET [/board/excel/download]}: downloadExcelFile()
	{GET [/board/modify/{id}]}: viewBoardModifyPage(int,Authentication)
13:02:45.092 [main] DEBUG _.s.w.s.HandlerMapping.Mappings -- 
	c.e.d.b.w.ReplyController:
	{POST [/board/reply/{boardId}]}: doCreateNewReplies(int,ReplyVO,Authentication)
	{GET [/board/reply/delete/{replyId}]}: doDeleteReplies(int,Authentication)
	{POST [/board/reply/modify/{replyId}]}: doModifyReplies(int,ReplyVO,Authentication)
	{GET [/board/reply/recommend/{replyId}]}: doRecommendReplies(int,Authentication)
	{GET [/board/reply/{boardId}]}: getAllReplies(int)
13:02:45.094 [main] DEBUG _.s.w.s.HandlerMapping.Mappings -- 
	c.e.d.b.a.ReplyApiController:
	{POST [/api/v1/reply/{boardId}]}: doCreateNewReplies(int,ReplyVO,Authentication)
	{DELETE [/api/v1/reply/{replyId}]}: doDeleteReplies(int,Authentication)
	{PUT [/api/v1/reply/{replyId}]}: doModifyReplies(int,ReplyVO,Authentication)
	{PUT [/api/v1/reply/recommend/{replyId}]}: doRecommendReplies(int,Authentication)
	{GET [/api/v1/reply/{boardId}]}: getAllReplies(int)
13:02:45.096 [main] DEBUG _.s.w.s.HandlerMapping.Mappings -- 
	c.e.d.b.a.BoardApiController:
	{GET [/api/v1/boards]}: viewBoardList(SearchBoardVO)
	{POST [/api/v1/boards]}: doBoardWrite(BoardVO,MultipartFile,Authentication)
	{GET [/api/v1/boards/{id}]}: viewOneBoard(int)
	{GET [/api/v1/boards/files/{id}]}: downloadFile(int)
	{PUT [/api/v1/boards/{id}]}: doBoardUpdate(BoardVO,MultipartFile,Authentication)
	{DELETE [/api/v1/boards/{id}]}: doDeleteBoard(int,Authentication)
13:02:45.101 [main] DEBUG _.s.w.s.HandlerMapping.Mappings -- 
	o.s.b.a.w.s.e.BasicErrorController:
	{ [/error], produces [text/html]}: errorHtml(HttpServletRequest,HttpServletResponse)
	{ [/error]}: error(HttpServletRequest)
13:02:45.103 [main] DEBUG o.s.w.s.m.m.a.RequestMappingHandlerMapping -- 45 mappings in 'requestMappingHandlerMapping'
13:02:45.103 [main] DEBUG o.s.b.f.s.DefaultListableBeanFactory -- Creating shared instance of singleton bean 'mvcPatternParser'
13:02:45.103 [main] DEBUG o.s.b.f.s.DefaultListableBeanFactory -- Creating shared instance of singleton bean 'mvcUrlPathHelper'
13:02:45.104 [main] DEBUG o.s.b.f.s.DefaultListableBeanFactory -- Creating shared instance of singleton bean 'mvcPathMatcher'
13:02:45.104 [main] DEBUG o.s.b.f.s.DefaultListableBeanFactory -- Creating shared instance of singleton bean 'viewControllerHandlerMapping'
13:02:45.104 [main] DEBUG o.s.b.f.s.DefaultListableBeanFactory -- Autowiring by type from bean name 'viewControllerHandlerMapping' via factory method to bean named 'mvcConversionService'
13:02:45.104 [main] DEBUG o.s.b.f.s.DefaultListableBeanFactory -- Autowiring by type from bean name 'viewControllerHandlerMapping' via factory method to bean named 'mvcResourceUrlProvider'
13:02:45.105 [main] DEBUG o.s.b.f.s.DefaultListableBeanFactory -- Creating shared instance of singleton bean 'beanNameHandlerMapping'
13:02:45.105 [main] DEBUG o.s.b.f.s.DefaultListableBeanFactory -- Autowiring by type from bean name 'beanNameHandlerMapping' via factory method to bean named 'mvcConversionService'
13:02:45.105 [main] DEBUG o.s.b.f.s.DefaultListableBeanFactory -- Autowiring by type from bean name 'beanNameHandlerMapping' via factory method to bean named 'mvcResourceUrlProvider'
13:02:45.106 [main] DEBUG _.s.w.s.HandlerMapping.Mappings -- 'beanNameHandlerMapping' {}
13:02:45.106 [main] DEBUG o.s.b.f.s.DefaultListableBeanFactory -- Creating shared instance of singleton bean 'routerFunctionMapping'
13:02:45.109 [main] DEBUG o.s.b.f.s.DefaultListableBeanFactory -- Autowiring by type from bean name 'routerFunctionMapping' via factory method to bean named 'mvcConversionService'
13:02:45.109 [main] DEBUG o.s.b.f.s.DefaultListableBeanFactory -- Autowiring by type from bean name 'routerFunctionMapping' via factory method to bean named 'mvcResourceUrlProvider'
13:02:45.113 [main] DEBUG o.s.b.f.s.DefaultListableBeanFactory -- Creating shared instance of singleton bean 'resourceHandlerMapping'
13:02:45.113 [main] DEBUG o.s.b.f.s.DefaultListableBeanFactory -- Autowiring by type from bean name 'resourceHandlerMapping' via factory method to bean named 'mvcContentNegotiationManager'
13:02:45.113 [main] DEBUG o.s.b.f.s.DefaultListableBeanFactory -- Autowiring by type from bean name 'resourceHandlerMapping' via factory method to bean named 'mvcConversionService'
13:02:45.113 [main] DEBUG o.s.b.f.s.DefaultListableBeanFactory -- Autowiring by type from bean name 'resourceHandlerMapping' via factory method to bean named 'mvcResourceUrlProvider'
13:02:45.117 [main] DEBUG _.s.w.s.HandlerMapping.Mappings -- 'resourceHandlerMapping' {/js/**=ResourceHttpRequestHandler [classpath [static/js/]]}
13:02:45.117 [main] DEBUG o.s.b.f.s.DefaultListableBeanFactory -- Creating shared instance of singleton bean 'defaultServletHandlerMapping'
13:02:45.117 [main] DEBUG o.s.b.f.s.DefaultListableBeanFactory -- Creating shared instance of singleton bean 'requestMappingHandlerAdapter'
13:02:45.118 [main] DEBUG o.s.b.f.s.DefaultListableBeanFactory -- Creating shared instance of singleton bean 'mvcValidator'
13:02:45.120 [main] DEBUG o.h.v.m.ResourceBundleMessageInterpolator -- Loaded expression factory via original TCCL
13:02:45.120 [main] DEBUG o.h.v.i.e.AbstractConfigurationImpl -- Setting custom MessageInterpolator of type org.springframework.validation.beanvalidation.LocaleContextMessageInterpolator
13:02:45.120 [main] DEBUG o.h.v.i.e.AbstractConfigurationImpl -- Setting custom ConstraintValidatorFactory of type org.springframework.validation.beanvalidation.SpringConstraintValidatorFactory
13:02:45.121 [main] DEBUG o.h.v.i.x.config.ValidationXmlParser -- Trying to load META-INF/validation.xml for XML based Validator configuration.
13:02:45.121 [main] DEBUG o.h.v.i.x.c.ResourceLoaderHelper -- Trying to load META-INF/validation.xml via user class loader
13:02:45.121 [main] DEBUG o.h.v.i.x.c.ResourceLoaderHelper -- Trying to load META-INF/validation.xml via TCCL
13:02:45.121 [main] DEBUG o.h.v.i.x.c.ResourceLoaderHelper -- Trying to load META-INF/validation.xml via Hibernate Validator's class loader
13:02:45.121 [main] DEBUG o.h.v.i.x.config.ValidationXmlParser -- No META-INF/validation.xml found. Using annotation based configuration only.
13:02:45.122 [main] DEBUG o.h.v.i.e.r.TraversableResolvers -- Cannot find jakarta.persistence.Persistence on classpath. Assuming non JPA 2 environment. All properties will per default be traversable.
13:02:45.123 [main] DEBUG o.h.v.i.e.ValidatorFactoryConfigurationHelper -- HV000252: Using org.hibernate.validator.internal.engine.DefaultPropertyNodeNameProvider as property node name provider.
13:02:45.123 [main] DEBUG o.h.v.i.e.ValidatorFactoryConfigurationHelper -- HV000234: Using org.springframework.validation.beanvalidation.LocaleContextMessageInterpolator as ValidatorFactory-scoped message interpolator.
13:02:45.123 [main] DEBUG o.h.v.i.e.ValidatorFactoryConfigurationHelper -- HV000234: Using org.hibernate.validator.internal.engine.resolver.TraverseAllTraversableResolver as ValidatorFactory-scoped traversable resolver.
13:02:45.123 [main] DEBUG o.h.v.i.e.ValidatorFactoryConfigurationHelper -- HV000234: Using org.hibernate.validator.internal.util.ExecutableParameterNameProvider as ValidatorFactory-scoped parameter name provider.
13:02:45.123 [main] DEBUG o.h.v.i.e.ValidatorFactoryConfigurationHelper -- HV000234: Using org.hibernate.validator.internal.engine.DefaultClockProvider as ValidatorFactory-scoped clock provider.
13:02:45.123 [main] DEBUG o.h.v.i.e.ValidatorFactoryConfigurationHelper -- HV000234: Using org.hibernate.validator.internal.engine.scripting.DefaultScriptEvaluatorFactory as ValidatorFactory-scoped script evaluator factory.
13:02:45.124 [main] DEBUG o.s.b.f.s.DefaultListableBeanFactory -- Autowiring by type from bean name 'requestMappingHandlerAdapter' via factory method to bean named 'mvcContentNegotiationManager'
13:02:45.124 [main] DEBUG o.s.b.f.s.DefaultListableBeanFactory -- Autowiring by type from bean name 'requestMappingHandlerAdapter' via factory method to bean named 'mvcConversionService'
13:02:45.124 [main] DEBUG o.s.b.f.s.DefaultListableBeanFactory -- Autowiring by type from bean name 'requestMappingHandlerAdapter' via factory method to bean named 'mvcValidator'
13:02:45.134 [main] DEBUG o.s.w.s.m.m.a.RequestMappingHandlerAdapter -- ControllerAdvice beans: 0 @ModelAttribute, 0 @InitBinder, 1 RequestBodyAdvice, 1 ResponseBodyAdvice
13:02:45.147 [main] DEBUG o.s.b.f.s.DefaultListableBeanFactory -- Creating shared instance of singleton bean 'handlerFunctionAdapter'
13:02:45.148 [main] DEBUG o.s.b.f.s.DefaultListableBeanFactory -- Creating shared instance of singleton bean 'mvcUriComponentsContributor'
13:02:45.148 [main] DEBUG o.s.b.f.s.DefaultListableBeanFactory -- Autowiring by type from bean name 'mvcUriComponentsContributor' via factory method to bean named 'mvcConversionService'
13:02:45.148 [main] DEBUG o.s.b.f.s.DefaultListableBeanFactory -- Autowiring by type from bean name 'mvcUriComponentsContributor' via factory method to bean named 'requestMappingHandlerAdapter'
13:02:45.149 [main] DEBUG o.s.b.f.s.DefaultListableBeanFactory -- Creating shared instance of singleton bean 'httpRequestHandlerAdapter'
13:02:45.149 [main] DEBUG o.s.b.f.s.DefaultListableBeanFactory -- Creating shared instance of singleton bean 'simpleControllerHandlerAdapter'
13:02:45.149 [main] DEBUG o.s.b.f.s.DefaultListableBeanFactory -- Creating shared instance of singleton bean 'handlerExceptionResolver'
13:02:45.150 [main] DEBUG o.s.b.f.s.DefaultListableBeanFactory -- Autowiring by type from bean name 'handlerExceptionResolver' via factory method to bean named 'mvcContentNegotiationManager'
13:02:45.152 [main] DEBUG o.s.w.s.m.m.a.ExceptionHandlerExceptionResolver -- ControllerAdvice beans: 3 @ExceptionHandler, 1 ResponseBodyAdvice
13:02:45.153 [main] DEBUG o.s.b.f.s.DefaultListableBeanFactory -- Creating shared instance of singleton bean 'mvcViewResolver'
13:02:45.153 [main] DEBUG o.s.b.f.s.DefaultListableBeanFactory -- Autowiring by type from bean name 'mvcViewResolver' via factory method to bean named 'mvcContentNegotiationManager'
13:02:45.156 [main] DEBUG o.s.b.f.s.DefaultListableBeanFactory -- Creating shared instance of singleton bean 'localeResolver'
13:02:45.157 [main] DEBUG o.s.b.f.s.DefaultListableBeanFactory -- Creating shared instance of singleton bean 'themeResolver'
13:02:45.157 [main] DEBUG o.s.b.f.s.DefaultListableBeanFactory -- Creating shared instance of singleton bean 'flashMapManager'
13:02:45.158 [main] DEBUG o.s.b.f.s.DefaultListableBeanFactory -- Creating shared instance of singleton bean 'viewNameTranslator'
13:02:45.159 [main] DEBUG o.s.b.f.s.DefaultListableBeanFactory -- Creating shared instance of singleton bean 'org.springframework.security.config.annotation.configuration.ObjectPostProcessorConfiguration'
13:02:45.159 [main] DEBUG o.s.b.f.s.DefaultListableBeanFactory -- Creating shared instance of singleton bean 'objectPostProcessor'
13:02:45.159 [main] DEBUG o.s.b.f.s.DefaultListableBeanFactory -- Autowiring by type from bean name 'objectPostProcessor' via factory method to bean named 'org.springframework.beans.factory.support.DefaultListableBeanFactory@2cf92cc7'
13:02:45.160 [main] DEBUG o.s.b.f.s.DefaultListableBeanFactory -- Creating shared instance of singleton bean 'org.springframework.security.config.annotation.authentication.configuration.AuthenticationConfiguration'
13:02:45.161 [main] DEBUG o.s.b.f.s.DefaultListableBeanFactory -- Creating shared instance of singleton bean 'enableGlobalAuthenticationAutowiredConfigurer'
13:02:45.161 [main] DEBUG o.s.b.f.s.DefaultListableBeanFactory -- Autowiring by type from bean name 'enableGlobalAuthenticationAutowiredConfigurer' via factory method to bean named 'org.springframework.boot.web.servlet.context.AnnotationConfigServletWebServerApplicationContext@293a5f75'
13:02:45.162 [main] DEBUG o.s.b.f.s.DefaultListableBeanFactory -- Creating shared instance of singleton bean 'initializeUserDetailsBeanManagerConfigurer'
13:02:45.162 [main] DEBUG o.s.b.f.s.DefaultListableBeanFactory -- Autowiring by type from bean name 'initializeUserDetailsBeanManagerConfigurer' via factory method to bean named 'org.springframework.boot.web.servlet.context.AnnotationConfigServletWebServerApplicationContext@293a5f75'
13:02:45.162 [main] DEBUG o.s.b.f.s.DefaultListableBeanFactory -- Creating shared instance of singleton bean 'initializeAuthenticationProviderBeanManagerConfigurer'
13:02:45.162 [main] DEBUG o.s.b.f.s.DefaultListableBeanFactory -- Autowiring by type from bean name 'initializeAuthenticationProviderBeanManagerConfigurer' via factory method to bean named 'org.springframework.boot.web.servlet.context.AnnotationConfigServletWebServerApplicationContext@293a5f75'
13:02:45.163 [main] DEBUG o.s.b.f.s.DefaultListableBeanFactory -- Creating shared instance of singleton bean 'authenticationManagerBuilder'
13:02:45.163 [main] DEBUG o.s.b.f.s.DefaultListableBeanFactory -- Autowiring by type from bean name 'authenticationManagerBuilder' via factory method to bean named 'objectPostProcessor'
13:02:45.163 [main] DEBUG o.s.b.f.s.DefaultListableBeanFactory -- Autowiring by type from bean name 'authenticationManagerBuilder' via factory method to bean named 'org.springframework.boot.web.servlet.context.AnnotationConfigServletWebServerApplicationContext@293a5f75'
13:02:45.164 [main] DEBUG o.s.b.f.s.DefaultListableBeanFactory -- Creating shared instance of singleton bean 'authenticationEventPublisher'
13:02:45.164 [main] DEBUG o.s.b.f.s.DefaultListableBeanFactory -- Creating shared instance of singleton bean 'org.springframework.boot.autoconfigure.security.servlet.SecurityAutoConfiguration'
13:02:45.164 [main] DEBUG o.s.b.f.s.DefaultListableBeanFactory -- Autowiring by type from bean name 'authenticationEventPublisher' via factory method to bean named 'org.springframework.boot.web.servlet.context.AnnotationConfigServletWebServerApplicationContext@293a5f75'
13:02:45.167 [main] DEBUG o.s.b.f.s.DefaultListableBeanFactory -- Creating shared instance of singleton bean 'org.springframework.security.config.annotation.web.configuration.WebSecurityConfiguration'
13:02:45.168 [main] DEBUG o.s.b.f.s.DefaultListableBeanFactory -- Creating shared instance of singleton bean 'org.springframework.security.config.annotation.web.configuration.HttpSecurityConfiguration'
13:02:45.189 [main] DEBUG o.s.b.f.s.DefaultListableBeanFactory -- Creating shared instance of singleton bean 'mvcHandlerMappingIntrospectorRequestTransformer'
13:02:45.189 [main] DEBUG o.s.b.f.s.DefaultListableBeanFactory -- Creating shared instance of singleton bean 'mvcHandlerMappingIntrospector'
13:02:45.192 [main] DEBUG o.s.b.f.s.DefaultListableBeanFactory -- Creating shared instance of singleton bean 'filterChain'
13:02:45.192 [main] DEBUG o.s.b.f.s.DefaultListableBeanFactory -- Autowiring by type from bean name 'filterChain' via factory method to bean named 'org.springframework.security.config.annotation.web.configuration.HttpSecurityConfiguration.httpSecurity'
13:02:45.203 [main] INFO  o.s.s.web.DefaultSecurityFilterChain -- Will secure any request with [org.springframework.security.web.session.DisableEncodeUrlFilter@342ee097, org.springframework.security.web.context.request.async.WebAsyncManagerIntegrationFilter@6ac45c0c, org.springframework.security.web.context.SecurityContextHolderFilter@63e5b8aa, org.springframework.security.web.header.HeaderWriterFilter@64656b9e, org.springframework.web.filter.CorsFilter@12192604, org.springframework.security.web.csrf.CsrfFilter@8641b7d, org.springframework.security.web.authentication.logout.LogoutFilter@1a914089, com.example.demo.beans.security.jwt.JwtAuthenticationFilter@71adfedd, org.springframework.security.web.savedrequest.RequestCacheAwareFilter@4270b142, org.springframework.security.web.servletapi.SecurityContextHolderAwareRequestFilter@2dfa02c1, org.springframework.security.web.authentication.AnonymousAuthenticationFilter@6075b369, org.springframework.security.web.access.ExceptionTranslationFilter@6629643d, org.springframework.security.web.access.intercept.AuthorizationFilter@7ac48e10]
13:02:45.204 [main] DEBUG o.s.b.f.s.DefaultListableBeanFactory -- Creating shared instance of singleton bean 'webSecurityCustomizer'
13:02:45.205 [main] DEBUG o.s.b.f.s.DefaultListableBeanFactory -- Creating shared instance of singleton bean 'delegatingApplicationListener'
13:02:45.205 [main] DEBUG o.s.b.f.s.DefaultListableBeanFactory -- Creating shared instance of singleton bean 'springSecurityFilterChain'
13:02:45.206 [main] WARN  o.s.s.c.a.web.builders.WebSecurity -- You are asking Spring Security to ignore Ant [pattern='/WEB-INF/views/**']. This is not recommended -- please use permitAll via HttpSecurity#authorizeHttpRequests instead.
13:02:45.207 [main] INFO  o.s.s.web.DefaultSecurityFilterChain -- Will not secure Ant [pattern='/WEB-INF/views/**']
13:02:45.207 [main] WARN  o.s.s.c.a.web.builders.WebSecurity -- You are asking Spring Security to ignore Ant [pattern='/member/regist/**']. This is not recommended -- please use permitAll via HttpSecurity#authorizeHttpRequests instead.
13:02:45.207 [main] INFO  o.s.s.web.DefaultSecurityFilterChain -- Will not secure Ant [pattern='/member/regist/**']
13:02:45.207 [main] WARN  o.s.s.c.a.web.builders.WebSecurity -- You are asking Spring Security to ignore Ant [pattern='/error/**']. This is not recommended -- please use permitAll via HttpSecurity#authorizeHttpRequests instead.
13:02:45.207 [main] INFO  o.s.s.web.DefaultSecurityFilterChain -- Will not secure Ant [pattern='/error/**']
13:02:45.207 [main] WARN  o.s.s.c.a.web.builders.WebSecurity -- You are asking Spring Security to ignore Ant [pattern='/favicon.ico']. This is not recommended -- please use permitAll via HttpSecurity#authorizeHttpRequests instead.
13:02:45.207 [main] INFO  o.s.s.web.DefaultSecurityFilterChain -- Will not secure Ant [pattern='/favicon.ico']
13:02:45.207 [main] WARN  o.s.s.c.a.web.builders.WebSecurity -- You are asking Spring Security to ignore Ant [pattern='/member/**-delete-me']. This is not recommended -- please use permitAll via HttpSecurity#authorizeHttpRequests instead.
13:02:45.207 [main] INFO  o.s.s.web.DefaultSecurityFilterChain -- Will not secure Ant [pattern='/member/**-delete-me']
13:02:45.207 [main] WARN  o.s.s.c.a.web.builders.WebSecurity -- You are asking Spring Security to ignore Ant [pattern='/js/**']. This is not recommended -- please use permitAll via HttpSecurity#authorizeHttpRequests instead.
13:02:45.207 [main] INFO  o.s.s.web.DefaultSecurityFilterChain -- Will not secure Ant [pattern='/js/**']
13:02:45.209 [main] WARN  o.s.s.c.a.web.builders.WebSecurity -- 

********************************************************************
**********        Security debugging is enabled.       *************
**********    This may include sensitive information.  *************
**********      Do not use in a production system!     *************
********************************************************************


13:02:45.210 [main] DEBUG o.s.b.f.s.DefaultListableBeanFactory -- Creating shared instance of singleton bean 'webSecurityExpressionHandler'
13:02:45.210 [main] DEBUG o.s.b.f.s.DefaultListableBeanFactory -- Creating shared instance of singleton bean 'privilegeEvaluator'
13:02:45.211 [main] DEBUG o.s.b.f.s.DefaultListableBeanFactory -- Creating shared instance of singleton bean 'requestDataValueProcessor'
13:02:45.211 [main] DEBUG o.s.b.f.s.DefaultListableBeanFactory -- Creating shared instance of singleton bean 'org.springframework.security.config.annotation.web.configuration.OAuth2ClientConfiguration'
13:02:45.211 [main] DEBUG o.s.b.f.s.DefaultListableBeanFactory -- Creating shared instance of singleton bean 'org.springframework.boot.autoconfigure.AutoConfigurationPackages'
13:02:45.211 [main] DEBUG o.s.b.f.s.DefaultListableBeanFactory -- Creating shared instance of singleton bean 'org.springframework.boot.autoconfigure.context.PropertyPlaceholderAutoConfiguration'
13:02:45.212 [main] DEBUG o.s.b.f.s.DefaultListableBeanFactory -- Creating shared instance of singleton bean 'org.springframework.boot.autoconfigure.websocket.servlet.WebSocketServletAutoConfiguration'
13:02:45.212 [main] DEBUG o.s.b.f.s.DefaultListableBeanFactory -- Creating shared instance of singleton bean 'org.springframework.boot.autoconfigure.web.servlet.DispatcherServletAutoConfiguration'
13:02:45.212 [main] DEBUG o.s.b.f.s.DefaultListableBeanFactory -- Creating shared instance of singleton bean 'org.springframework.boot.autoconfigure.task.TaskExecutorConfigurations$ThreadPoolTaskExecutorBuilderConfiguration'
13:02:45.212 [main] DEBUG o.s.b.f.s.DefaultListableBeanFactory -- Creating shared instance of singleton bean 'threadPoolTaskExecutorBuilder'
13:02:45.212 [main] DEBUG o.s.b.f.s.DefaultListableBeanFactory -- Creating shared instance of singleton bean 'spring.task.execution-org.springframework.boot.autoconfigure.task.TaskExecutionProperties'
13:02:45.213 [main] DEBUG o.s.b.f.s.DefaultListableBeanFactory -- Autowiring by type from bean name 'threadPoolTaskExecutorBuilder' via factory method to bean named 'spring.task.execution-org.springframework.boot.autoconfigure.task.TaskExecutionProperties'
13:02:45.215 [main] DEBUG o.s.b.f.s.DefaultListableBeanFactory -- Creating shared instance of singleton bean 'org.springframework.boot.autoconfigure.task.TaskExecutorConfigurations$TaskExecutorBuilderConfiguration'
13:02:45.215 [main] DEBUG o.s.b.f.s.DefaultListableBeanFactory -- Creating shared instance of singleton bean 'taskExecutorBuilder'
13:02:45.215 [main] DEBUG o.s.b.f.s.DefaultListableBeanFactory -- Autowiring by type from bean name 'taskExecutorBuilder' via factory method to bean named 'spring.task.execution-org.springframework.boot.autoconfigure.task.TaskExecutionProperties'
13:02:45.216 [main] DEBUG o.s.b.f.s.DefaultListableBeanFactory -- Creating shared instance of singleton bean 'org.springframework.boot.autoconfigure.task.TaskExecutorConfigurations$SimpleAsyncTaskExecutorBuilderConfiguration'
13:02:45.216 [main] DEBUG o.s.b.f.s.DefaultListableBeanFactory -- Autowiring by type from bean name 'org.springframework.boot.autoconfigure.task.TaskExecutorConfigurations$SimpleAsyncTaskExecutorBuilderConfiguration' via constructor to bean named 'spring.task.execution-org.springframework.boot.autoconfigure.task.TaskExecutionProperties'
13:02:45.217 [main] DEBUG o.s.b.f.s.DefaultListableBeanFactory -- Creating shared instance of singleton bean 'simpleAsyncTaskExecutorBuilder'
13:02:45.217 [main] DEBUG o.s.b.f.s.DefaultListableBeanFactory -- Creating shared instance of singleton bean 'org.springframework.boot.autoconfigure.task.TaskExecutorConfigurations$TaskExecutorConfiguration'
13:02:45.217 [main] DEBUG o.s.b.f.s.DefaultListableBeanFactory -- Creating shared instance of singleton bean 'org.springframework.boot.autoconfigure.task.TaskExecutionAutoConfiguration'
13:02:45.218 [main] DEBUG o.s.b.f.s.DefaultListableBeanFactory -- Creating shared instance of singleton bean 'org.springframework.boot.autoconfigure.validation.ValidationAutoConfiguration'
13:02:45.218 [main] DEBUG o.s.b.f.s.DefaultListableBeanFactory -- Creating shared instance of singleton bean 'defaultValidator'
13:02:45.218 [main] DEBUG o.s.b.f.s.DefaultListableBeanFactory -- Autowiring by type from bean name 'defaultValidator' via factory method to bean named 'org.springframework.boot.web.servlet.context.AnnotationConfigServletWebServerApplicationContext@293a5f75'
13:02:45.218 [main] DEBUG o.h.v.m.ResourceBundleMessageInterpolator -- Loaded expression factory via original TCCL
13:02:45.219 [main] DEBUG o.h.v.i.e.AbstractConfigurationImpl -- Setting custom MessageInterpolator of type org.springframework.validation.beanvalidation.LocaleContextMessageInterpolator
13:02:45.219 [main] DEBUG o.h.v.i.e.AbstractConfigurationImpl -- Setting custom ConstraintValidatorFactory of type org.springframework.validation.beanvalidation.SpringConstraintValidatorFactory
13:02:45.219 [main] DEBUG o.h.v.i.x.config.ValidationXmlParser -- Trying to load META-INF/validation.xml for XML based Validator configuration.
13:02:45.219 [main] DEBUG o.h.v.i.x.c.ResourceLoaderHelper -- Trying to load META-INF/validation.xml via user class loader
13:02:45.219 [main] DEBUG o.h.v.i.x.c.ResourceLoaderHelper -- Trying to load META-INF/validation.xml via TCCL
13:02:45.220 [main] DEBUG o.h.v.i.x.c.ResourceLoaderHelper -- Trying to load META-INF/validation.xml via Hibernate Validator's class loader
13:02:45.220 [main] DEBUG o.h.v.i.x.config.ValidationXmlParser -- No META-INF/validation.xml found. Using annotation based configuration only.
13:02:45.220 [main] DEBUG o.h.v.i.e.r.TraversableResolvers -- Cannot find jakarta.persistence.Persistence on classpath. Assuming non JPA 2 environment. All properties will per default be traversable.
13:02:45.221 [main] DEBUG o.h.v.i.e.ValidatorFactoryConfigurationHelper -- HV000252: Using org.hibernate.validator.internal.engine.DefaultPropertyNodeNameProvider as property node name provider.
13:02:45.221 [main] DEBUG o.h.v.i.e.ValidatorFactoryConfigurationHelper -- HV000234: Using org.springframework.validation.beanvalidation.LocaleContextMessageInterpolator as ValidatorFactory-scoped message interpolator.
13:02:45.221 [main] DEBUG o.h.v.i.e.ValidatorFactoryConfigurationHelper -- HV000234: Using org.hibernate.validator.internal.engine.resolver.TraverseAllTraversableResolver as ValidatorFactory-scoped traversable resolver.
13:02:45.221 [main] DEBUG o.h.v.i.e.ValidatorFactoryConfigurationHelper -- HV000234: Using org.hibernate.validator.internal.util.ExecutableParameterNameProvider as ValidatorFactory-scoped parameter name provider.
13:02:45.221 [main] DEBUG o.h.v.i.e.ValidatorFactoryConfigurationHelper -- HV000234: Using org.hibernate.validator.internal.engine.DefaultClockProvider as ValidatorFactory-scoped clock provider.
13:02:45.221 [main] DEBUG o.h.v.i.e.ValidatorFactoryConfigurationHelper -- HV000234: Using org.hibernate.validator.internal.engine.scripting.DefaultScriptEvaluatorFactory as ValidatorFactory-scoped script evaluator factory.
13:02:45.222 [main] DEBUG o.s.b.f.s.DefaultListableBeanFactory -- Creating shared instance of singleton bean 'org.springframework.boot.autoconfigure.web.servlet.error.ErrorMvcAutoConfiguration$WhitelabelErrorViewConfiguration'
13:02:45.222 [main] DEBUG o.s.b.f.s.DefaultListableBeanFactory -- Creating shared instance of singleton bean 'error'
13:02:45.222 [main] DEBUG o.s.b.f.s.DefaultListableBeanFactory -- Creating shared instance of singleton bean 'beanNameViewResolver'
13:02:45.222 [main] DEBUG o.s.b.f.s.DefaultListableBeanFactory -- Creating shared instance of singleton bean 'org.springframework.boot.autoconfigure.web.servlet.error.ErrorMvcAutoConfiguration$DefaultErrorViewResolverConfiguration'
13:02:45.223 [main] DEBUG o.s.b.f.s.DefaultListableBeanFactory -- Creating shared instance of singleton bean 'spring.web-org.springframework.boot.autoconfigure.web.WebProperties'
13:02:45.224 [main] DEBUG o.s.b.f.s.DefaultListableBeanFactory -- Autowiring by type from bean name 'org.springframework.boot.autoconfigure.web.servlet.error.ErrorMvcAutoConfiguration$DefaultErrorViewResolverConfiguration' via constructor to bean named 'org.springframework.boot.web.servlet.context.AnnotationConfigServletWebServerApplicationContext@293a5f75'
13:02:45.224 [main] DEBUG o.s.b.f.s.DefaultListableBeanFactory -- Autowiring by type from bean name 'org.springframework.boot.autoconfigure.web.servlet.error.ErrorMvcAutoConfiguration$DefaultErrorViewResolverConfiguration' via constructor to bean named 'spring.web-org.springframework.boot.autoconfigure.web.WebProperties'
13:02:45.224 [main] DEBUG o.s.b.f.s.DefaultListableBeanFactory -- Creating shared instance of singleton bean 'conventionErrorViewResolver'
13:02:45.225 [main] DEBUG o.s.b.f.s.DefaultListableBeanFactory -- Creating shared instance of singleton bean 'errorAttributes'
13:02:45.225 [main] DEBUG o.s.b.f.s.DefaultListableBeanFactory -- Creating shared instance of singleton bean 'basicErrorController'
13:02:45.225 [main] DEBUG o.s.b.f.s.DefaultListableBeanFactory -- Autowiring by type from bean name 'basicErrorController' via factory method to bean named 'errorAttributes'
13:02:45.225 [main] DEBUG o.s.b.f.s.DefaultListableBeanFactory -- Creating shared instance of singleton bean 'org.mybatis.spring.boot.autoconfigure.MybatisLanguageDriverAutoConfiguration'
13:02:45.226 [main] DEBUG o.s.b.f.s.DefaultListableBeanFactory -- Creating shared instance of singleton bean 'org.springframework.boot.autoconfigure.aop.AopAutoConfiguration$AspectJAutoProxyingConfiguration$CglibAutoProxyConfiguration'
13:02:45.226 [main] DEBUG o.s.b.f.s.DefaultListableBeanFactory -- Creating shared instance of singleton bean 'org.springframework.boot.autoconfigure.aop.AopAutoConfiguration$AspectJAutoProxyingConfiguration'
13:02:45.226 [main] DEBUG o.s.b.f.s.DefaultListableBeanFactory -- Creating shared instance of singleton bean 'org.springframework.boot.autoconfigure.aop.AopAutoConfiguration'
13:02:45.226 [main] DEBUG o.s.b.f.s.DefaultListableBeanFactory -- Creating shared instance of singleton bean 'org.springframework.boot.autoconfigure.availability.ApplicationAvailabilityAutoConfiguration'
13:02:45.226 [main] DEBUG o.s.b.f.s.DefaultListableBeanFactory -- Creating shared instance of singleton bean 'applicationAvailability'
13:02:45.227 [main] DEBUG o.s.b.f.s.DefaultListableBeanFactory -- Creating shared instance of singleton bean 'org.springframework.boot.autoconfigure.jackson.JacksonAutoConfiguration$Jackson2ObjectMapperBuilderCustomizerConfiguration'
13:02:45.227 [main] DEBUG o.s.b.f.s.DefaultListableBeanFactory -- Creating shared instance of singleton bean 'standardJacksonObjectMapperBuilderCustomizer'
13:02:45.227 [main] DEBUG o.s.b.f.s.DefaultListableBeanFactory -- Creating shared instance of singleton bean 'spring.jackson-org.springframework.boot.autoconfigure.jackson.JacksonProperties'
13:02:45.228 [main] DEBUG o.s.b.f.s.DefaultListableBeanFactory -- Autowiring by type from bean name 'standardJacksonObjectMapperBuilderCustomizer' via factory method to bean named 'spring.jackson-org.springframework.boot.autoconfigure.jackson.JacksonProperties'
13:02:45.229 [main] DEBUG o.s.b.f.s.DefaultListableBeanFactory -- Creating shared instance of singleton bean 'parameterNamesModule'
13:02:45.229 [main] DEBUG o.s.b.f.s.DefaultListableBeanFactory -- Creating shared instance of singleton bean 'org.springframework.boot.autoconfigure.jackson.JacksonAutoConfiguration$ParameterNamesModuleConfiguration'
13:02:45.230 [main] DEBUG o.s.b.f.s.DefaultListableBeanFactory -- Creating shared instance of singleton bean 'jsonMixinModule'
13:02:45.230 [main] DEBUG o.s.b.f.s.DefaultListableBeanFactory -- Creating shared instance of singleton bean 'org.springframework.boot.autoconfigure.jackson.JacksonAutoConfiguration$JacksonMixinConfiguration'
13:02:45.230 [main] DEBUG o.s.b.f.s.DefaultListableBeanFactory -- Creating shared instance of singleton bean 'jsonMixinModuleEntries'
13:02:45.230 [main] DEBUG o.s.b.f.s.DefaultListableBeanFactory -- Autowiring by type from bean name 'jsonMixinModuleEntries' via factory method to bean named 'org.springframework.boot.web.servlet.context.AnnotationConfigServletWebServerApplicationContext@293a5f75'
13:02:45.230 [main] DEBUG o.s.b.a.AutoConfigurationPackages -- @EnableAutoConfiguration was declared on a class in the package 'com.example.demo'. Automatic @Repository and @Entity scanning is enabled.
13:02:45.235 [main] DEBUG o.s.b.f.s.DefaultListableBeanFactory -- Autowiring by type from bean name 'jsonMixinModule' via factory method to bean named 'org.springframework.boot.web.servlet.context.AnnotationConfigServletWebServerApplicationContext@293a5f75'
13:02:45.235 [main] DEBUG o.s.b.f.s.DefaultListableBeanFactory -- Autowiring by type from bean name 'jsonMixinModule' via factory method to bean named 'jsonMixinModuleEntries'
13:02:45.236 [main] DEBUG o.s.b.f.s.DefaultListableBeanFactory -- Creating shared instance of singleton bean 'jsonComponentModule'
13:02:45.236 [main] DEBUG o.s.b.f.s.DefaultListableBeanFactory -- Creating shared instance of singleton bean 'org.springframework.boot.autoconfigure.jackson.JacksonAutoConfiguration'
13:02:45.237 [main] DEBUG o.s.b.f.s.DefaultListableBeanFactory -- Creating shared instance of singleton bean 'org.springframework.boot.autoconfigure.jackson.JacksonAutoConfiguration$JacksonObjectMapperBuilderConfiguration'
13:02:45.237 [main] DEBUG o.s.b.f.s.DefaultListableBeanFactory -- Creating shared instance of singleton bean 'org.springframework.boot.autoconfigure.jackson.JacksonAutoConfiguration$JacksonObjectMapperConfiguration'
13:02:45.237 [main] DEBUG o.s.b.f.s.DefaultListableBeanFactory -- Creating shared instance of singleton bean 'jacksonObjectMapper'
13:02:45.238 [main] DEBUG o.s.b.f.s.DefaultListableBeanFactory -- Autowiring by type from bean name 'jacksonObjectMapperBuilder' via factory method to bean named 'org.springframework.boot.web.servlet.context.AnnotationConfigServletWebServerApplicationContext@293a5f75'
13:02:45.238 [main] DEBUG o.s.b.f.s.DefaultListableBeanFactory -- Autowiring by type from bean name 'jacksonObjectMapperBuilder' via factory method to bean named 'standardJacksonObjectMapperBuilderCustomizer'
13:02:45.239 [main] DEBUG o.s.b.f.s.DefaultListableBeanFactory -- Autowiring by type from bean name 'jacksonObjectMapper' via factory method to bean named 'jacksonObjectMapperBuilder'
13:02:45.244 [main] DEBUG o.s.b.f.s.DefaultListableBeanFactory -- Creating shared instance of singleton bean 'org.springframework.boot.autoconfigure.transaction.TransactionManagerCustomizationAutoConfiguration'
13:02:45.244 [main] DEBUG o.s.b.f.s.DefaultListableBeanFactory -- Creating shared instance of singleton bean 'platformTransactionManagerCustomizers'
13:02:45.245 [main] DEBUG o.s.b.f.s.DefaultListableBeanFactory -- Creating shared instance of singleton bean 'transactionExecutionListeners'
13:02:45.245 [main] DEBUG o.s.b.f.s.DefaultListableBeanFactory -- Creating shared instance of singleton bean 'spring.transaction-org.springframework.boot.autoconfigure.transaction.TransactionProperties'
13:02:45.247 [main] DEBUG o.s.b.f.s.DefaultListableBeanFactory -- Creating shared instance of singleton bean 'org.springframework.boot.autoconfigure.context.ConfigurationPropertiesAutoConfiguration'
13:02:45.247 [main] DEBUG o.s.b.f.s.DefaultListableBeanFactory -- Creating shared instance of singleton bean 'org.springframework.boot.autoconfigure.context.LifecycleAutoConfiguration'
13:02:45.247 [main] DEBUG o.s.b.f.s.DefaultListableBeanFactory -- Creating shared instance of singleton bean 'lifecycleProcessor'
13:02:45.247 [main] DEBUG o.s.b.f.s.DefaultListableBeanFactory -- Creating shared instance of singleton bean 'spring.lifecycle-org.springframework.boot.autoconfigure.context.LifecycleProperties'
13:02:45.247 [main] DEBUG o.s.b.f.s.DefaultListableBeanFactory -- Autowiring by type from bean name 'lifecycleProcessor' via factory method to bean named 'spring.lifecycle-org.springframework.boot.autoconfigure.context.LifecycleProperties'
13:02:45.248 [main] DEBUG o.s.b.f.s.DefaultListableBeanFactory -- Creating shared instance of singleton bean 'org.springframework.boot.autoconfigure.dao.PersistenceExceptionTranslationAutoConfiguration'
13:02:45.248 [main] DEBUG o.s.b.f.s.DefaultListableBeanFactory -- Creating shared instance of singleton bean 'org.springframework.boot.autoconfigure.gson.GsonAutoConfiguration'
13:02:45.248 [main] DEBUG o.s.b.f.s.DefaultListableBeanFactory -- Creating shared instance of singleton bean 'gsonBuilder'
13:02:45.249 [main] DEBUG o.s.b.f.s.DefaultListableBeanFactory -- Creating shared instance of singleton bean 'standardGsonBuilderCustomizer'
13:02:45.249 [main] DEBUG o.s.b.f.s.DefaultListableBeanFactory -- Creating shared instance of singleton bean 'spring.gson-org.springframework.boot.autoconfigure.gson.GsonProperties'
13:02:45.249 [main] DEBUG o.s.b.f.s.DefaultListableBeanFactory -- Autowiring by type from bean name 'standardGsonBuilderCustomizer' via factory method to bean named 'spring.gson-org.springframework.boot.autoconfigure.gson.GsonProperties'
13:02:45.250 [main] DEBUG o.s.b.f.s.DefaultListableBeanFactory -- Autowiring by type from bean name 'gsonBuilder' via factory method to bean named 'standardGsonBuilderCustomizer'
13:02:45.251 [main] DEBUG o.s.b.f.s.DefaultListableBeanFactory -- Creating shared instance of singleton bean 'gson'
13:02:45.252 [main] DEBUG o.s.b.f.s.DefaultListableBeanFactory -- Autowiring by type from bean name 'gson' via factory method to bean named 'gsonBuilder'
13:02:45.252 [main] DEBUG o.s.b.f.s.DefaultListableBeanFactory -- Creating shared instance of singleton bean 'org.springframework.boot.autoconfigure.http.HttpMessageConvertersAutoConfiguration$StringHttpMessageConverterConfiguration'
13:02:45.252 [main] DEBUG o.s.b.f.s.DefaultListableBeanFactory -- Creating shared instance of singleton bean 'stringHttpMessageConverter'
13:02:45.252 [main] DEBUG o.s.b.f.s.DefaultListableBeanFactory -- Autowiring by type from bean name 'stringHttpMessageConverter' via factory method to bean named 'environment'
13:02:45.254 [main] DEBUG o.s.b.f.s.DefaultListableBeanFactory -- Creating shared instance of singleton bean 'org.springframework.boot.autoconfigure.http.JacksonHttpMessageConvertersConfiguration$MappingJackson2HttpMessageConverterConfiguration'
13:02:45.254 [main] DEBUG o.s.b.f.s.DefaultListableBeanFactory -- Creating shared instance of singleton bean 'mappingJackson2HttpMessageConverter'
13:02:45.254 [main] DEBUG o.s.b.f.s.DefaultListableBeanFactory -- Autowiring by type from bean name 'mappingJackson2HttpMessageConverter' via factory method to bean named 'jacksonObjectMapper'
13:02:45.254 [main] DEBUG o.s.b.f.s.DefaultListableBeanFactory -- Creating shared instance of singleton bean 'org.springframework.boot.autoconfigure.http.JacksonHttpMessageConvertersConfiguration'
13:02:45.254 [main] DEBUG o.s.b.f.s.DefaultListableBeanFactory -- Creating shared instance of singleton bean 'org.springframework.boot.autoconfigure.http.GsonHttpMessageConvertersConfiguration'
13:02:45.254 [main] DEBUG o.s.b.f.s.DefaultListableBeanFactory -- Creating shared instance of singleton bean 'org.springframework.boot.autoconfigure.http.HttpMessageConvertersAutoConfiguration'
13:02:45.255 [main] DEBUG o.s.b.f.s.DefaultListableBeanFactory -- Creating shared instance of singleton bean 'messageConverters'
13:02:45.256 [main] DEBUG o.s.b.f.s.DefaultListableBeanFactory -- Creating shared instance of singleton bean 'org.springframework.boot.autoconfigure.info.ProjectInfoAutoConfiguration'
13:02:45.257 [main] DEBUG o.s.b.f.s.DefaultListableBeanFactory -- Creating shared instance of singleton bean 'spring.info-org.springframework.boot.autoconfigure.info.ProjectInfoProperties'
13:02:45.258 [main] DEBUG o.s.b.f.s.DefaultListableBeanFactory -- Autowiring by type from bean name 'org.springframework.boot.autoconfigure.info.ProjectInfoAutoConfiguration' via constructor to bean named 'spring.info-org.springframework.boot.autoconfigure.info.ProjectInfoProperties'
13:02:45.258 [main] DEBUG o.s.b.f.s.DefaultListableBeanFactory -- Creating shared instance of singleton bean 'org.springframework.boot.autoconfigure.security.oauth2.client.servlet.OAuth2ClientAutoConfiguration'
13:02:45.258 [main] DEBUG o.s.b.f.s.DefaultListableBeanFactory -- Creating shared instance of singleton bean 'org.springframework.boot.autoconfigure.security.servlet.SpringBootWebSecurityConfiguration'
13:02:45.259 [main] DEBUG o.s.b.f.s.DefaultListableBeanFactory -- Creating shared instance of singleton bean 'org.springframework.boot.autoconfigure.sql.init.SqlInitializationAutoConfiguration'
13:02:45.259 [main] DEBUG o.s.b.f.s.DefaultListableBeanFactory -- Creating shared instance of singleton bean 'spring.sql.init-org.springframework.boot.autoconfigure.sql.init.SqlInitializationProperties'
13:02:45.259 [main] DEBUG o.s.b.f.s.DefaultListableBeanFactory -- Creating shared instance of singleton bean 'org.springframework.boot.autoconfigure.task.TaskSchedulingConfigurations$ThreadPoolTaskSchedulerBuilderConfiguration'
13:02:45.259 [main] DEBUG o.s.b.f.s.DefaultListableBeanFactory -- Creating shared instance of singleton bean 'threadPoolTaskSchedulerBuilder'
13:02:45.260 [main] DEBUG o.s.b.f.s.DefaultListableBeanFactory -- Creating shared instance of singleton bean 'spring.task.scheduling-org.springframework.boot.autoconfigure.task.TaskSchedulingProperties'
13:02:45.260 [main] DEBUG o.s.b.f.s.DefaultListableBeanFactory -- Autowiring by type from bean name 'threadPoolTaskSchedulerBuilder' via factory method to bean named 'spring.task.scheduling-org.springframework.boot.autoconfigure.task.TaskSchedulingProperties'
13:02:45.261 [main] DEBUG o.s.b.f.s.DefaultListableBeanFactory -- Creating shared instance of singleton bean 'org.springframework.boot.autoconfigure.task.TaskSchedulingConfigurations$TaskSchedulerBuilderConfiguration'
13:02:45.261 [main] DEBUG o.s.b.f.s.DefaultListableBeanFactory -- Creating shared instance of singleton bean 'taskSchedulerBuilder'
13:02:45.261 [main] DEBUG o.s.b.f.s.DefaultListableBeanFactory -- Autowiring by type from bean name 'taskSchedulerBuilder' via factory method to bean named 'spring.task.scheduling-org.springframework.boot.autoconfigure.task.TaskSchedulingProperties'
13:02:45.262 [main] DEBUG o.s.b.f.s.DefaultListableBeanFactory -- Creating shared instance of singleton bean 'org.springframework.boot.autoconfigure.task.TaskSchedulingConfigurations$SimpleAsyncTaskSchedulerBuilderConfiguration'
13:02:45.262 [main] DEBUG o.s.b.f.s.DefaultListableBeanFactory -- Autowiring by type from bean name 'org.springframework.boot.autoconfigure.task.TaskSchedulingConfigurations$SimpleAsyncTaskSchedulerBuilderConfiguration' via constructor to bean named 'spring.task.scheduling-org.springframework.boot.autoconfigure.task.TaskSchedulingProperties'
13:02:45.262 [main] DEBUG o.s.b.f.s.DefaultListableBeanFactory -- Creating shared instance of singleton bean 'simpleAsyncTaskSchedulerBuilder'
13:02:45.263 [main] DEBUG o.s.b.f.s.DefaultListableBeanFactory -- Creating shared instance of singleton bean 'org.springframework.boot.autoconfigure.task.TaskSchedulingAutoConfiguration'
13:02:45.263 [main] DEBUG o.s.b.f.s.DefaultListableBeanFactory -- Creating shared instance of singleton bean 'org.springframework.boot.autoconfigure.jdbc.DataSourceTransactionManagerAutoConfiguration'
13:02:45.264 [main] DEBUG o.s.b.f.s.DefaultListableBeanFactory -- Creating shared instance of singleton bean 'spring.datasource-org.springframework.boot.autoconfigure.jdbc.DataSourceProperties'
13:02:45.266 [main] DEBUG o.s.b.f.s.DefaultListableBeanFactory -- Creating shared instance of singleton bean 'org.springframework.boot.autoconfigure.transaction.TransactionAutoConfiguration'
13:02:45.267 [main] DEBUG o.s.b.f.s.DefaultListableBeanFactory -- Creating shared instance of singleton bean 'org.springframework.boot.autoconfigure.web.client.RestClientAutoConfiguration'
13:02:45.267 [main] DEBUG o.s.b.f.s.DefaultListableBeanFactory -- Creating shared instance of singleton bean 'httpMessageConvertersRestClientCustomizer'
13:02:45.268 [main] DEBUG o.s.b.f.s.DefaultListableBeanFactory -- Creating shared instance of singleton bean 'restClientSsl'
13:02:45.268 [main] DEBUG o.s.b.f.s.DefaultListableBeanFactory -- Autowiring by type from bean name 'restClientSsl' via factory method to bean named 'sslBundleRegistry'
13:02:45.268 [main] DEBUG o.s.b.f.s.DefaultListableBeanFactory -- Creating shared instance of singleton bean 'restClientBuilderConfigurer'
13:02:45.268 [main] DEBUG o.s.b.f.s.DefaultListableBeanFactory -- Creating shared instance of singleton bean 'org.springframework.boot.autoconfigure.web.client.RestTemplateAutoConfiguration'
13:02:45.268 [main] DEBUG o.s.b.f.s.DefaultListableBeanFactory -- Creating shared instance of singleton bean 'org.springframework.boot.autoconfigure.web.embedded.EmbeddedWebServerFactoryCustomizerAutoConfiguration'
13:02:45.268 [main] DEBUG o.s.b.f.s.DefaultListableBeanFactory -- Creating shared instance of singleton bean 'multipartResolver'
13:02:45.273 [main] DEBUG o.s.b.f.s.DefaultListableBeanFactory -- Creating shared instance of singleton bean 'applicationTaskExecutor'
13:02:45.274 [main] DEBUG o.s.b.f.s.DefaultListableBeanFactory -- Autowiring by type from bean name 'applicationTaskExecutor' via factory method to bean named 'taskExecutorBuilder'
13:02:45.277 [main] DEBUG o.s.s.c.ThreadPoolTaskExecutor -- Initializing ExecutorService 'applicationTaskExecutor'
13:02:45.278 [main] DEBUG o.s.c.s.DefaultLifecycleProcessor -- Starting beans in phase -2147483647
13:02:45.278 [main] DEBUG o.s.c.s.DefaultLifecycleProcessor -- Successfully started bean 'springBootLoggingLifecycle'
13:02:45.278 [main] DEBUG o.s.c.s.DefaultLifecycleProcessor -- Starting beans in phase 2147481599
13:02:45.278 [main] INFO  o.a.coyote.http11.Http11NioProtocol -- Starting ProtocolHandler ["http-nio-8888"]
13:02:45.303 [main] INFO  o.s.b.w.e.tomcat.TomcatWebServer -- Tomcat started on port 8888 (http) with context path ''
13:02:45.303 [main] DEBUG o.s.c.s.DefaultLifecycleProcessor -- Successfully started bean 'webServerStartStop'
13:02:45.303 [main] DEBUG o.s.c.s.DefaultLifecycleProcessor -- Starting beans in phase 2147482623
13:02:45.303 [main] DEBUG o.s.c.s.DefaultLifecycleProcessor -- Successfully started bean 'webServerGracefulShutdown'
13:02:45.303 [main] DEBUG o.s.c.s.DefaultLifecycleProcessor -- Starting beans in phase 2147483647
13:02:45.311 [main] DEBUG o.s.b.a.l.ConditionEvaluationReportLogger -- 


============================
CONDITIONS EVALUATION REPORT
============================


Positive matches:
-----------------

   AopAutoConfiguration matched:
      - @ConditionalOnProperty (spring.aop.auto=true) matched (OnPropertyCondition)

   AopAutoConfiguration.AspectJAutoProxyingConfiguration matched:
      - @ConditionalOnClass found required class 'org.aspectj.weaver.Advice' (OnClassCondition)

   AopAutoConfiguration.AspectJAutoProxyingConfiguration.CglibAutoProxyConfiguration matched:
      - @ConditionalOnProperty (spring.aop.proxy-target-class=true) matched (OnPropertyCondition)

   ApplicationAvailabilityAutoConfiguration#applicationAvailability matched:
      - @ConditionalOnMissingBean (types: org.springframework.boot.availability.ApplicationAvailability; SearchStrategy: all) did not find any beans (OnBeanCondition)

   DataSourceTransactionManagerAutoConfiguration matched:
      - @ConditionalOnClass found required classes 'org.springframework.jdbc.core.JdbcTemplate', 'org.springframework.transaction.TransactionManager' (OnClassCondition)

   DispatcherServletAutoConfiguration matched:
      - @ConditionalOnClass found required class 'org.springframework.web.servlet.DispatcherServlet' (OnClassCondition)
      - found 'session' scope (OnWebApplicationCondition)

   DispatcherServletAutoConfiguration.DispatcherServletConfiguration matched:
      - @ConditionalOnClass found required class 'jakarta.servlet.ServletRegistration' (OnClassCondition)
      - Default DispatcherServlet did not find dispatcher servlet beans (DispatcherServletAutoConfiguration.DefaultDispatcherServletCondition)

   DispatcherServletAutoConfiguration.DispatcherServletRegistrationConfiguration matched:
      - @ConditionalOnClass found required class 'jakarta.servlet.ServletRegistration' (OnClassCondition)
      - DispatcherServlet Registration did not find servlet registration bean (DispatcherServletAutoConfiguration.DispatcherServletRegistrationCondition)

   DispatcherServletAutoConfiguration.DispatcherServletRegistrationConfiguration#dispatcherServletRegistration matched:
      - @ConditionalOnBean (names: dispatcherServlet types: org.springframework.web.servlet.DispatcherServlet; SearchStrategy: all) found bean 'dispatcherServlet' (OnBeanCondition)

   EmbeddedWebServerFactoryCustomizerAutoConfiguration matched:
      - @ConditionalOnWebApplication (required) found 'session' scope (OnWebApplicationCondition)
      - @ConditionalOnWarDeployment the application is not deployed as a WAR file. (OnWarDeploymentCondition)

   EmbeddedWebServerFactoryCustomizerAutoConfiguration.TomcatWebServerFactoryCustomizerConfiguration matched:
      - @ConditionalOnClass found required classes 'org.apache.catalina.startup.Tomcat', 'org.apache.coyote.UpgradeProtocol' (OnClassCondition)

   ErrorMvcAutoConfiguration matched:
      - @ConditionalOnClass found required classes 'jakarta.servlet.Servlet', 'org.springframework.web.servlet.DispatcherServlet' (OnClassCondition)
      - found 'session' scope (OnWebApplicationCondition)

   ErrorMvcAutoConfiguration#basicErrorController matched:
      - @ConditionalOnMissingBean (types: org.springframework.boot.web.servlet.error.ErrorController; SearchStrategy: current) did not find any beans (OnBeanCondition)

   ErrorMvcAutoConfiguration#errorAttributes matched:
      - @ConditionalOnMissingBean (types: org.springframework.boot.web.servlet.error.ErrorAttributes; SearchStrategy: current) did not find any beans (OnBeanCondition)

   ErrorMvcAutoConfiguration.DefaultErrorViewResolverConfiguration#conventionErrorViewResolver matched:
      - @ConditionalOnBean (types: org.springframework.web.servlet.DispatcherServlet; SearchStrategy: all) found bean 'dispatcherServlet'; @ConditionalOnMissingBean (types: org.springframework.boot.autoconfigure.web.servlet.error.ErrorViewResolver; SearchStrategy: all) did not find any beans (OnBeanCondition)

   ErrorMvcAutoConfiguration.WhitelabelErrorViewConfiguration matched:
      - @ConditionalOnProperty (server.error.whitelabel.enabled) matched (OnPropertyCondition)
      - ErrorTemplate Missing did not find error template view (ErrorMvcAutoConfiguration.ErrorTemplateMissingCondition)

   ErrorMvcAutoConfiguration.WhitelabelErrorViewConfiguration#beanNameViewResolver matched:
      - @ConditionalOnMissingBean (types: org.springframework.web.servlet.view.BeanNameViewResolver; SearchStrategy: all) did not find any beans (OnBeanCondition)

   ErrorMvcAutoConfiguration.WhitelabelErrorViewConfiguration#defaultErrorView matched:
      - @ConditionalOnMissingBean (names: error; SearchStrategy: all) did not find any beans (OnBeanCondition)

   GenericCacheConfiguration matched:
      - Cache org.springframework.boot.autoconfigure.cache.GenericCacheConfiguration automatic cache type (CacheCondition)

   GsonAutoConfiguration matched:
      - @ConditionalOnClass found required class 'com.google.gson.Gson' (OnClassCondition)

   GsonAutoConfiguration#gson matched:
      - @ConditionalOnMissingBean (types: com.google.gson.Gson; SearchStrategy: all) did not find any beans (OnBeanCondition)

   GsonAutoConfiguration#gsonBuilder matched:
      - @ConditionalOnMissingBean (types: com.google.gson.GsonBuilder; SearchStrategy: all) did not find any beans (OnBeanCondition)

   GsonHttpMessageConvertersConfiguration matched:
      - @ConditionalOnClass found required class 'com.google.gson.Gson' (OnClassCondition)

   HttpEncodingAutoConfiguration matched:
      - @ConditionalOnClass found required class 'org.springframework.web.filter.CharacterEncodingFilter' (OnClassCondition)
      - found 'session' scope (OnWebApplicationCondition)
      - @ConditionalOnProperty (server.servlet.encoding.enabled) matched (OnPropertyCondition)

   HttpEncodingAutoConfiguration#characterEncodingFilter matched:
      - @ConditionalOnMissingBean (types: org.springframework.web.filter.CharacterEncodingFilter; SearchStrategy: all) did not find any beans (OnBeanCondition)

   HttpMessageConvertersAutoConfiguration matched:
      - @ConditionalOnClass found required class 'org.springframework.http.converter.HttpMessageConverter' (OnClassCondition)
      - NoneNestedConditions 0 matched 1 did not; NestedCondition on HttpMessageConvertersAutoConfiguration.NotReactiveWebApplicationCondition.ReactiveWebApplication did not find reactive web application classes (HttpMessageConvertersAutoConfiguration.NotReactiveWebApplicationCondition)

   HttpMessageConvertersAutoConfiguration#messageConverters matched:
      - @ConditionalOnMissingBean (types: org.springframework.boot.autoconfigure.http.HttpMessageConverters; SearchStrategy: all) did not find any beans (OnBeanCondition)

   HttpMessageConvertersAutoConfiguration.StringHttpMessageConverterConfiguration matched:
      - @ConditionalOnClass found required class 'org.springframework.http.converter.StringHttpMessageConverter' (OnClassCondition)

   HttpMessageConvertersAutoConfiguration.StringHttpMessageConverterConfiguration#stringHttpMessageConverter matched:
      - @ConditionalOnMissingBean (types: org.springframework.http.converter.StringHttpMessageConverter; SearchStrategy: all) did not find any beans (OnBeanCondition)

   JacksonAutoConfiguration matched:
      - @ConditionalOnClass found required class 'com.fasterxml.jackson.databind.ObjectMapper' (OnClassCondition)

   JacksonAutoConfiguration.Jackson2ObjectMapperBuilderCustomizerConfiguration matched:
      - @ConditionalOnClass found required class 'org.springframework.http.converter.json.Jackson2ObjectMapperBuilder' (OnClassCondition)

   JacksonAutoConfiguration.JacksonObjectMapperBuilderConfiguration matched:
      - @ConditionalOnClass found required class 'org.springframework.http.converter.json.Jackson2ObjectMapperBuilder' (OnClassCondition)

   JacksonAutoConfiguration.JacksonObjectMapperBuilderConfiguration#jacksonObjectMapperBuilder matched:
      - @ConditionalOnMissingBean (types: org.springframework.http.converter.json.Jackson2ObjectMapperBuilder; SearchStrategy: all) did not find any beans (OnBeanCondition)

   JacksonAutoConfiguration.JacksonObjectMapperConfiguration matched:
      - @ConditionalOnClass found required class 'org.springframework.http.converter.json.Jackson2ObjectMapperBuilder' (OnClassCondition)

   JacksonAutoConfiguration.JacksonObjectMapperConfiguration#jacksonObjectMapper matched:
      - @ConditionalOnMissingBean (types: com.fasterxml.jackson.databind.ObjectMapper; SearchStrategy: all) did not find any beans (OnBeanCondition)

   JacksonAutoConfiguration.ParameterNamesModuleConfiguration matched:
      - @ConditionalOnClass found required class 'com.fasterxml.jackson.module.paramnames.ParameterNamesModule' (OnClassCondition)

   JacksonAutoConfiguration.ParameterNamesModuleConfiguration#parameterNamesModule matched:
      - @ConditionalOnMissingBean (types: com.fasterxml.jackson.module.paramnames.ParameterNamesModule; SearchStrategy: all) did not find any beans (OnBeanCondition)

   JacksonHttpMessageConvertersConfiguration.MappingJackson2HttpMessageConverterConfiguration matched:
      - @ConditionalOnClass found required class 'com.fasterxml.jackson.databind.ObjectMapper' (OnClassCondition)
      - @ConditionalOnProperty (spring.mvc.converters.preferred-json-mapper=jackson) matched (OnPropertyCondition)
      - @ConditionalOnBean (types: com.fasterxml.jackson.databind.ObjectMapper; SearchStrategy: all) found bean 'jacksonObjectMapper' (OnBeanCondition)

   JacksonHttpMessageConvertersConfiguration.MappingJackson2HttpMessageConverterConfiguration#mappingJackson2HttpMessageConverter matched:
      - @ConditionalOnMissingBean (types: org.springframework.http.converter.json.MappingJackson2HttpMessageConverter ignored: org.springframework.hateoas.server.mvc.TypeConstrainedMappingJackson2HttpMessageConverter,org.springframework.data.rest.webmvc.alps.AlpsJsonHttpMessageConverter; SearchStrategy: all) did not find any beans (OnBeanCondition)

   LifecycleAutoConfiguration#defaultLifecycleProcessor matched:
      - @ConditionalOnMissingBean (names: lifecycleProcessor; SearchStrategy: current) did not find any beans (OnBeanCondition)

   MultipartAutoConfiguration matched:
      - @ConditionalOnClass found required classes 'jakarta.servlet.Servlet', 'org.springframework.web.multipart.support.StandardServletMultipartResolver', 'jakarta.servlet.MultipartConfigElement' (OnClassCondition)
      - found 'session' scope (OnWebApplicationCondition)
      - @ConditionalOnProperty (spring.servlet.multipart.enabled) matched (OnPropertyCondition)

   MultipartAutoConfiguration#multipartConfigElement matched:
      - @ConditionalOnMissingBean (types: jakarta.servlet.MultipartConfigElement; SearchStrategy: all) did not find any beans (OnBeanCondition)

   MultipartAutoConfiguration#multipartResolver matched:
      - @ConditionalOnMissingBean (types: org.springframework.web.multipart.MultipartResolver; SearchStrategy: all) did not find any beans (OnBeanCondition)

   MybatisLanguageDriverAutoConfiguration matched:
      - @ConditionalOnClass found required class 'org.apache.ibatis.scripting.LanguageDriver' (OnClassCondition)

   NoOpCacheConfiguration matched:
      - Cache org.springframework.boot.autoconfigure.cache.NoOpCacheConfiguration automatic cache type (CacheCondition)

   OAuth2ClientAutoConfiguration matched:
      - @ConditionalOnClass found required classes 'org.springframework.security.config.annotation.web.configuration.EnableWebSecurity', 'org.springframework.security.oauth2.client.registration.ClientRegistration' (OnClassCondition)
      - found 'session' scope (OnWebApplicationCondition)

   OAuth2ClientRegistrationRepositoryConfiguration matched:
      - OAuth2 Clients Configured Condition found registered clients D08piAzFGf1N3XT9z0Sp, 719768550358-nqks7icl8eg65n8e1ueecgf1u6v61737.apps.googleusercontent.com (ClientsConfiguredCondition)

   OAuth2ClientRegistrationRepositoryConfiguration#clientRegistrationRepository matched:
      - @ConditionalOnMissingBean (types: org.springframework.security.oauth2.client.registration.ClientRegistrationRepository; SearchStrategy: all) did not find any beans (OnBeanCondition)

   OAuth2WebSecurityConfiguration matched:
      - @ConditionalOnBean (types: org.springframework.security.oauth2.client.registration.ClientRegistrationRepository; SearchStrategy: all) found bean 'clientRegistrationRepository' (OnBeanCondition)

   OAuth2WebSecurityConfiguration#authorizedClientRepository matched:
      - @ConditionalOnMissingBean (types: org.springframework.security.oauth2.client.web.OAuth2AuthorizedClientRepository; SearchStrategy: all) did not find any beans (OnBeanCondition)

   OAuth2WebSecurityConfiguration#authorizedClientService matched:
      - @ConditionalOnMissingBean (types: org.springframework.security.oauth2.client.OAuth2AuthorizedClientService; SearchStrategy: all) did not find any beans (OnBeanCondition)

   PersistenceExceptionTranslationAutoConfiguration matched:
      - @ConditionalOnClass found required class 'org.springframework.dao.annotation.PersistenceExceptionTranslationPostProcessor' (OnClassCondition)

   PersistenceExceptionTranslationAutoConfiguration#persistenceExceptionTranslationPostProcessor matched:
      - @ConditionalOnProperty (spring.dao.exceptiontranslation.enabled) matched (OnPropertyCondition)
      - @ConditionalOnMissingBean (types: org.springframework.dao.annotation.PersistenceExceptionTranslationPostProcessor; SearchStrategy: all) did not find any beans (OnBeanCondition)

   PropertyPlaceholderAutoConfiguration#propertySourcesPlaceholderConfigurer matched:
      - @ConditionalOnMissingBean (types: org.springframework.context.support.PropertySourcesPlaceholderConfigurer; SearchStrategy: current) did not find any beans (OnBeanCondition)

   RestClientAutoConfiguration matched:
      - @ConditionalOnClass found required class 'org.springframework.web.client.RestClient' (OnClassCondition)
      - NoneNestedConditions 0 matched 1 did not; NestedCondition on NotReactiveWebApplicationCondition.ReactiveWebApplication did not find reactive web application classes (NotReactiveWebApplicationCondition)

   RestClientAutoConfiguration#httpMessageConvertersRestClientCustomizer matched:
      - @ConditionalOnMissingBean (types: org.springframework.boot.autoconfigure.web.client.HttpMessageConvertersRestClientCustomizer; SearchStrategy: all) did not find any beans (OnBeanCondition)

   RestClientAutoConfiguration#restClientBuilder matched:
      - @ConditionalOnMissingBean (types: org.springframework.web.client.RestClient$Builder; SearchStrategy: all) did not find any beans (OnBeanCondition)

   RestClientAutoConfiguration#restClientBuilderConfigurer matched:
      - @ConditionalOnMissingBean (types: org.springframework.boot.autoconfigure.web.client.RestClientBuilderConfigurer; SearchStrategy: all) did not find any beans (OnBeanCondition)

   RestClientAutoConfiguration#restClientSsl matched:
      - @ConditionalOnBean (types: org.springframework.boot.ssl.SslBundles; SearchStrategy: all) found bean 'sslBundleRegistry'; @ConditionalOnMissingBean (types: org.springframework.boot.autoconfigure.web.client.RestClientSsl; SearchStrategy: all) did not find any beans (OnBeanCondition)

   RestTemplateAutoConfiguration matched:
      - @ConditionalOnClass found required class 'org.springframework.web.client.RestTemplate' (OnClassCondition)
      - NoneNestedConditions 0 matched 1 did not; NestedCondition on NotReactiveWebApplicationCondition.ReactiveWebApplication did not find reactive web application classes (NotReactiveWebApplicationCondition)

   RestTemplateAutoConfiguration#restTemplateBuilder matched:
      - @ConditionalOnMissingBean (types: org.springframework.boot.web.client.RestTemplateBuilder; SearchStrategy: all) did not find any beans (OnBeanCondition)

   SecurityAutoConfiguration matched:
      - @ConditionalOnClass found required class 'org.springframework.security.authentication.DefaultAuthenticationEventPublisher' (OnClassCondition)

   SecurityAutoConfiguration#authenticationEventPublisher matched:
      - @ConditionalOnMissingBean (types: org.springframework.security.authentication.AuthenticationEventPublisher; SearchStrategy: all) did not find any beans (OnBeanCondition)

   SecurityFilterAutoConfiguration matched:
      - @ConditionalOnClass found required classes 'org.springframework.security.web.context.AbstractSecurityWebApplicationInitializer', 'org.springframework.security.config.http.SessionCreationPolicy' (OnClassCondition)
      - found 'session' scope (OnWebApplicationCondition)

   SecurityFilterAutoConfiguration#securityFilterChainRegistration matched:
      - @ConditionalOnBean (names: springSecurityFilterChain; SearchStrategy: all) found bean 'springSecurityFilterChain' (OnBeanCondition)

   ServletWebServerFactoryAutoConfiguration matched:
      - @ConditionalOnClass found required class 'jakarta.servlet.ServletRequest' (OnClassCondition)
      - found 'session' scope (OnWebApplicationCondition)

   ServletWebServerFactoryAutoConfiguration#tomcatServletWebServerFactoryCustomizer matched:
      - @ConditionalOnClass found required class 'org.apache.catalina.startup.Tomcat' (OnClassCondition)

   ServletWebServerFactoryConfiguration.EmbeddedTomcat matched:
      - @ConditionalOnClass found required classes 'jakarta.servlet.Servlet', 'org.apache.catalina.startup.Tomcat', 'org.apache.coyote.UpgradeProtocol' (OnClassCondition)
      - @ConditionalOnMissingBean (types: org.springframework.boot.web.servlet.server.ServletWebServerFactory; SearchStrategy: current) did not find any beans (OnBeanCondition)

   SimpleCacheConfiguration matched:
      - Cache org.springframework.boot.autoconfigure.cache.SimpleCacheConfiguration automatic cache type (CacheCondition)

   SpringBootWebSecurityConfiguration matched:
      - found 'session' scope (OnWebApplicationCondition)

   SqlInitializationAutoConfiguration matched:
      - @ConditionalOnProperty (spring.sql.init.enabled) matched (OnPropertyCondition)
      - NoneNestedConditions 0 matched 1 did not; NestedCondition on SqlInitializationAutoConfiguration.SqlInitializationModeCondition.ModeIsNever @ConditionalOnProperty (spring.sql.init.mode=never) did not find property 'mode' (SqlInitializationAutoConfiguration.SqlInitializationModeCondition)

   SslAutoConfiguration#sslBundleRegistry matched:
      - @ConditionalOnMissingBean (types: org.springframework.boot.ssl.SslBundleRegistry,org.springframework.boot.ssl.SslBundles; SearchStrategy: all) did not find any beans (OnBeanCondition)

   TaskExecutionAutoConfiguration matched:
      - @ConditionalOnClass found required class 'org.springframework.scheduling.concurrent.ThreadPoolTaskExecutor' (OnClassCondition)

   TaskExecutorConfigurations.SimpleAsyncTaskExecutorBuilderConfiguration#simpleAsyncTaskExecutorBuilder matched:
      - @ConditionalOnMissingBean (types: org.springframework.boot.task.SimpleAsyncTaskExecutorBuilder; SearchStrategy: all) did not find any beans (OnBeanCondition)
      - @ConditionalOnThreading found PLATFORM (OnThreadingCondition)

   TaskExecutorConfigurations.TaskExecutorBuilderConfiguration#taskExecutorBuilder matched:
      - @ConditionalOnMissingBean (types: org.springframework.boot.task.TaskExecutorBuilder; SearchStrategy: all) did not find any beans (OnBeanCondition)

   TaskExecutorConfigurations.TaskExecutorConfiguration matched:
      - @ConditionalOnMissingBean (types: java.util.concurrent.Executor; SearchStrategy: all) did not find any beans (OnBeanCondition)

   TaskExecutorConfigurations.TaskExecutorConfiguration#applicationTaskExecutor matched:
      - @ConditionalOnThreading found PLATFORM (OnThreadingCondition)

   TaskExecutorConfigurations.ThreadPoolTaskExecutorBuilderConfiguration#threadPoolTaskExecutorBuilder matched:
      - @ConditionalOnMissingBean (types: org.springframework.boot.task.TaskExecutorBuilder,org.springframework.boot.task.ThreadPoolTaskExecutorBuilder; SearchStrategy: all) did not find any beans (OnBeanCondition)

   TaskSchedulingAutoConfiguration matched:
      - @ConditionalOnClass found required class 'org.springframework.scheduling.concurrent.ThreadPoolTaskScheduler' (OnClassCondition)

   TaskSchedulingConfigurations.SimpleAsyncTaskSchedulerBuilderConfiguration#simpleAsyncTaskSchedulerBuilder matched:
      - @ConditionalOnMissingBean (types: org.springframework.boot.task.SimpleAsyncTaskSchedulerBuilder; SearchStrategy: all) did not find any beans (OnBeanCondition)
      - @ConditionalOnThreading found PLATFORM (OnThreadingCondition)

   TaskSchedulingConfigurations.TaskSchedulerBuilderConfiguration#taskSchedulerBuilder matched:
      - @ConditionalOnMissingBean (types: org.springframework.boot.task.TaskSchedulerBuilder; SearchStrategy: all) did not find any beans (OnBeanCondition)

   TaskSchedulingConfigurations.ThreadPoolTaskSchedulerBuilderConfiguration#threadPoolTaskSchedulerBuilder matched:
      - @ConditionalOnMissingBean (types: org.springframework.boot.task.TaskSchedulerBuilder,org.springframework.boot.task.ThreadPoolTaskSchedulerBuilder; SearchStrategy: all) did not find any beans (OnBeanCondition)

   TransactionAutoConfiguration matched:
      - @ConditionalOnClass found required class 'org.springframework.transaction.PlatformTransactionManager' (OnClassCondition)

   TransactionManagerCustomizationAutoConfiguration matched:
      - @ConditionalOnClass found required class 'org.springframework.transaction.PlatformTransactionManager' (OnClassCondition)

   TransactionManagerCustomizationAutoConfiguration#platformTransactionManagerCustomizers matched:
      - @ConditionalOnMissingBean (types: org.springframework.boot.autoconfigure.transaction.TransactionManagerCustomizers; SearchStrategy: all) did not find any beans (OnBeanCondition)

   ValidationAutoConfiguration matched:
      - @ConditionalOnClass found required class 'jakarta.validation.executable.ExecutableValidator' (OnClassCondition)
      - @ConditionalOnResource found location classpath:META-INF/services/jakarta.validation.spi.ValidationProvider (OnResourceCondition)

   ValidationAutoConfiguration#defaultValidator matched:
      - @ConditionalOnMissingBean (types: jakarta.validation.Validator; SearchStrategy: all) did not find any beans (OnBeanCondition)

   ValidationAutoConfiguration#methodValidationPostProcessor matched:
      - @ConditionalOnMissingBean (types: org.springframework.validation.beanvalidation.MethodValidationPostProcessor; SearchStrategy: current) did not find any beans (OnBeanCondition)

   WebSocketServletAutoConfiguration matched:
      - @ConditionalOnClass found required classes 'jakarta.servlet.Servlet', 'jakarta.websocket.server.ServerContainer' (OnClassCondition)
      - found 'session' scope (OnWebApplicationCondition)

   WebSocketServletAutoConfiguration.TomcatWebSocketConfiguration matched:
      - @ConditionalOnClass found required classes 'org.apache.catalina.startup.Tomcat', 'org.apache.tomcat.websocket.server.WsSci' (OnClassCondition)

   WebSocketServletAutoConfiguration.TomcatWebSocketConfiguration#websocketServletWebServerCustomizer matched:
      - @ConditionalOnMissingBean (names: websocketServletWebServerCustomizer; SearchStrategy: all) did not find any beans (OnBeanCondition)


Negative matches:
-----------------

   ActiveMQAutoConfiguration:
      Did not match:
         - @ConditionalOnClass did not find required class 'jakarta.jms.ConnectionFactory' (OnClassCondition)

   AopAutoConfiguration.AspectJAutoProxyingConfiguration.JdkDynamicAutoProxyConfiguration:
      Did not match:
         - @ConditionalOnProperty (spring.aop.proxy-target-class=false) did not find property 'proxy-target-class' (OnPropertyCondition)

   AopAutoConfiguration.ClassProxyingConfiguration:
      Did not match:
         - @ConditionalOnMissingClass found unwanted class 'org.aspectj.weaver.Advice' (OnClassCondition)

   ArtemisAutoConfiguration:
      Did not match:
         - @ConditionalOnClass did not find required class 'jakarta.jms.ConnectionFactory' (OnClassCondition)

   BatchAutoConfiguration:
      Did not match:
         - @ConditionalOnClass did not find required class 'org.springframework.batch.core.launch.JobLauncher' (OnClassCondition)

   Cache2kCacheConfiguration:
      Did not match:
         - @ConditionalOnClass did not find required class 'org.cache2k.Cache2kBuilder' (OnClassCondition)

   CacheAutoConfiguration:
      Did not match:
         - @ConditionalOnBean (types: org.springframework.cache.interceptor.CacheAspectSupport; SearchStrategy: all) did not find any beans of type org.springframework.cache.interceptor.CacheAspectSupport (OnBeanCondition)
      Matched:
         - @ConditionalOnClass found required class 'org.springframework.cache.CacheManager' (OnClassCondition)

   CacheAutoConfiguration.CacheManagerEntityManagerFactoryDependsOnPostProcessor:
      Did not match:
         - @ConditionalOnClass did not find required class 'org.springframework.orm.jpa.LocalContainerEntityManagerFactoryBean' (OnClassCondition)
         - Ancestor org.springframework.boot.autoconfigure.cache.CacheAutoConfiguration did not match (ConditionEvaluationReport.AncestorsMatchedCondition)

   CaffeineCacheConfiguration:
      Did not match:
         - @ConditionalOnClass did not find required class 'com.github.benmanes.caffeine.cache.Caffeine' (OnClassCondition)

   CassandraAutoConfiguration:
      Did not match:
         - @ConditionalOnClass did not find required class 'com.datastax.oss.driver.api.core.CqlSession' (OnClassCondition)

   CassandraDataAutoConfiguration:
      Did not match:
         - @ConditionalOnClass did not find required class 'com.datastax.oss.driver.api.core.CqlSession' (OnClassCondition)

   CassandraReactiveDataAutoConfiguration:
      Did not match:
         - @ConditionalOnClass did not find required class 'com.datastax.oss.driver.api.core.CqlSession' (OnClassCondition)

   CassandraReactiveRepositoriesAutoConfiguration:
      Did not match:
         - @ConditionalOnClass did not find required class 'org.springframework.data.cassandra.ReactiveSession' (OnClassCondition)

   CassandraRepositoriesAutoConfiguration:
      Did not match:
         - @ConditionalOnClass did not find required class 'com.datastax.oss.driver.api.core.CqlSession' (OnClassCondition)

   ClientHttpConnectorAutoConfiguration:
      Did not match:
         - @ConditionalOnClass did not find required class 'org.springframework.web.reactive.function.client.WebClient' (OnClassCondition)

   CodecsAutoConfiguration:
      Did not match:
         - @ConditionalOnClass did not find required class 'org.springframework.web.reactive.function.client.WebClient' (OnClassCondition)

   CouchbaseAutoConfiguration:
      Did not match:
         - @ConditionalOnClass did not find required class 'com.couchbase.client.java.Cluster' (OnClassCondition)

   CouchbaseCacheConfiguration:
      Did not match:
         - @ConditionalOnClass did not find required class 'com.couchbase.client.java.Cluster' (OnClassCondition)

   CouchbaseDataAutoConfiguration:
      Did not match:
         - @ConditionalOnClass did not find required class 'com.couchbase.client.java.Bucket' (OnClassCondition)

   CouchbaseReactiveDataAutoConfiguration:
      Did not match:
         - @ConditionalOnClass did not find required class 'com.couchbase.client.java.Cluster' (OnClassCondition)

   CouchbaseReactiveRepositoriesAutoConfiguration:
      Did not match:
         - @ConditionalOnClass did not find required class 'com.couchbase.client.java.Cluster' (OnClassCondition)

   CouchbaseRepositoriesAutoConfiguration:
      Did not match:
         - @ConditionalOnClass did not find required class 'com.couchbase.client.java.Bucket' (OnClassCondition)

   DataSourceInitializationConfiguration:
      Did not match:
         - @ConditionalOnSingleCandidate (types: javax.sql.DataSource; SearchStrategy: all) did not find any beans (OnBeanCondition)
      Matched:
         - @ConditionalOnClass found required class 'org.springframework.jdbc.datasource.init.DatabasePopulator' (OnClassCondition)

   DataSourceTransactionManagerAutoConfiguration.JdbcTransactionManagerConfiguration:
      Did not match:
         - @ConditionalOnSingleCandidate (types: javax.sql.DataSource; SearchStrategy: all) did not find any beans (OnBeanCondition)

   DispatcherServletAutoConfiguration.DispatcherServletConfiguration#multipartResolver:
      Did not match:
         - @ConditionalOnBean (types: org.springframework.web.multipart.MultipartResolver; SearchStrategy: all) did not find any beans of type org.springframework.web.multipart.MultipartResolver (OnBeanCondition)

   ElasticsearchClientAutoConfiguration:
      Did not match:
         - @ConditionalOnClass did not find required class 'co.elastic.clients.elasticsearch.ElasticsearchClient' (OnClassCondition)

   ElasticsearchDataAutoConfiguration:
      Did not match:
         - @ConditionalOnClass did not find required class 'org.springframework.data.elasticsearch.client.elc.ElasticsearchTemplate' (OnClassCondition)

   ElasticsearchRepositoriesAutoConfiguration:
      Did not match:
         - @ConditionalOnClass did not find required class 'org.springframework.data.elasticsearch.repository.ElasticsearchRepository' (OnClassCondition)

   ElasticsearchRestClientAutoConfiguration:
      Did not match:
         - @ConditionalOnClass did not find required class 'org.elasticsearch.client.RestClientBuilder' (OnClassCondition)

   EmbeddedLdapAutoConfiguration:
      Did not match:
         - @ConditionalOnClass did not find required class 'com.unboundid.ldap.listener.InMemoryDirectoryServer' (OnClassCondition)

   EmbeddedWebServerFactoryCustomizerAutoConfiguration.JettyWebServerFactoryCustomizerConfiguration:
      Did not match:
         - @ConditionalOnClass did not find required classes 'org.eclipse.jetty.server.Server', 'org.eclipse.jetty.util.Loader', 'org.eclipse.jetty.ee10.webapp.WebAppContext' (OnClassCondition)

   EmbeddedWebServerFactoryCustomizerAutoConfiguration.NettyWebServerFactoryCustomizerConfiguration:
      Did not match:
         - @ConditionalOnClass did not find required class 'reactor.netty.http.server.HttpServer' (OnClassCondition)

   EmbeddedWebServerFactoryCustomizerAutoConfiguration.TomcatWebServerFactoryCustomizerConfiguration#tomcatVirtualThreadsProtocolHandlerCustomizer:
      Did not match:
         - @ConditionalOnThreading did not find VIRTUAL (OnThreadingCondition)

   EmbeddedWebServerFactoryCustomizerAutoConfiguration.UndertowWebServerFactoryCustomizerConfiguration:
      Did not match:
         - @ConditionalOnClass did not find required classes 'io.undertow.Undertow', 'org.xnio.SslClientAuthMode' (OnClassCondition)

   ErrorWebFluxAutoConfiguration:
      Did not match:
         - @ConditionalOnClass did not find required class 'org.springframework.web.reactive.config.WebFluxConfigurer' (OnClassCondition)

   FlywayAutoConfiguration:
      Did not match:
         - @ConditionalOnClass did not find required class 'org.flywaydb.core.Flyway' (OnClassCondition)

   FreeMarkerAutoConfiguration:
      Did not match:
         - @ConditionalOnClass did not find required class 'freemarker.template.Configuration' (OnClassCondition)

   GraphQlAutoConfiguration:
      Did not match:
         - @ConditionalOnClass did not find required class 'graphql.GraphQL' (OnClassCondition)

   GraphQlQueryByExampleAutoConfiguration:
      Did not match:
         - @ConditionalOnClass did not find required class 'graphql.GraphQL' (OnClassCondition)

   GraphQlQuerydslAutoConfiguration:
      Did not match:
         - @ConditionalOnClass did not find required class 'com.querydsl.core.Query' (OnClassCondition)

   GraphQlRSocketAutoConfiguration:
      Did not match:
         - @ConditionalOnClass did not find required class 'graphql.GraphQL' (OnClassCondition)

   GraphQlReactiveQueryByExampleAutoConfiguration:
      Did not match:
         - @ConditionalOnClass did not find required class 'graphql.GraphQL' (OnClassCondition)

   GraphQlReactiveQuerydslAutoConfiguration:
      Did not match:
         - @ConditionalOnClass did not find required class 'com.querydsl.core.Query' (OnClassCondition)

   GraphQlWebFluxAutoConfiguration:
      Did not match:
         - @ConditionalOnClass did not find required class 'graphql.GraphQL' (OnClassCondition)

   GraphQlWebFluxSecurityAutoConfiguration:
      Did not match:
         - @ConditionalOnClass did not find required class 'graphql.GraphQL' (OnClassCondition)

   GraphQlWebMvcAutoConfiguration:
      Did not match:
         - @ConditionalOnClass did not find required class 'graphql.GraphQL' (OnClassCondition)

   GraphQlWebMvcSecurityAutoConfiguration:
      Did not match:
         - @ConditionalOnClass did not find required class 'graphql.GraphQL' (OnClassCondition)

   GroovyTemplateAutoConfiguration:
      Did not match:
         - @ConditionalOnClass did not find required class 'groovy.text.markup.MarkupTemplateEngine' (OnClassCondition)

   GsonHttpMessageConvertersConfiguration.GsonHttpMessageConverterConfiguration:
      Did not match:
         - AnyNestedCondition 0 matched 2 did not; NestedCondition on GsonHttpMessageConvertersConfiguration.PreferGsonOrJacksonAndJsonbUnavailableCondition.JacksonJsonbUnavailable NoneNestedConditions 1 matched 1 did not; NestedCondition on GsonHttpMessageConvertersConfiguration.JacksonAndJsonbUnavailableCondition.JsonbPreferred @ConditionalOnProperty (spring.mvc.converters.preferred-json-mapper=jsonb) did not find property 'spring.mvc.converters.preferred-json-mapper'; NestedCondition on GsonHttpMessageConvertersConfiguration.JacksonAndJsonbUnavailableCondition.JacksonAvailable @ConditionalOnBean (types: org.springframework.http.converter.json.MappingJackson2HttpMessageConverter; SearchStrategy: all) found bean 'mappingJackson2HttpMessageConverter'; NestedCondition on GsonHttpMessageConvertersConfiguration.PreferGsonOrJacksonAndJsonbUnavailableCondition.GsonPreferred @ConditionalOnProperty (spring.mvc.converters.preferred-json-mapper=gson) did not find property 'spring.mvc.converters.preferred-json-mapper' (GsonHttpMessageConvertersConfiguration.PreferGsonOrJacksonAndJsonbUnavailableCondition)

   H2ConsoleAutoConfiguration:
      Did not match:
         - @ConditionalOnClass did not find required class 'org.h2.server.web.JakartaWebServlet' (OnClassCondition)

   HazelcastAutoConfiguration:
      Did not match:
         - @ConditionalOnClass did not find required class 'com.hazelcast.core.HazelcastInstance' (OnClassCondition)

   HazelcastCacheConfiguration:
      Did not match:
         - @ConditionalOnClass did not find required class 'com.hazelcast.core.HazelcastInstance' (OnClassCondition)

   HazelcastJpaDependencyAutoConfiguration:
      Did not match:
         - @ConditionalOnClass did not find required class 'com.hazelcast.core.HazelcastInstance' (OnClassCondition)

   HttpHandlerAutoConfiguration:
      Did not match:
         - @ConditionalOnClass did not find required class 'org.springframework.web.reactive.DispatcherHandler' (OnClassCondition)

   HypermediaAutoConfiguration:
      Did not match:
         - @ConditionalOnClass did not find required class 'org.springframework.hateoas.EntityModel' (OnClassCondition)

   InfinispanCacheConfiguration:
      Did not match:
         - @ConditionalOnClass did not find required class 'org.infinispan.spring.embedded.provider.SpringEmbeddedCacheManager' (OnClassCondition)

   InfluxDbAutoConfiguration:
      Did not match:
         - @ConditionalOnClass did not find required class 'org.influxdb.InfluxDB' (OnClassCondition)

   IntegrationAutoConfiguration:
      Did not match:
         - @ConditionalOnClass did not find required class 'org.springframework.integration.config.EnableIntegration' (OnClassCondition)

   JCacheCacheConfiguration:
      Did not match:
         - @ConditionalOnClass did not find required class 'javax.cache.Caching' (OnClassCondition)

   JacksonHttpMessageConvertersConfiguration.MappingJackson2XmlHttpMessageConverterConfiguration:
      Did not match:
         - @ConditionalOnClass did not find required class 'com.fasterxml.jackson.dataformat.xml.XmlMapper' (OnClassCondition)

   JdbcClientAutoConfiguration:
      Did not match:
         - @ConditionalOnSingleCandidate (types: org.springframework.jdbc.core.namedparam.NamedParameterJdbcTemplate; SearchStrategy: all) did not find any beans (OnBeanCondition)

   JdbcRepositoriesAutoConfiguration:
      Did not match:
         - @ConditionalOnClass did not find required class 'org.springframework.data.jdbc.repository.config.AbstractJdbcConfiguration' (OnClassCondition)

   JdbcTemplateAutoConfiguration:
      Did not match:
         - @ConditionalOnSingleCandidate (types: javax.sql.DataSource; SearchStrategy: all) did not find any beans (OnBeanCondition)
      Matched:
         - @ConditionalOnClass found required classes 'javax.sql.DataSource', 'org.springframework.jdbc.core.JdbcTemplate' (OnClassCondition)

   JerseyAutoConfiguration:
      Did not match:
         - @ConditionalOnClass did not find required class 'org.glassfish.jersey.server.spring.SpringComponentProvider' (OnClassCondition)

   JmsAutoConfiguration:
      Did not match:
         - @ConditionalOnClass did not find required class 'jakarta.jms.Message' (OnClassCondition)

   JmxAutoConfiguration:
      Did not match:
         - @ConditionalOnProperty (spring.jmx.enabled=true) did not find property 'enabled' (OnPropertyCondition)
      Matched:
         - @ConditionalOnClass found required class 'org.springframework.jmx.export.MBeanExporter' (OnClassCondition)

   JndiConnectionFactoryAutoConfiguration:
      Did not match:
         - @ConditionalOnClass did not find required class 'org.springframework.jms.core.JmsTemplate' (OnClassCondition)

   JndiDataSourceAutoConfiguration:
      Did not match:
         - @ConditionalOnProperty (spring.datasource.jndi-name) did not find property 'jndi-name' (OnPropertyCondition)
      Matched:
         - @ConditionalOnClass found required classes 'javax.sql.DataSource', 'org.springframework.jdbc.datasource.embedded.EmbeddedDatabaseType' (OnClassCondition)

   JooqAutoConfiguration:
      Did not match:
         - @ConditionalOnClass did not find required class 'org.jooq.DSLContext' (OnClassCondition)

   JpaRepositoriesAutoConfiguration:
      Did not match:
         - @ConditionalOnClass did not find required class 'org.springframework.data.jpa.repository.JpaRepository' (OnClassCondition)

   JsonbAutoConfiguration:
      Did not match:
         - @ConditionalOnClass did not find required class 'jakarta.json.bind.Jsonb' (OnClassCondition)

   JsonbHttpMessageConvertersConfiguration:
      Did not match:
         - @ConditionalOnClass did not find required class 'jakarta.json.bind.Jsonb' (OnClassCondition)

   JtaAutoConfiguration:
      Did not match:
         - @ConditionalOnClass did not find required class 'jakarta.transaction.Transaction' (OnClassCondition)

   KafkaAutoConfiguration:
      Did not match:
         - @ConditionalOnClass did not find required class 'org.springframework.kafka.core.KafkaTemplate' (OnClassCondition)

   LdapAutoConfiguration:
      Did not match:
         - @ConditionalOnClass did not find required class 'org.springframework.ldap.core.ContextSource' (OnClassCondition)

   LdapRepositoriesAutoConfiguration:
      Did not match:
         - @ConditionalOnClass did not find required class 'org.springframework.data.ldap.repository.LdapRepository' (OnClassCondition)

   LiquibaseAutoConfiguration:
      Did not match:
         - @ConditionalOnClass did not find required class 'liquibase.change.DatabaseChange' (OnClassCondition)

   MailSenderAutoConfiguration:
      Did not match:
         - @ConditionalOnClass did not find required class 'jakarta.activation.MimeType' (OnClassCondition)

   MailSenderValidatorAutoConfiguration:
      Did not match:
         - @ConditionalOnSingleCandidate did not find required type 'org.springframework.mail.javamail.JavaMailSenderImpl' (OnBeanCondition)

   MessageSourceAutoConfiguration:
      Did not match:
         - ResourceBundle did not find bundle with basename messages (MessageSourceAutoConfiguration.ResourceBundleCondition)

   MongoAutoConfiguration:
      Did not match:
         - @ConditionalOnClass did not find required class 'com.mongodb.client.MongoClient' (OnClassCondition)

   MongoDataAutoConfiguration:
      Did not match:
         - @ConditionalOnClass did not find required class 'com.mongodb.client.MongoClient' (OnClassCondition)

   MongoReactiveAutoConfiguration:
      Did not match:
         - @ConditionalOnClass did not find required class 'com.mongodb.reactivestreams.client.MongoClient' (OnClassCondition)

   MongoReactiveDataAutoConfiguration:
      Did not match:
         - @ConditionalOnClass did not find required class 'com.mongodb.reactivestreams.client.MongoClient' (OnClassCondition)

   MongoReactiveRepositoriesAutoConfiguration:
      Did not match:
         - @ConditionalOnClass did not find required class 'com.mongodb.reactivestreams.client.MongoClient' (OnClassCondition)

   MongoRepositoriesAutoConfiguration:
      Did not match:
         - @ConditionalOnClass did not find required class 'com.mongodb.client.MongoClient' (OnClassCondition)

   MustacheAutoConfiguration:
      Did not match:
         - @ConditionalOnClass did not find required class 'com.samskivert.mustache.Mustache' (OnClassCondition)

   MybatisAutoConfiguration:
      Did not match:
         - @ConditionalOnSingleCandidate (types: javax.sql.DataSource; SearchStrategy: all) did not find any beans (OnBeanCondition)
      Matched:
         - @ConditionalOnClass found required classes 'org.apache.ibatis.session.SqlSessionFactory', 'org.mybatis.spring.SqlSessionFactoryBean' (OnClassCondition)

   MybatisLanguageDriverAutoConfiguration.FreeMarkerConfiguration:
      Did not match:
         - @ConditionalOnClass did not find required classes 'org.mybatis.scripting.freemarker.FreeMarkerLanguageDriver', 'org.mybatis.scripting.freemarker.FreeMarkerLanguageDriverConfig' (OnClassCondition)

   MybatisLanguageDriverAutoConfiguration.LegacyFreeMarkerConfiguration:
      Did not match:
         - @ConditionalOnClass did not find required class 'org.mybatis.scripting.freemarker.FreeMarkerLanguageDriver' (OnClassCondition)

   MybatisLanguageDriverAutoConfiguration.LegacyVelocityConfiguration:
      Did not match:
         - @ConditionalOnClass did not find required class 'org.mybatis.scripting.velocity.Driver' (OnClassCondition)

   MybatisLanguageDriverAutoConfiguration.ThymeleafConfiguration:
      Did not match:
         - @ConditionalOnClass did not find required class 'org.mybatis.scripting.thymeleaf.ThymeleafLanguageDriver' (OnClassCondition)

   MybatisLanguageDriverAutoConfiguration.VelocityConfiguration:
      Did not match:
         - @ConditionalOnClass did not find required classes 'org.mybatis.scripting.velocity.VelocityLanguageDriver', 'org.mybatis.scripting.velocity.VelocityLanguageDriverConfig' (OnClassCondition)

   Neo4jAutoConfiguration:
      Did not match:
         - @ConditionalOnClass did not find required class 'org.neo4j.driver.Driver' (OnClassCondition)

   Neo4jDataAutoConfiguration:
      Did not match:
         - @ConditionalOnClass did not find required class 'org.neo4j.driver.Driver' (OnClassCondition)

   Neo4jReactiveDataAutoConfiguration:
      Did not match:
         - @ConditionalOnClass did not find required class 'org.neo4j.driver.Driver' (OnClassCondition)

   Neo4jReactiveRepositoriesAutoConfiguration:
      Did not match:
         - @ConditionalOnClass did not find required class 'org.neo4j.driver.Driver' (OnClassCondition)

   Neo4jRepositoriesAutoConfiguration:
      Did not match:
         - @ConditionalOnClass did not find required class 'org.neo4j.driver.Driver' (OnClassCondition)

   NettyAutoConfiguration:
      Did not match:
         - @ConditionalOnClass did not find required class 'io.netty.util.NettyRuntime' (OnClassCondition)

   OAuth2AuthorizationServerAutoConfiguration:
      Did not match:
         - @ConditionalOnClass did not find required class 'org.springframework.security.oauth2.server.authorization.OAuth2Authorization' (OnClassCondition)

   OAuth2AuthorizationServerJwtAutoConfiguration:
      Did not match:
         - @ConditionalOnClass did not find required class 'org.springframework.security.oauth2.server.authorization.OAuth2Authorization' (OnClassCondition)

   OAuth2ResourceServerAutoConfiguration:
      Did not match:
         - @ConditionalOnClass did not find required class 'org.springframework.security.oauth2.server.resource.authentication.BearerTokenAuthenticationToken' (OnClassCondition)

   OAuth2WebSecurityConfiguration.OAuth2SecurityFilterChainConfiguration:
      Did not match:
         - AllNestedConditions 1 matched 1 did not; NestedCondition on DefaultWebSecurityCondition.Beans @ConditionalOnMissingBean (types: org.springframework.security.web.SecurityFilterChain; SearchStrategy: all) found beans of type 'org.springframework.security.web.SecurityFilterChain' filterChain; NestedCondition on DefaultWebSecurityCondition.Classes @ConditionalOnClass found required classes 'org.springframework.security.web.SecurityFilterChain', 'org.springframework.security.config.annotation.web.builders.HttpSecurity' (DefaultWebSecurityCondition)

   ProjectInfoAutoConfiguration#buildProperties:
      Did not match:
         - @ConditionalOnResource did not find resource '${spring.info.build.location:classpath:META-INF/build-info.properties}' (OnResourceCondition)

   ProjectInfoAutoConfiguration#gitProperties:
      Did not match:
         - GitResource did not find git info at classpath:git.properties (ProjectInfoAutoConfiguration.GitResourceAvailableCondition)

   PulsarAutoConfiguration:
      Did not match:
         - @ConditionalOnClass did not find required class 'org.apache.pulsar.client.api.PulsarClient' (OnClassCondition)

   PulsarReactiveAutoConfiguration:
      Did not match:
         - @ConditionalOnClass did not find required class 'org.apache.pulsar.client.api.PulsarClient' (OnClassCondition)

   QuartzAutoConfiguration:
      Did not match:
         - @ConditionalOnClass did not find required class 'org.quartz.Scheduler' (OnClassCondition)

   R2dbcAutoConfiguration:
      Did not match:
         - @ConditionalOnClass did not find required class 'io.r2dbc.spi.ConnectionFactory' (OnClassCondition)

   R2dbcDataAutoConfiguration:
      Did not match:
         - @ConditionalOnClass did not find required class 'org.springframework.data.r2dbc.core.R2dbcEntityTemplate' (OnClassCondition)

   R2dbcInitializationConfiguration:
      Did not match:
         - @ConditionalOnClass did not find required classes 'io.r2dbc.spi.ConnectionFactory', 'org.springframework.r2dbc.connection.init.DatabasePopulator' (OnClassCondition)

   R2dbcRepositoriesAutoConfiguration:
      Did not match:
         - @ConditionalOnClass did not find required class 'io.r2dbc.spi.ConnectionFactory' (OnClassCondition)

   R2dbcTransactionManagerAutoConfiguration:
      Did not match:
         - @ConditionalOnClass did not find required class 'org.springframework.r2dbc.connection.R2dbcTransactionManager' (OnClassCondition)

   RSocketGraphQlClientAutoConfiguration:
      Did not match:
         - @ConditionalOnClass did not find required class 'graphql.GraphQL' (OnClassCondition)

   RSocketMessagingAutoConfiguration:
      Did not match:
         - @ConditionalOnClass did not find required class 'io.rsocket.RSocket' (OnClassCondition)

   RSocketRequesterAutoConfiguration:
      Did not match:
         - @ConditionalOnClass did not find required class 'io.rsocket.RSocket' (OnClassCondition)

   RSocketSecurityAutoConfiguration:
      Did not match:
         - @ConditionalOnClass did not find required class 'org.springframework.security.rsocket.core.SecuritySocketAcceptorInterceptor' (OnClassCondition)

   RSocketServerAutoConfiguration:
      Did not match:
         - @ConditionalOnClass did not find required class 'io.rsocket.core.RSocketServer' (OnClassCondition)

   RSocketStrategiesAutoConfiguration:
      Did not match:
         - @ConditionalOnClass did not find required class 'io.netty.buffer.PooledByteBufAllocator' (OnClassCondition)

   RabbitAutoConfiguration:
      Did not match:
         - @ConditionalOnClass did not find required class 'com.rabbitmq.client.Channel' (OnClassCondition)

   ReactiveElasticsearchClientAutoConfiguration:
      Did not match:
         - @ConditionalOnClass did not find required class 'co.elastic.clients.transport.ElasticsearchTransport' (OnClassCondition)

   ReactiveElasticsearchRepositoriesAutoConfiguration:
      Did not match:
         - @ConditionalOnClass did not find required class 'org.springframework.data.elasticsearch.client.elc.ReactiveElasticsearchClient' (OnClassCondition)

   ReactiveMultipartAutoConfiguration:
      Did not match:
         - @ConditionalOnClass did not find required class 'org.springframework.web.reactive.config.WebFluxConfigurer' (OnClassCondition)

   ReactiveOAuth2ClientAutoConfiguration:
      Did not match:
         - @ConditionalOnClass did not find required class 'reactor.core.publisher.Flux' (OnClassCondition)

   ReactiveOAuth2ResourceServerAutoConfiguration:
      Did not match:
         - @ConditionalOnWebApplication did not find reactive web application classes (OnWebApplicationCondition)

   ReactiveSecurityAutoConfiguration:
      Did not match:
         - @ConditionalOnClass did not find required class 'reactor.core.publisher.Flux' (OnClassCondition)

   ReactiveUserDetailsServiceAutoConfiguration:
      Did not match:
         - AnyNestedCondition 0 matched 3 did not; NestedCondition on ReactiveUserDetailsServiceAutoConfiguration.MissingAlternativeOrUserPropertiesConfigured.PasswordConfigured @ConditionalOnProperty (spring.security.user.password) did not find property 'password'; NestedCondition on ReactiveUserDetailsServiceAutoConfiguration.MissingAlternativeOrUserPropertiesConfigured.NameConfigured @ConditionalOnProperty (spring.security.user.name) did not find property 'name'; NestedCondition on ReactiveUserDetailsServiceAutoConfiguration.MissingAlternativeOrUserPropertiesConfigured.MissingAlternative @ConditionalOnMissingClass found unwanted class 'org.springframework.security.oauth2.client.registration.ClientRegistrationRepository' (ReactiveUserDetailsServiceAutoConfiguration.MissingAlternativeOrUserPropertiesConfigured)
      Matched:
         - @ConditionalOnClass found required class 'org.springframework.security.authentication.ReactiveAuthenticationManager' (OnClassCondition)

   ReactiveWebServerFactoryAutoConfiguration:
      Did not match:
         - @ConditionalOnWebApplication did not find reactive web application classes (OnWebApplicationCondition)

   ReactorAutoConfiguration:
      Did not match:
         - @ConditionalOnClass did not find required class 'reactor.core.publisher.Hooks' (OnClassCondition)

   RedisAutoConfiguration:
      Did not match:
         - @ConditionalOnClass did not find required class 'org.springframework.data.redis.core.RedisOperations' (OnClassCondition)

   RedisCacheConfiguration:
      Did not match:
         - @ConditionalOnClass did not find required class 'org.springframework.data.redis.connection.RedisConnectionFactory' (OnClassCondition)

   RedisReactiveAutoConfiguration:
      Did not match:
         - @ConditionalOnClass did not find required class 'reactor.core.publisher.Flux' (OnClassCondition)

   RedisRepositoriesAutoConfiguration:
      Did not match:
         - @ConditionalOnClass did not find required class 'org.springframework.data.redis.repository.configuration.EnableRedisRepositories' (OnClassCondition)

   RepositoryRestMvcAutoConfiguration:
      Did not match:
         - @ConditionalOnClass did not find required class 'org.springframework.data.rest.webmvc.config.RepositoryRestMvcConfiguration' (OnClassCondition)

   Saml2RelyingPartyAutoConfiguration:
      Did not match:
         - @ConditionalOnClass did not find required class 'org.springframework.security.saml2.provider.service.registration.RelyingPartyRegistrationRepository' (OnClassCondition)

   SecurityDataConfiguration:
      Did not match:
         - @ConditionalOnClass did not find required class 'org.springframework.security.data.repository.query.SecurityEvaluationContextExtension' (OnClassCondition)

   SendGridAutoConfiguration:
      Did not match:
         - @ConditionalOnClass did not find required class 'com.sendgrid.SendGrid' (OnClassCondition)

   ServletWebServerFactoryAutoConfiguration.ForwardedHeaderFilterConfiguration:
      Did not match:
         - @ConditionalOnProperty (server.forward-headers-strategy=framework) did not find property 'server.forward-headers-strategy' (OnPropertyCondition)

   ServletWebServerFactoryConfiguration.EmbeddedJetty:
      Did not match:
         - @ConditionalOnClass did not find required classes 'org.eclipse.jetty.server.Server', 'org.eclipse.jetty.util.Loader', 'org.eclipse.jetty.ee10.webapp.WebAppContext' (OnClassCondition)

   ServletWebServerFactoryConfiguration.EmbeddedUndertow:
      Did not match:
         - @ConditionalOnClass did not find required classes 'io.undertow.Undertow', 'org.xnio.SslClientAuthMode' (OnClassCondition)

   SessionAutoConfiguration:
      Did not match:
         - @ConditionalOnClass did not find required class 'org.springframework.session.Session' (OnClassCondition)

   SpringApplicationAdminJmxAutoConfiguration:
      Did not match:
         - @ConditionalOnProperty (spring.application.admin.enabled=true) did not find property 'enabled' (OnPropertyCondition)

   SpringBootWebSecurityConfiguration.SecurityFilterChainConfiguration:
      Did not match:
         - AllNestedConditions 1 matched 1 did not; NestedCondition on DefaultWebSecurityCondition.Beans @ConditionalOnMissingBean (types: org.springframework.security.web.SecurityFilterChain; SearchStrategy: all) found beans of type 'org.springframework.security.web.SecurityFilterChain' filterChain; NestedCondition on DefaultWebSecurityCondition.Classes @ConditionalOnClass found required classes 'org.springframework.security.web.SecurityFilterChain', 'org.springframework.security.config.annotation.web.builders.HttpSecurity' (DefaultWebSecurityCondition)

   SpringBootWebSecurityConfiguration.WebSecurityEnablerConfiguration:
      Did not match:
         - @ConditionalOnMissingBean (names: springSecurityFilterChain; SearchStrategy: all) found beans named springSecurityFilterChain (OnBeanCondition)
      Matched:
         - @ConditionalOnClass found required class 'org.springframework.security.config.annotation.web.configuration.EnableWebSecurity' (OnClassCondition)

   SpringDataWebAutoConfiguration:
      Did not match:
         - @ConditionalOnClass did not find required class 'org.springframework.data.web.PageableHandlerMethodArgumentResolver' (OnClassCondition)

   TaskExecutorConfigurations.SimpleAsyncTaskExecutorBuilderConfiguration#simpleAsyncTaskExecutorBuilderVirtualThreads:
      Did not match:
         - @ConditionalOnMissingBean (types: org.springframework.boot.task.SimpleAsyncTaskExecutorBuilder; SearchStrategy: all) found beans of type 'org.springframework.boot.task.SimpleAsyncTaskExecutorBuilder' simpleAsyncTaskExecutorBuilder (OnBeanCondition)

   TaskExecutorConfigurations.TaskExecutorConfiguration#applicationTaskExecutorVirtualThreads:
      Did not match:
         - @ConditionalOnThreading did not find VIRTUAL (OnThreadingCondition)

   TaskSchedulingAutoConfiguration#scheduledBeanLazyInitializationExcludeFilter:
      Did not match:
         - @ConditionalOnBean (names: org.springframework.context.annotation.internalScheduledAnnotationProcessor; SearchStrategy: all) did not find any beans named org.springframework.context.annotation.internalScheduledAnnotationProcessor (OnBeanCondition)

   TaskSchedulingConfigurations.SimpleAsyncTaskSchedulerBuilderConfiguration#simpleAsyncTaskSchedulerBuilderVirtualThreads:
      Did not match:
         - @ConditionalOnMissingBean (types: org.springframework.boot.task.SimpleAsyncTaskSchedulerBuilder; SearchStrategy: all) found beans of type 'org.springframework.boot.task.SimpleAsyncTaskSchedulerBuilder' simpleAsyncTaskSchedulerBuilder (OnBeanCondition)

   TaskSchedulingConfigurations.TaskSchedulerConfiguration:
      Did not match:
         - @ConditionalOnBean (names: org.springframework.context.annotation.internalScheduledAnnotationProcessor; SearchStrategy: all) did not find any beans named org.springframework.context.annotation.internalScheduledAnnotationProcessor (OnBeanCondition)

   ThymeleafAutoConfiguration:
      Did not match:
         - @ConditionalOnClass did not find required class 'org.thymeleaf.spring6.SpringTemplateEngine' (OnClassCondition)

   TransactionAutoConfiguration#transactionalOperator:
      Did not match:
         - @ConditionalOnSingleCandidate (types: org.springframework.transaction.ReactiveTransactionManager; SearchStrategy: all) did not find any beans (OnBeanCondition)

   TransactionAutoConfiguration.AspectJTransactionManagementConfiguration:
      Did not match:
         - @ConditionalOnBean did not find required type 'org.springframework.transaction.aspectj.AbstractTransactionAspect' (OnBeanCondition)
         - @ConditionalOnBean (types: org.springframework.transaction.aspectj.AbstractTransactionAspect; SearchStrategy: all) did not find any beans of type org.springframework.transaction.aspectj.AbstractTransactionAspect (OnBeanCondition)

   TransactionAutoConfiguration.EnableTransactionManagementConfiguration:
      Did not match:
         - @ConditionalOnBean (types: org.springframework.transaction.TransactionManager; SearchStrategy: all) did not find any beans of type org.springframework.transaction.TransactionManager (OnBeanCondition)

   TransactionAutoConfiguration.EnableTransactionManagementConfiguration.CglibAutoProxyConfiguration:
      Did not match:
         - Ancestor org.springframework.boot.autoconfigure.transaction.TransactionAutoConfiguration$EnableTransactionManagementConfiguration did not match (ConditionEvaluationReport.AncestorsMatchedCondition)
      Matched:
         - @ConditionalOnProperty (spring.aop.proxy-target-class=true) matched (OnPropertyCondition)

   TransactionAutoConfiguration.EnableTransactionManagementConfiguration.JdkDynamicAutoProxyConfiguration:
      Did not match:
         - @ConditionalOnProperty (spring.aop.proxy-target-class=false) did not find property 'proxy-target-class' (OnPropertyCondition)
         - Ancestor org.springframework.boot.autoconfigure.transaction.TransactionAutoConfiguration$EnableTransactionManagementConfiguration did not match (ConditionEvaluationReport.AncestorsMatchedCondition)

   TransactionAutoConfiguration.TransactionTemplateConfiguration:
      Did not match:
         - @ConditionalOnSingleCandidate (types: org.springframework.transaction.PlatformTransactionManager; SearchStrategy: all) did not find any beans (OnBeanCondition)

   UserDetailsServiceAutoConfiguration:
      Did not match:
         - AnyNestedCondition 0 matched 3 did not; NestedCondition on UserDetailsServiceAutoConfiguration.MissingAlternativeOrUserPropertiesConfigured.PasswordConfigured @ConditionalOnProperty (spring.security.user.password) did not find property 'password'; NestedCondition on UserDetailsServiceAutoConfiguration.MissingAlternativeOrUserPropertiesConfigured.NameConfigured @ConditionalOnProperty (spring.security.user.name) did not find property 'name'; NestedCondition on UserDetailsServiceAutoConfiguration.MissingAlternativeOrUserPropertiesConfigured.MissingAlternative @ConditionalOnMissingClass found unwanted class 'org.springframework.security.oauth2.client.registration.ClientRegistrationRepository' (UserDetailsServiceAutoConfiguration.MissingAlternativeOrUserPropertiesConfigured)
      Matched:
         - @ConditionalOnClass found required class 'org.springframework.security.authentication.AuthenticationManager' (OnClassCondition)

   WebClientAutoConfiguration:
      Did not match:
         - @ConditionalOnClass did not find required class 'org.springframework.web.reactive.function.client.WebClient' (OnClassCondition)

   WebFluxAutoConfiguration:
      Did not match:
         - @ConditionalOnClass did not find required class 'org.springframework.web.reactive.config.WebFluxConfigurer' (OnClassCondition)

   WebMvcAutoConfiguration:
      Did not match:
         - @ConditionalOnMissingBean (types: org.springframework.web.servlet.config.annotation.WebMvcConfigurationSupport; SearchStrategy: all) found beans of type 'org.springframework.web.servlet.config.annotation.WebMvcConfigurationSupport' org.springframework.web.servlet.config.annotation.DelegatingWebMvcConfiguration (OnBeanCondition)
      Matched:
         - @ConditionalOnClass found required classes 'jakarta.servlet.Servlet', 'org.springframework.web.servlet.DispatcherServlet', 'org.springframework.web.servlet.config.annotation.WebMvcConfigurer' (OnClassCondition)
         - found 'session' scope (OnWebApplicationCondition)

   WebMvcAutoConfiguration.ProblemDetailsErrorHandlingConfiguration:
      Did not match:
         - @ConditionalOnProperty (spring.mvc.problemdetails.enabled=true) did not find property 'enabled' (OnPropertyCondition)
         - Ancestor org.springframework.boot.autoconfigure.web.servlet.WebMvcAutoConfiguration did not match (ConditionEvaluationReport.AncestorsMatchedCondition)

   WebMvcAutoConfiguration.ResourceChainCustomizerConfiguration:
      Did not match:
         - @ConditionalOnEnabledResourceChain did not find class org.webjars.WebJarAssetLocator (OnEnabledResourceChainCondition)
         - Ancestor org.springframework.boot.autoconfigure.web.servlet.WebMvcAutoConfiguration did not match (ConditionEvaluationReport.AncestorsMatchedCondition)

   WebServiceTemplateAutoConfiguration:
      Did not match:
         - @ConditionalOnClass did not find required class 'org.springframework.oxm.Marshaller' (OnClassCondition)

   WebServicesAutoConfiguration:
      Did not match:
         - @ConditionalOnClass did not find required class 'org.springframework.ws.transport.http.MessageDispatcherServlet' (OnClassCondition)

   WebSessionIdResolverAutoConfiguration:
      Did not match:
         - @ConditionalOnClass did not find required class 'reactor.core.publisher.Mono' (OnClassCondition)

   WebSocketMessagingAutoConfiguration:
      Did not match:
         - @ConditionalOnClass did not find required class 'org.springframework.web.socket.config.annotation.WebSocketMessageBrokerConfigurer' (OnClassCondition)

   WebSocketReactiveAutoConfiguration:
      Did not match:
         - @ConditionalOnWebApplication did not find reactive web application classes (OnWebApplicationCondition)

   WebSocketServletAutoConfiguration.JettyWebSocketConfiguration:
      Did not match:
         - @ConditionalOnClass did not find required class 'org.eclipse.jetty.ee10.websocket.jakarta.server.config.JakartaWebSocketServletContainerInitializer' (OnClassCondition)

   WebSocketServletAutoConfiguration.UndertowWebSocketConfiguration:
      Did not match:
         - @ConditionalOnClass did not find required class 'io.undertow.websockets.jsr.Bootstrap' (OnClassCondition)

   XADataSourceAutoConfiguration:
      Did not match:
         - @ConditionalOnClass did not find required class 'jakarta.transaction.TransactionManager' (OnClassCondition)


Exclusions:
-----------

    org.springframework.boot.autoconfigure.jdbc.DataSourceAutoConfiguration

    org.springframework.boot.autoconfigure.orm.jpa.HibernateJpaAutoConfiguration


Unconditional classes:
----------------------

    org.springframework.boot.autoconfigure.context.ConfigurationPropertiesAutoConfiguration

    org.springframework.boot.autoconfigure.ssl.SslAutoConfiguration

    org.springframework.boot.autoconfigure.context.LifecycleAutoConfiguration

    org.springframework.boot.autoconfigure.context.PropertyPlaceholderAutoConfiguration

    org.springframework.boot.autoconfigure.availability.ApplicationAvailabilityAutoConfiguration

    org.springframework.boot.autoconfigure.info.ProjectInfoAutoConfiguration



13:02:45.329 [main] INFO  c.e.demo.HelloSpringApplication -- Started HelloSpringApplication in 2.395 seconds (process running for 2.868)
13:02:45.330 [main] DEBUG o.s.b.a.ApplicationAvailabilityBean -- Application availability state LivenessState changed to CORRECT
13:02:45.331 [main] DEBUG o.s.b.a.ApplicationAvailabilityBean -- Application availability state ReadinessState changed to ACCEPTING_TRAFFIC
13:05:12.655 [http-nio-8888-exec-1] INFO  o.a.c.c.C.[Tomcat].[localhost].[/] -- Initializing Spring DispatcherServlet 'dispatcherServlet'
13:05:12.656 [http-nio-8888-exec-1] INFO  o.s.web.servlet.DispatcherServlet -- Initializing Servlet 'dispatcherServlet'
13:05:12.656 [http-nio-8888-exec-1] DEBUG o.s.web.servlet.DispatcherServlet -- Detected StandardServletMultipartResolver
13:05:12.656 [http-nio-8888-exec-1] DEBUG o.s.web.servlet.DispatcherServlet -- Detected AcceptHeaderLocaleResolver
13:05:12.656 [http-nio-8888-exec-1] DEBUG o.s.web.servlet.DispatcherServlet -- Detected FixedThemeResolver
13:05:12.662 [http-nio-8888-exec-1] DEBUG o.s.web.servlet.DispatcherServlet -- Detected org.springframework.web.servlet.view.DefaultRequestToViewNameTranslator@319cc559
13:05:12.662 [http-nio-8888-exec-1] DEBUG o.s.web.servlet.DispatcherServlet -- Detected org.springframework.web.servlet.support.SessionFlashMapManager@4a4a5e45
13:05:12.662 [http-nio-8888-exec-1] DEBUG o.s.web.servlet.DispatcherServlet -- enableLoggingRequestDetails='false': request parameters and headers will be masked to prevent unsafe logging of potentially sensitive data
13:05:12.662 [http-nio-8888-exec-1] INFO  o.s.web.servlet.DispatcherServlet -- Completed initialization in 6 ms
13:05:12.674 [http-nio-8888-exec-1] INFO  Spring Security Debugger -- 

************************************************************

Request received for GET '/api/v1/task':

org.apache.catalina.connector.RequestFacade@77a03a59

servletPath:/api/v1/task
pathInfo:null
headers: 
host: localhost:8888
connection: keep-alive
sec-ch-ua: "Google Chrome";v="147", "Not.A/Brand";v="8", "Chromium";v="147"
sec-ch-ua-mobile: ?0
sec-ch-ua-platform: "macOS"
upgrade-insecure-requests: 1
user-agent: Mozilla/5.0 (Macintosh; Intel Mac OS X 10_15_7) AppleWebKit/537.36 (KHTML, like Gecko) Chrome/147.0.0.0 Safari/537.36
accept: text/html,application/xhtml+xml,application/xml;q=0.9,image/avif,image/webp,image/apng,*/*;q=0.8,application/signed-exchange;v=b3;q=0.7
sec-fetch-site: none
sec-fetch-mode: navigate
sec-fetch-user: ?1
sec-fetch-dest: document
accept-encoding: gzip, deflate, br, zstd
accept-language: ko-KR,ko;q=0.9,en-US;q=0.8,en;q=0.7


Security filter chain: [
  DisableEncodeUrlFilter
  WebAsyncManagerIntegrationFilter
  SecurityContextHolderFilter
  HeaderWriterFilter
  CorsFilter
  CsrfFilter
  LogoutFilter
  JwtAuthenticationFilter
  RequestCacheAwareFilter
  SecurityContextHolderAwareRequestFilter
  AnonymousAuthenticationFilter
  ExceptionTranslationFilter
  AuthorizationFilter
]


************************************************************


13:05:12.676 [http-nio-8888-exec-1] DEBUG o.s.security.web.FilterChainProxy -- Securing GET /api/v1/task
13:05:12.682 [http-nio-8888-exec-1] DEBUG o.s.security.web.FilterChainProxy -- Secured GET /api/v1/task
13:05:12.685 [http-nio-8888-exec-1] DEBUG o.s.web.servlet.DispatcherServlet -- GET "/api/v1/task", parameters={}
13:05:12.686 [http-nio-8888-exec-1] DEBUG o.s.w.s.m.m.a.RequestMappingHandlerMapping -- Mapped to com.example.demo.todo.api.TodoApi#getTasks()
13:05:12.750 [http-nio-8888-exec-1] DEBUG o.s.w.s.m.m.a.RequestResponseBodyMethodProcessor -- Using 'application/json;q=0.8', given [text/html, application/xhtml+xml, image/avif, image/webp, image/apng, application/xml;q=0.9, */*;q=0.8, application/signed-exchange;v=b3;q=0.7] and supported [application/json, application/*+json]
13:05:12.755 [http-nio-8888-exec-1] DEBUG o.s.w.s.m.m.a.RequestResponseBodyMethodProcessor -- Writing [com.example.demo.util.AjaxResponse@7a51b548]
13:05:12.768 [http-nio-8888-exec-1] DEBUG o.s.s.w.a.AnonymousAuthenticationFilter -- Set SecurityContextHolder to anonymous SecurityContext
13:05:12.768 [http-nio-8888-exec-1] DEBUG o.s.web.servlet.DispatcherServlet -- Completed 200 OK
13:05:12.808 [http-nio-8888-exec-2] INFO  Spring Security Debugger -- 

************************************************************

Request received for GET '/favicon.ico':

org.apache.catalina.connector.RequestFacade@4288884d

servletPath:/favicon.ico
pathInfo:null
headers: 
host: localhost:8888
connection: keep-alive
sec-ch-ua-platform: "macOS"
user-agent: Mozilla/5.0 (Macintosh; Intel Mac OS X 10_15_7) AppleWebKit/537.36 (KHTML, like Gecko) Chrome/147.0.0.0 Safari/537.36
sec-ch-ua: "Google Chrome";v="147", "Not.A/Brand";v="8", "Chromium";v="147"
sec-ch-ua-mobile: ?0
accept: image/avif,image/webp,image/apng,image/svg+xml,image/*,*/*;q=0.8
sec-fetch-site: same-origin
sec-fetch-mode: no-cors
sec-fetch-dest: image
referer: http://localhost:8888/api/v1/task
accept-encoding: gzip, deflate, br, zstd
accept-language: ko-KR,ko;q=0.9,en-US;q=0.8,en;q=0.7


Security filter chain: [] empty (bypassed by security='none') 


************************************************************


13:05:12.808 [http-nio-8888-exec-2] DEBUG o.s.web.servlet.DispatcherServlet -- GET "/favicon.ico", parameters={}
13:05:12.809 [http-nio-8888-exec-2] WARN  o.s.web.servlet.PageNotFound -- No mapping for GET /favicon.ico
13:05:12.812 [http-nio-8888-exec-2] WARN  o.s.web.servlet.PageNotFound -- No endpoint GET /favicon.ico.
13:05:12.813 [http-nio-8888-exec-2] DEBUG o.s.w.s.m.s.DefaultHandlerExceptionResolver -- Resolved [org.springframework.web.servlet.NoHandlerFoundException: No endpoint GET /favicon.ico.]
13:05:12.814 [http-nio-8888-exec-2] DEBUG o.s.web.servlet.DispatcherServlet -- Completed 404 NOT_FOUND
13:05:12.822 [http-nio-8888-exec-2] INFO  Spring Security Debugger -- 

************************************************************

Request received for GET '/error':

org.apache.catalina.core.ApplicationHttpRequest@b7f3fa2

servletPath:/error
pathInfo:null
headers: 
host: localhost:8888
connection: keep-alive
sec-ch-ua-platform: "macOS"
user-agent: Mozilla/5.0 (Macintosh; Intel Mac OS X 10_15_7) AppleWebKit/537.36 (KHTML, like Gecko) Chrome/147.0.0.0 Safari/537.36
sec-ch-ua: "Google Chrome";v="147", "Not.A/Brand";v="8", "Chromium";v="147"
sec-ch-ua-mobile: ?0
accept: image/avif,image/webp,image/apng,image/svg+xml,image/*,*/*;q=0.8
sec-fetch-site: same-origin
sec-fetch-mode: no-cors
sec-fetch-dest: image
referer: http://localhost:8888/api/v1/task
accept-encoding: gzip, deflate, br, zstd
accept-language: ko-KR,ko;q=0.9,en-US;q=0.8,en;q=0.7


Security filter chain: [] empty (bypassed by security='none') 


************************************************************


13:05:12.823 [http-nio-8888-exec-2] DEBUG o.s.web.servlet.DispatcherServlet -- "ERROR" dispatch for GET "/error", parameters={}
13:05:12.824 [http-nio-8888-exec-2] DEBUG o.s.w.s.m.m.a.RequestMappingHandlerMapping -- Mapped to org.springframework.boot.autoconfigure.web.servlet.error.BasicErrorController#error(HttpServletRequest)
13:05:12.832 [http-nio-8888-exec-2] DEBUG o.s.w.s.m.m.a.HttpEntityMethodProcessor -- Using 'application/json;q=0.8', given [image/avif, image/webp, image/apng, image/svg+xml, image/*, */*;q=0.8] and supported [application/json, application/*+json]
13:05:12.833 [http-nio-8888-exec-2] DEBUG o.s.w.s.m.m.a.HttpEntityMethodProcessor -- Writing [{timestamp=Wed Apr 29 13:05:12 KST 2026, status=404, error=Not Found, path=/favicon.ico}]
13:05:12.854 [http-nio-8888-exec-2] DEBUG o.s.web.servlet.DispatcherServlet -- Exiting from "ERROR" dispatch, status 404
13:05:45.950 [http-nio-8888-exec-3] INFO  Spring Security Debugger -- 

************************************************************

Request received for GET '/api/v1/task':

org.apache.catalina.connector.RequestFacade@5a1407ab

servletPath:/api/v1/task
pathInfo:null
headers: 
host: localhost:8888
connection: keep-alive
sec-ch-ua: "Google Chrome";v="147", "Not.A/Brand";v="8", "Chromium";v="147"
sec-ch-ua-mobile: ?0
sec-ch-ua-platform: "macOS"
upgrade-insecure-requests: 1
user-agent: Mozilla/5.0 (Macintosh; Intel Mac OS X 10_15_7) AppleWebKit/537.36 (KHTML, like Gecko) Chrome/147.0.0.0 Safari/537.36
accept: text/html,application/xhtml+xml,application/xml;q=0.9,image/avif,image/webp,image/apng,*/*;q=0.8,application/signed-exchange;v=b3;q=0.7
sec-fetch-site: none
sec-fetch-mode: navigate
sec-fetch-user: ?1
sec-fetch-dest: document
accept-encoding: gzip, deflate, br, zstd
accept-language: ko-KR,ko;q=0.9,en-US;q=0.8,en;q=0.7


Security filter chain: [
  DisableEncodeUrlFilter
  WebAsyncManagerIntegrationFilter
  SecurityContextHolderFilter
  HeaderWriterFilter
  CorsFilter
  CsrfFilter
  LogoutFilter
  JwtAuthenticationFilter
  RequestCacheAwareFilter
  SecurityContextHolderAwareRequestFilter
  AnonymousAuthenticationFilter
  ExceptionTranslationFilter
  AuthorizationFilter
]


************************************************************


13:05:45.953 [http-nio-8888-exec-3] DEBUG o.s.security.web.FilterChainProxy -- Securing GET /api/v1/task
13:05:45.955 [http-nio-8888-exec-3] DEBUG o.s.security.web.FilterChainProxy -- Secured GET /api/v1/task
13:05:45.959 [http-nio-8888-exec-3] DEBUG o.s.web.servlet.DispatcherServlet -- GET "/api/v1/task", parameters={}
13:05:45.961 [http-nio-8888-exec-3] DEBUG o.s.w.s.m.m.a.RequestMappingHandlerMapping -- Mapped to com.example.demo.todo.api.TodoApi#getTasks()
13:05:45.965 [http-nio-8888-exec-3] DEBUG o.s.w.s.m.m.a.RequestResponseBodyMethodProcessor -- Using 'application/json;q=0.8', given [text/html, application/xhtml+xml, image/avif, image/webp, image/apng, application/xml;q=0.9, */*;q=0.8, application/signed-exchange;v=b3;q=0.7] and supported [application/json, application/*+json]
13:05:45.966 [http-nio-8888-exec-3] DEBUG o.s.w.s.m.m.a.RequestResponseBodyMethodProcessor -- Writing [com.example.demo.util.AjaxResponse@54d3e299]
13:05:45.970 [http-nio-8888-exec-3] DEBUG o.s.s.w.a.AnonymousAuthenticationFilter -- Set SecurityContextHolder to anonymous SecurityContext
13:05:45.971 [http-nio-8888-exec-3] DEBUG o.s.web.servlet.DispatcherServlet -- Completed 200 OK
13:06:37.378 [http-nio-8888-exec-5] INFO  Spring Security Debugger -- 

************************************************************

Request received for GET '/api/v1/task':

org.apache.catalina.connector.RequestFacade@44a2d952

servletPath:/api/v1/task
pathInfo:null
headers: 
host: localhost:8888
connection: keep-alive
cache-control: max-age=0
sec-ch-ua: "Google Chrome";v="147", "Not.A/Brand";v="8", "Chromium";v="147"
sec-ch-ua-mobile: ?0
sec-ch-ua-platform: "macOS"
upgrade-insecure-requests: 1
user-agent: Mozilla/5.0 (Macintosh; Intel Mac OS X 10_15_7) AppleWebKit/537.36 (KHTML, like Gecko) Chrome/147.0.0.0 Safari/537.36
accept: text/html,application/xhtml+xml,application/xml;q=0.9,image/avif,image/webp,image/apng,*/*;q=0.8,application/signed-exchange;v=b3;q=0.7
sec-fetch-site: none
sec-fetch-mode: navigate
sec-fetch-user: ?1
sec-fetch-dest: document
accept-encoding: gzip, deflate, br, zstd
accept-language: ko-KR,ko;q=0.9,en-US;q=0.8,en;q=0.7


Security filter chain: [
  DisableEncodeUrlFilter
  WebAsyncManagerIntegrationFilter
  SecurityContextHolderFilter
  HeaderWriterFilter
  CorsFilter
  CsrfFilter
  LogoutFilter
  JwtAuthenticationFilter
  RequestCacheAwareFilter
  SecurityContextHolderAwareRequestFilter
  AnonymousAuthenticationFilter
  ExceptionTranslationFilter
  AuthorizationFilter
]


************************************************************


13:06:37.382 [http-nio-8888-exec-5] DEBUG o.s.security.web.FilterChainProxy -- Securing GET /api/v1/task
13:06:37.385 [http-nio-8888-exec-5] DEBUG o.s.security.web.FilterChainProxy -- Secured GET /api/v1/task
13:06:37.385 [http-nio-8888-exec-5] DEBUG o.s.web.servlet.DispatcherServlet -- GET "/api/v1/task", parameters={}
13:06:37.386 [http-nio-8888-exec-5] DEBUG o.s.w.s.m.m.a.RequestMappingHandlerMapping -- Mapped to com.example.demo.todo.api.TodoApi#getTasks()
13:06:37.390 [http-nio-8888-exec-5] DEBUG o.s.w.s.m.m.a.RequestResponseBodyMethodProcessor -- Using 'application/json;q=0.8', given [text/html, application/xhtml+xml, image/avif, image/webp, image/apng, application/xml;q=0.9, */*;q=0.8, application/signed-exchange;v=b3;q=0.7] and supported [application/json, application/*+json]
13:06:37.391 [http-nio-8888-exec-5] DEBUG o.s.w.s.m.m.a.RequestResponseBodyMethodProcessor -- Writing [com.example.demo.util.AjaxResponse@4a652fb6]
13:06:37.395 [http-nio-8888-exec-5] DEBUG o.s.s.w.a.AnonymousAuthenticationFilter -- Set SecurityContextHolder to anonymous SecurityContext
13:06:37.395 [http-nio-8888-exec-5] DEBUG o.s.web.servlet.DispatcherServlet -- Completed 200 OK
13:19:21.626 [http-nio-8888-exec-8] INFO  Spring Security Debugger -- 

************************************************************

Request received for GET '/api/vi/task':

org.apache.catalina.connector.RequestFacade@3f373427

servletPath:/api/vi/task
pathInfo:null
headers: 
host: localhost:8888
connection: keep-alive
sec-ch-ua-platform: "macOS"
user-agent: Mozilla/5.0 (Macintosh; Intel Mac OS X 10_15_7) AppleWebKit/537.36 (KHTML, like Gecko) Chrome/147.0.0.0 Safari/537.36
sec-ch-ua: "Google Chrome";v="147", "Not.A/Brand";v="8", "Chromium";v="147"
sec-ch-ua-mobile: ?0
accept: */*
origin: http://localhost:5173
sec-fetch-site: same-site
sec-fetch-mode: cors
sec-fetch-dest: empty
referer: http://localhost:5173/
accept-encoding: gzip, deflate, br, zstd
accept-language: ko-KR,ko;q=0.9,en-US;q=0.8,en;q=0.7


Security filter chain: [
  DisableEncodeUrlFilter
  WebAsyncManagerIntegrationFilter
  SecurityContextHolderFilter
  HeaderWriterFilter
  CorsFilter
  CsrfFilter
  LogoutFilter
  JwtAuthenticationFilter
  RequestCacheAwareFilter
  SecurityContextHolderAwareRequestFilter
  AnonymousAuthenticationFilter
  ExceptionTranslationFilter
  AuthorizationFilter
]


************************************************************


13:19:21.636 [http-nio-8888-exec-8] DEBUG o.s.security.web.FilterChainProxy -- Securing GET /api/vi/task
13:19:21.667 [http-nio-8888-exec-8] DEBUG o.s.web.cors.DefaultCorsProcessor -- Reject: 'http://localhost:5173' origin is not allowed
13:19:21.671 [http-nio-8888-exec-9] INFO  Spring Security Debugger -- 

************************************************************

Request received for GET '/api/vi/task':

org.apache.catalina.connector.RequestFacade@2de4d1a1

servletPath:/api/vi/task
pathInfo:null
headers: 
host: localhost:8888
connection: keep-alive
sec-ch-ua-platform: "macOS"
user-agent: Mozilla/5.0 (Macintosh; Intel Mac OS X 10_15_7) AppleWebKit/537.36 (KHTML, like Gecko) Chrome/147.0.0.0 Safari/537.36
sec-ch-ua: "Google Chrome";v="147", "Not.A/Brand";v="8", "Chromium";v="147"
sec-ch-ua-mobile: ?0
accept: */*
origin: http://localhost:5173
sec-fetch-site: same-site
sec-fetch-mode: cors
sec-fetch-dest: empty
referer: http://localhost:5173/
accept-encoding: gzip, deflate, br, zstd
accept-language: ko-KR,ko;q=0.9,en-US;q=0.8,en;q=0.7


Security filter chain: [
  DisableEncodeUrlFilter
  WebAsyncManagerIntegrationFilter
  SecurityContextHolderFilter
  HeaderWriterFilter
  CorsFilter
  CsrfFilter
  LogoutFilter
  JwtAuthenticationFilter
  RequestCacheAwareFilter
  SecurityContextHolderAwareRequestFilter
  AnonymousAuthenticationFilter
  ExceptionTranslationFilter
  AuthorizationFilter
]


************************************************************


13:19:21.678 [http-nio-8888-exec-9] DEBUG o.s.security.web.FilterChainProxy -- Securing GET /api/vi/task
13:19:21.678 [http-nio-8888-exec-9] DEBUG o.s.web.cors.DefaultCorsProcessor -- Reject: 'http://localhost:5173' origin is not allowed
13:20:08.045 [http-nio-8888-exec-10] INFO  Spring Security Debugger -- 

************************************************************

Request received for GET '/api/vi/task':

org.apache.catalina.connector.RequestFacade@6b3788e5

servletPath:/api/vi/task
pathInfo:null
headers: 
host: localhost:8888
connection: keep-alive
sec-ch-ua-platform: "macOS"
user-agent: Mozilla/5.0 (Macintosh; Intel Mac OS X 10_15_7) AppleWebKit/537.36 (KHTML, like Gecko) Chrome/147.0.0.0 Safari/537.36
sec-ch-ua: "Google Chrome";v="147", "Not.A/Brand";v="8", "Chromium";v="147"
sec-ch-ua-mobile: ?0
accept: */*
origin: http://localhost:5173
sec-fetch-site: same-site
sec-fetch-mode: cors
sec-fetch-dest: empty
referer: http://localhost:5173/
accept-encoding: gzip, deflate, br, zstd
accept-language: ko-KR,ko;q=0.9,en-US;q=0.8,en;q=0.7


Security filter chain: [
  DisableEncodeUrlFilter
  WebAsyncManagerIntegrationFilter
  SecurityContextHolderFilter
  HeaderWriterFilter
  CorsFilter
  CsrfFilter
  LogoutFilter
  JwtAuthenticationFilter
  RequestCacheAwareFilter
  SecurityContextHolderAwareRequestFilter
  AnonymousAuthenticationFilter
  ExceptionTranslationFilter
  AuthorizationFilter
]


************************************************************


13:20:08.047 [http-nio-8888-exec-10] DEBUG o.s.security.web.FilterChainProxy -- Securing GET /api/vi/task
13:20:08.049 [http-nio-8888-exec-10] DEBUG o.s.web.cors.DefaultCorsProcessor -- Reject: 'http://localhost:5173' origin is not allowed
13:20:08.056 [http-nio-8888-exec-1] INFO  Spring Security Debugger -- 

************************************************************

Request received for GET '/api/vi/task':

org.apache.catalina.connector.RequestFacade@6e2bf4ab

servletPath:/api/vi/task
pathInfo:null
headers: 
host: localhost:8888
connection: keep-alive
sec-ch-ua-platform: "macOS"
user-agent: Mozilla/5.0 (Macintosh; Intel Mac OS X 10_15_7) AppleWebKit/537.36 (KHTML, like Gecko) Chrome/147.0.0.0 Safari/537.36
sec-ch-ua: "Google Chrome";v="147", "Not.A/Brand";v="8", "Chromium";v="147"
sec-ch-ua-mobile: ?0
accept: */*
origin: http://localhost:5173
sec-fetch-site: same-site
sec-fetch-mode: cors
sec-fetch-dest: empty
referer: http://localhost:5173/
accept-encoding: gzip, deflate, br, zstd
accept-language: ko-KR,ko;q=0.9,en-US;q=0.8,en;q=0.7


Security filter chain: [
  DisableEncodeUrlFilter
  WebAsyncManagerIntegrationFilter
  SecurityContextHolderFilter
  HeaderWriterFilter
  CorsFilter
  CsrfFilter
  LogoutFilter
  JwtAuthenticationFilter
  RequestCacheAwareFilter
  SecurityContextHolderAwareRequestFilter
  AnonymousAuthenticationFilter
  ExceptionTranslationFilter
  AuthorizationFilter
]


************************************************************


13:20:08.057 [http-nio-8888-exec-1] DEBUG o.s.security.web.FilterChainProxy -- Securing GET /api/vi/task
13:20:08.057 [http-nio-8888-exec-1] DEBUG o.s.web.cors.DefaultCorsProcessor -- Reject: 'http://localhost:5173' origin is not allowed
13:20:48.078 [http-nio-8888-exec-2] INFO  Spring Security Debugger -- 

************************************************************

Request received for GET '/api/vi/task':

org.apache.catalina.connector.RequestFacade@4e969d0f

servletPath:/api/vi/task
pathInfo:null
headers: 
host: localhost:8888
connection: keep-alive
sec-ch-ua-platform: "macOS"
user-agent: Mozilla/5.0 (Macintosh; Intel Mac OS X 10_15_7) AppleWebKit/537.36 (KHTML, like Gecko) Chrome/147.0.0.0 Safari/537.36
sec-ch-ua: "Google Chrome";v="147", "Not.A/Brand";v="8", "Chromium";v="147"
sec-ch-ua-mobile: ?0
accept: */*
origin: http://localhost:5173
sec-fetch-site: same-site
sec-fetch-mode: cors
sec-fetch-dest: empty
referer: http://localhost:5173/
accept-encoding: gzip, deflate, br, zstd
accept-language: ko-KR,ko;q=0.9,en-US;q=0.8,en;q=0.7


Security filter chain: [
  DisableEncodeUrlFilter
  WebAsyncManagerIntegrationFilter
  SecurityContextHolderFilter
  HeaderWriterFilter
  CorsFilter
  CsrfFilter
  LogoutFilter
  JwtAuthenticationFilter
  RequestCacheAwareFilter
  SecurityContextHolderAwareRequestFilter
  AnonymousAuthenticationFilter
  ExceptionTranslationFilter
  AuthorizationFilter
]


************************************************************


13:20:48.084 [http-nio-8888-exec-2] DEBUG o.s.security.web.FilterChainProxy -- Securing GET /api/vi/task
13:20:48.089 [http-nio-8888-exec-2] DEBUG o.s.web.cors.DefaultCorsProcessor -- Reject: 'http://localhost:5173' origin is not allowed
13:20:48.096 [http-nio-8888-exec-2] INFO  Spring Security Debugger -- 

************************************************************

Request received for GET '/api/vi/task':

org.apache.catalina.connector.RequestFacade@195aae17

servletPath:/api/vi/task
pathInfo:null
headers: 
host: localhost:8888
connection: keep-alive
sec-ch-ua-platform: "macOS"
user-agent: Mozilla/5.0 (Macintosh; Intel Mac OS X 10_15_7) AppleWebKit/537.36 (KHTML, like Gecko) Chrome/147.0.0.0 Safari/537.36
sec-ch-ua: "Google Chrome";v="147", "Not.A/Brand";v="8", "Chromium";v="147"
sec-ch-ua-mobile: ?0
accept: */*
origin: http://localhost:5173
sec-fetch-site: same-site
sec-fetch-mode: cors
sec-fetch-dest: empty
referer: http://localhost:5173/
accept-encoding: gzip, deflate, br, zstd
accept-language: ko-KR,ko;q=0.9,en-US;q=0.8,en;q=0.7


Security filter chain: [
  DisableEncodeUrlFilter
  WebAsyncManagerIntegrationFilter
  SecurityContextHolderFilter
  HeaderWriterFilter
  CorsFilter
  CsrfFilter
  LogoutFilter
  JwtAuthenticationFilter
  RequestCacheAwareFilter
  SecurityContextHolderAwareRequestFilter
  AnonymousAuthenticationFilter
  ExceptionTranslationFilter
  AuthorizationFilter
]


************************************************************


13:20:48.096 [http-nio-8888-exec-2] DEBUG o.s.security.web.FilterChainProxy -- Securing GET /api/vi/task
13:20:48.097 [http-nio-8888-exec-2] DEBUG o.s.web.cors.DefaultCorsProcessor -- Reject: 'http://localhost:5173' origin is not allowed
13:20:55.840 [http-nio-8888-exec-4] INFO  Spring Security Debugger -- 

************************************************************

Request received for GET '/api/vi/task':

org.apache.catalina.connector.RequestFacade@71f82b2e

servletPath:/api/vi/task
pathInfo:null
headers: 
host: localhost:8888
connection: keep-alive
sec-ch-ua-platform: "macOS"
user-agent: Mozilla/5.0 (Macintosh; Intel Mac OS X 10_15_7) AppleWebKit/537.36 (KHTML, like Gecko) Chrome/147.0.0.0 Safari/537.36
sec-ch-ua: "Google Chrome";v="147", "Not.A/Brand";v="8", "Chromium";v="147"
sec-ch-ua-mobile: ?0
accept: */*
origin: http://localhost:5173
sec-fetch-site: same-site
sec-fetch-mode: cors
sec-fetch-dest: empty
referer: http://localhost:5173/
accept-encoding: gzip, deflate, br, zstd
accept-language: ko-KR,ko;q=0.9,en-US;q=0.8,en;q=0.7


Security filter chain: [
  DisableEncodeUrlFilter
  WebAsyncManagerIntegrationFilter
  SecurityContextHolderFilter
  HeaderWriterFilter
  CorsFilter
  CsrfFilter
  LogoutFilter
  JwtAuthenticationFilter
  RequestCacheAwareFilter
  SecurityContextHolderAwareRequestFilter
  AnonymousAuthenticationFilter
  ExceptionTranslationFilter
  AuthorizationFilter
]


************************************************************


13:20:55.841 [http-nio-8888-exec-4] DEBUG o.s.security.web.FilterChainProxy -- Securing GET /api/vi/task
13:20:55.842 [http-nio-8888-exec-4] DEBUG o.s.web.cors.DefaultCorsProcessor -- Reject: 'http://localhost:5173' origin is not allowed
13:20:55.845 [http-nio-8888-exec-5] INFO  Spring Security Debugger -- 

************************************************************

Request received for GET '/api/vi/task':

org.apache.catalina.connector.RequestFacade@4e5ab222

servletPath:/api/vi/task
pathInfo:null
headers: 
host: localhost:8888
connection: keep-alive
sec-ch-ua-platform: "macOS"
user-agent: Mozilla/5.0 (Macintosh; Intel Mac OS X 10_15_7) AppleWebKit/537.36 (KHTML, like Gecko) Chrome/147.0.0.0 Safari/537.36
sec-ch-ua: "Google Chrome";v="147", "Not.A/Brand";v="8", "Chromium";v="147"
sec-ch-ua-mobile: ?0
accept: */*
origin: http://localhost:5173
sec-fetch-site: same-site
sec-fetch-mode: cors
sec-fetch-dest: empty
referer: http://localhost:5173/
accept-encoding: gzip, deflate, br, zstd
accept-language: ko-KR,ko;q=0.9,en-US;q=0.8,en;q=0.7


Security filter chain: [
  DisableEncodeUrlFilter
  WebAsyncManagerIntegrationFilter
  SecurityContextHolderFilter
  HeaderWriterFilter
  CorsFilter
  CsrfFilter
  LogoutFilter
  JwtAuthenticationFilter
  RequestCacheAwareFilter
  SecurityContextHolderAwareRequestFilter
  AnonymousAuthenticationFilter
  ExceptionTranslationFilter
  AuthorizationFilter
]


************************************************************


13:20:55.846 [http-nio-8888-exec-5] DEBUG o.s.security.web.FilterChainProxy -- Securing GET /api/vi/task
13:20:55.847 [http-nio-8888-exec-5] DEBUG o.s.web.cors.DefaultCorsProcessor -- Reject: 'http://localhost:5173' origin is not allowed
13:24:02.532 [http-nio-8888-exec-8] INFO  Spring Security Debugger -- 

************************************************************

Request received for GET '/api/vi/task':

org.apache.catalina.connector.RequestFacade@1e838506

servletPath:/api/vi/task
pathInfo:null
headers: 
host: localhost:8888
connection: keep-alive
sec-ch-ua-platform: "macOS"
user-agent: Mozilla/5.0 (Macintosh; Intel Mac OS X 10_15_7) AppleWebKit/537.36 (KHTML, like Gecko) Chrome/147.0.0.0 Safari/537.36
sec-ch-ua: "Google Chrome";v="147", "Not.A/Brand";v="8", "Chromium";v="147"
sec-ch-ua-mobile: ?0
accept: */*
origin: http://localhost:5173
sec-fetch-site: same-site
sec-fetch-mode: cors
sec-fetch-dest: empty
referer: http://localhost:5173/
accept-encoding: gzip, deflate, br, zstd
accept-language: ko-KR,ko;q=0.9,en-US;q=0.8,en;q=0.7


Security filter chain: [
  DisableEncodeUrlFilter
  WebAsyncManagerIntegrationFilter
  SecurityContextHolderFilter
  HeaderWriterFilter
  CorsFilter
  CsrfFilter
  LogoutFilter
  JwtAuthenticationFilter
  RequestCacheAwareFilter
  SecurityContextHolderAwareRequestFilter
  AnonymousAuthenticationFilter
  ExceptionTranslationFilter
  AuthorizationFilter
]


************************************************************


13:24:02.554 [http-nio-8888-exec-8] DEBUG o.s.security.web.FilterChainProxy -- Securing GET /api/vi/task
13:24:02.556 [http-nio-8888-exec-8] DEBUG o.s.web.cors.DefaultCorsProcessor -- Reject: 'http://localhost:5173' origin is not allowed
13:24:02.559 [http-nio-8888-exec-9] INFO  Spring Security Debugger -- 

************************************************************

Request received for GET '/api/vi/task':

org.apache.catalina.connector.RequestFacade@23233a6d

servletPath:/api/vi/task
pathInfo:null
headers: 
host: localhost:8888
connection: keep-alive
sec-ch-ua-platform: "macOS"
user-agent: Mozilla/5.0 (Macintosh; Intel Mac OS X 10_15_7) AppleWebKit/537.36 (KHTML, like Gecko) Chrome/147.0.0.0 Safari/537.36
sec-ch-ua: "Google Chrome";v="147", "Not.A/Brand";v="8", "Chromium";v="147"
sec-ch-ua-mobile: ?0
accept: */*
origin: http://localhost:5173
sec-fetch-site: same-site
sec-fetch-mode: cors
sec-fetch-dest: empty
referer: http://localhost:5173/
accept-encoding: gzip, deflate, br, zstd
accept-language: ko-KR,ko;q=0.9,en-US;q=0.8,en;q=0.7


Security filter chain: [
  DisableEncodeUrlFilter
  WebAsyncManagerIntegrationFilter
  SecurityContextHolderFilter
  HeaderWriterFilter
  CorsFilter
  CsrfFilter
  LogoutFilter
  JwtAuthenticationFilter
  RequestCacheAwareFilter
  SecurityContextHolderAwareRequestFilter
  AnonymousAuthenticationFilter
  ExceptionTranslationFilter
  AuthorizationFilter
]


************************************************************


13:24:02.560 [http-nio-8888-exec-9] DEBUG o.s.security.web.FilterChainProxy -- Securing GET /api/vi/task
13:24:02.560 [http-nio-8888-exec-9] DEBUG o.s.web.cors.DefaultCorsProcessor -- Reject: 'http://localhost:5173' origin is not allowed
13:24:03.746 [http-nio-8888-exec-1] INFO  Spring Security Debugger -- 

************************************************************

Request received for GET '/api/vi/task':

org.apache.catalina.connector.RequestFacade@74ac73fe

servletPath:/api/vi/task
pathInfo:null
headers: 
host: localhost:8888
connection: keep-alive
pragma: no-cache
cache-control: no-cache
sec-ch-ua-platform: "macOS"
user-agent: Mozilla/5.0 (Macintosh; Intel Mac OS X 10_15_7) AppleWebKit/537.36 (KHTML, like Gecko) Chrome/147.0.0.0 Safari/537.36
sec-ch-ua: "Google Chrome";v="147", "Not.A/Brand";v="8", "Chromium";v="147"
sec-ch-ua-mobile: ?0
accept: */*
origin: http://localhost:5173
sec-fetch-site: same-site
sec-fetch-mode: cors
sec-fetch-dest: empty
referer: http://localhost:5173/
accept-encoding: gzip, deflate, br, zstd
accept-language: ko-KR,ko;q=0.9,en-US;q=0.8,en;q=0.7


Security filter chain: [
  DisableEncodeUrlFilter
  WebAsyncManagerIntegrationFilter
  SecurityContextHolderFilter
  HeaderWriterFilter
  CorsFilter
  CsrfFilter
  LogoutFilter
  JwtAuthenticationFilter
  RequestCacheAwareFilter
  SecurityContextHolderAwareRequestFilter
  AnonymousAuthenticationFilter
  ExceptionTranslationFilter
  AuthorizationFilter
]


************************************************************


13:24:03.749 [http-nio-8888-exec-1] DEBUG o.s.security.web.FilterChainProxy -- Securing GET /api/vi/task
13:24:03.755 [http-nio-8888-exec-1] DEBUG o.s.web.cors.DefaultCorsProcessor -- Reject: 'http://localhost:5173' origin is not allowed
13:24:03.759 [http-nio-8888-exec-10] INFO  Spring Security Debugger -- 

************************************************************

Request received for GET '/api/vi/task':

org.apache.catalina.connector.RequestFacade@61cfe395

servletPath:/api/vi/task
pathInfo:null
headers: 
host: localhost:8888
connection: keep-alive
pragma: no-cache
cache-control: no-cache
sec-ch-ua-platform: "macOS"
user-agent: Mozilla/5.0 (Macintosh; Intel Mac OS X 10_15_7) AppleWebKit/537.36 (KHTML, like Gecko) Chrome/147.0.0.0 Safari/537.36
sec-ch-ua: "Google Chrome";v="147", "Not.A/Brand";v="8", "Chromium";v="147"
sec-ch-ua-mobile: ?0
accept: */*
origin: http://localhost:5173
sec-fetch-site: same-site
sec-fetch-mode: cors
sec-fetch-dest: empty
referer: http://localhost:5173/
accept-encoding: gzip, deflate, br, zstd
accept-language: ko-KR,ko;q=0.9,en-US;q=0.8,en;q=0.7


Security filter chain: [
  DisableEncodeUrlFilter
  WebAsyncManagerIntegrationFilter
  SecurityContextHolderFilter
  HeaderWriterFilter
  CorsFilter
  CsrfFilter
  LogoutFilter
  JwtAuthenticationFilter
  RequestCacheAwareFilter
  SecurityContextHolderAwareRequestFilter
  AnonymousAuthenticationFilter
  ExceptionTranslationFilter
  AuthorizationFilter
]


************************************************************


13:24:03.760 [http-nio-8888-exec-10] DEBUG o.s.security.web.FilterChainProxy -- Securing GET /api/vi/task
13:24:03.761 [http-nio-8888-exec-10] DEBUG o.s.web.cors.DefaultCorsProcessor -- Reject: 'http://localhost:5173' origin is not allowed
13:24:08.604 [http-nio-8888-exec-3] INFO  Spring Security Debugger -- 

************************************************************

Request received for GET '/api/vi/task':

org.apache.catalina.connector.RequestFacade@50ec6cdb

servletPath:/api/vi/task
pathInfo:null
headers: 
host: localhost:8888
connection: keep-alive
sec-ch-ua-platform: "macOS"
user-agent: Mozilla/5.0 (Macintosh; Intel Mac OS X 10_15_7) AppleWebKit/537.36 (KHTML, like Gecko) Chrome/147.0.0.0 Safari/537.36
sec-ch-ua: "Google Chrome";v="147", "Not.A/Brand";v="8", "Chromium";v="147"
sec-ch-ua-mobile: ?0
accept: */*
origin: http://localhost:5173
sec-fetch-site: same-site
sec-fetch-mode: cors
sec-fetch-dest: empty
referer: http://localhost:5173/
accept-encoding: gzip, deflate, br, zstd
accept-language: ko-KR,ko;q=0.9,en-US;q=0.8,en;q=0.7


Security filter chain: [
  DisableEncodeUrlFilter
  WebAsyncManagerIntegrationFilter
  SecurityContextHolderFilter
  HeaderWriterFilter
  CorsFilter
  CsrfFilter
  LogoutFilter
  JwtAuthenticationFilter
  RequestCacheAwareFilter
  SecurityContextHolderAwareRequestFilter
  AnonymousAuthenticationFilter
  ExceptionTranslationFilter
  AuthorizationFilter
]


************************************************************


13:24:08.605 [http-nio-8888-exec-3] DEBUG o.s.security.web.FilterChainProxy -- Securing GET /api/vi/task
13:24:08.606 [http-nio-8888-exec-3] DEBUG o.s.web.cors.DefaultCorsProcessor -- Reject: 'http://localhost:5173' origin is not allowed
13:24:08.609 [http-nio-8888-exec-2] INFO  Spring Security Debugger -- 

************************************************************

Request received for GET '/api/vi/task':

org.apache.catalina.connector.RequestFacade@62c8ab91

servletPath:/api/vi/task
pathInfo:null
headers: 
host: localhost:8888
connection: keep-alive
sec-ch-ua-platform: "macOS"
user-agent: Mozilla/5.0 (Macintosh; Intel Mac OS X 10_15_7) AppleWebKit/537.36 (KHTML, like Gecko) Chrome/147.0.0.0 Safari/537.36
sec-ch-ua: "Google Chrome";v="147", "Not.A/Brand";v="8", "Chromium";v="147"
sec-ch-ua-mobile: ?0
accept: */*
origin: http://localhost:5173
sec-fetch-site: same-site
sec-fetch-mode: cors
sec-fetch-dest: empty
referer: http://localhost:5173/
accept-encoding: gzip, deflate, br, zstd
accept-language: ko-KR,ko;q=0.9,en-US;q=0.8,en;q=0.7


Security filter chain: [
  DisableEncodeUrlFilter
  WebAsyncManagerIntegrationFilter
  SecurityContextHolderFilter
  HeaderWriterFilter
  CorsFilter
  CsrfFilter
  LogoutFilter
  JwtAuthenticationFilter
  RequestCacheAwareFilter
  SecurityContextHolderAwareRequestFilter
  AnonymousAuthenticationFilter
  ExceptionTranslationFilter
  AuthorizationFilter
]


************************************************************


13:24:08.609 [http-nio-8888-exec-2] DEBUG o.s.security.web.FilterChainProxy -- Securing GET /api/vi/task
13:24:08.610 [http-nio-8888-exec-2] DEBUG o.s.web.cors.DefaultCorsProcessor -- Reject: 'http://localhost:5173' origin is not allowed
13:26:41.435 [http-nio-8888-exec-6] INFO  Spring Security Debugger -- 

************************************************************

Request received for GET '/api/vi/task':

org.apache.catalina.connector.RequestFacade@648ea2f0

servletPath:/api/vi/task
pathInfo:null
headers: 
host: localhost:8888
connection: keep-alive
sec-ch-ua-platform: "macOS"
user-agent: Mozilla/5.0 (Macintosh; Intel Mac OS X 10_15_7) AppleWebKit/537.36 (KHTML, like Gecko) Chrome/147.0.0.0 Safari/537.36
sec-ch-ua: "Google Chrome";v="147", "Not.A/Brand";v="8", "Chromium";v="147"
sec-ch-ua-mobile: ?0
accept: */*
origin: http://localhost:3000
sec-fetch-site: same-site
sec-fetch-mode: cors
sec-fetch-dest: empty
referer: http://localhost:3000/
accept-encoding: gzip, deflate, br, zstd
accept-language: ko-KR,ko;q=0.9,en-US;q=0.8,en;q=0.7


Security filter chain: [
  DisableEncodeUrlFilter
  WebAsyncManagerIntegrationFilter
  SecurityContextHolderFilter
  HeaderWriterFilter
  CorsFilter
  CsrfFilter
  LogoutFilter
  JwtAuthenticationFilter
  RequestCacheAwareFilter
  SecurityContextHolderAwareRequestFilter
  AnonymousAuthenticationFilter
  ExceptionTranslationFilter
  AuthorizationFilter
]


************************************************************


13:26:41.442 [http-nio-8888-exec-6] DEBUG o.s.security.web.FilterChainProxy -- Securing GET /api/vi/task
13:26:41.454 [http-nio-8888-exec-6] DEBUG o.s.s.w.a.AnonymousAuthenticationFilter -- Set SecurityContextHolder to anonymous SecurityContext
13:26:41.516 [http-nio-8888-exec-6] INFO  Spring Security Debugger -- 

************************************************************

New HTTP session created: F1089BE4FFEF6AC7B4E0C850064DC4C0

Call stack: 

	at org.springframework.security.web.debug.Logger.info(Logger.java:46)
	at org.springframework.security.web.debug.DebugFilter$DebugRequestWrapper.getSession(DebugFilter.java:171)
	at jakarta.servlet.http.HttpServletRequestWrapper.getSession(HttpServletRequestWrapper.java:229)
	at jakarta.servlet.http.HttpServletRequestWrapper.getSession(HttpServletRequestWrapper.java:229)
	at jakarta.servlet.http.HttpServletRequestWrapper.getSession(HttpServletRequestWrapper.java:229)
	at org.springframework.security.web.savedrequest.HttpSessionRequestCache.saveRequest(HttpSessionRequestCache.java:78)
	at org.springframework.security.web.access.ExceptionTranslationFilter.sendStartAuthentication(ExceptionTranslationFilter.java:218)
	at org.springframework.security.web.access.ExceptionTranslationFilter.handleAccessDeniedException(ExceptionTranslationFilter.java:197)
	at org.springframework.security.web.access.ExceptionTranslationFilter.handleSpringSecurityException(ExceptionTranslationFilter.java:178)
	at org.springframework.security.web.access.ExceptionTranslationFilter.doFilter(ExceptionTranslationFilter.java:147)
	at org.springframework.security.web.access.ExceptionTranslationFilter.doFilter(ExceptionTranslationFilter.java:120)
	at org.springframework.security.web.FilterChainProxy$VirtualFilterChain.doFilter(FilterChainProxy.java:374)
	at org.springframework.security.web.authentication.AnonymousAuthenticationFilter.doFilter(AnonymousAuthenticationFilter.java:100)
	at org.springframework.security.web.FilterChainProxy$VirtualFilterChain.doFilter(FilterChainProxy.java:374)
	at org.springframework.security.web.servletapi.SecurityContextHolderAwareRequestFilter.doFilter(SecurityContextHolderAwareRequestFilter.java:179)
	at org.springframework.security.web.FilterChainProxy$VirtualFilterChain.doFilter(FilterChainProxy.java:374)
	at org.springframework.security.web.savedrequest.RequestCacheAwareFilter.doFilter(RequestCacheAwareFilter.java:63)
	at org.springframework.security.web.FilterChainProxy$VirtualFilterChain.doFilter(FilterChainProxy.java:374)
	at com.example.demo.beans.security.jwt.JwtAuthenticationFilter.doFilterInternal(JwtAuthenticationFilter.java:82)
	at org.springframework.web.filter.OncePerRequestFilter.doFilter(OncePerRequestFilter.java:116)
	at org.springframework.security.web.FilterChainProxy$VirtualFilterChain.doFilter(FilterChainProxy.java:374)
	at org.springframework.security.web.authentication.logout.LogoutFilter.doFilter(LogoutFilter.java:107)
	at org.springframework.security.web.authentication.logout.LogoutFilter.doFilter(LogoutFilter.java:93)
	at org.springframework.security.web.FilterChainProxy$VirtualFilterChain.doFilter(FilterChainProxy.java:374)
	at org.springframework.security.web.csrf.CsrfFilter.doFilterInternal(CsrfFilter.java:117)
	at org.springframework.web.filter.OncePerRequestFilter.doFilter(OncePerRequestFilter.java:116)
	at org.springframework.security.web.FilterChainProxy$VirtualFilterChain.doFilter(FilterChainProxy.java:374)
	at org.springframework.web.filter.CorsFilter.doFilterInternal(CorsFilter.java:91)
	at org.springframework.web.filter.OncePerRequestFilter.doFilter(OncePerRequestFilter.java:116)
	at org.springframework.security.web.FilterChainProxy$VirtualFilterChain.doFilter(FilterChainProxy.java:374)
	at org.springframework.security.web.header.HeaderWriterFilter.doHeadersAfter(HeaderWriterFilter.java:90)
	at org.springframework.security.web.header.HeaderWriterFilter.doFilterInternal(HeaderWriterFilter.java:75)
	at org.springframework.web.filter.OncePerRequestFilter.doFilter(OncePerRequestFilter.java:116)
	at org.springframework.security.web.FilterChainProxy$VirtualFilterChain.doFilter(FilterChainProxy.java:374)
	at org.springframework.security.web.context.SecurityContextHolderFilter.doFilter(SecurityContextHolderFilter.java:82)
	at org.springframework.security.web.context.SecurityContextHolderFilter.doFilter(SecurityContextHolderFilter.java:69)
	at org.springframework.security.web.FilterChainProxy$VirtualFilterChain.doFilter(FilterChainProxy.java:374)
	at org.springframework.security.web.context.request.async.WebAsyncManagerIntegrationFilter.doFilterInternal(WebAsyncManagerIntegrationFilter.java:62)
	at org.springframework.web.filter.OncePerRequestFilter.doFilter(OncePerRequestFilter.java:116)
	at org.springframework.security.web.FilterChainProxy$VirtualFilterChain.doFilter(FilterChainProxy.java:374)
	at org.springframework.security.web.session.DisableEncodeUrlFilter.doFilterInternal(DisableEncodeUrlFilter.java:42)
	at org.springframework.web.filter.OncePerRequestFilter.doFilter(OncePerRequestFilter.java:116)
	at org.springframework.security.web.FilterChainProxy$VirtualFilterChain.doFilter(FilterChainProxy.java:374)
	at org.springframework.security.web.FilterChainProxy.doFilterInternal(FilterChainProxy.java:233)
	at org.springframework.security.web.FilterChainProxy.doFilter(FilterChainProxy.java:191)
	at org.springframework.security.web.debug.DebugFilter.invokeWithWrappedRequest(DebugFilter.java:90)
	at org.springframework.security.web.debug.DebugFilter.doFilter(DebugFilter.java:78)
	at org.springframework.security.web.debug.DebugFilter.doFilter(DebugFilter.java:67)
	at org.springframework.web.filter.CompositeFilter$VirtualFilterChain.doFilter(CompositeFilter.java:113)
	at org.springframework.web.servlet.handler.HandlerMappingIntrospector.lambda$createCacheFilter$3(HandlerMappingIntrospector.java:195)
	at org.springframework.web.filter.CompositeFilter$VirtualFilterChain.doFilter(CompositeFilter.java:113)
	at org.springframework.web.filter.CompositeFilter.doFilter(CompositeFilter.java:74)
	at org.springframework.security.config.annotation.web.configuration.WebMvcSecurityConfiguration$CompositeFilterChainProxy.doFilter(WebMvcSecurityConfiguration.java:230)
	at org.springframework.web.filter.DelegatingFilterProxy.invokeDelegate(DelegatingFilterProxy.java:352)
	at org.springframework.web.filter.DelegatingFilterProxy.doFilter(DelegatingFilterProxy.java:268)
	at org.apache.catalina.core.ApplicationFilterChain.internalDoFilter(ApplicationFilterChain.java:174)
	at org.apache.catalina.core.ApplicationFilterChain.doFilter(ApplicationFilterChain.java:149)
	at org.springframework.web.filter.CharacterEncodingFilter.doFilterInternal(CharacterEncodingFilter.java:201)
	at org.springframework.web.filter.OncePerRequestFilter.doFilter(OncePerRequestFilter.java:116)
	at org.apache.catalina.core.ApplicationFilterChain.internalDoFilter(ApplicationFilterChain.java:174)
	at org.apache.catalina.core.ApplicationFilterChain.doFilter(ApplicationFilterChain.java:149)
	at org.apache.catalina.core.StandardWrapperValve.invoke(StandardWrapperValve.java:167)
	at org.apache.catalina.core.StandardContextValve.invoke(StandardContextValve.java:90)
	at org.apache.catalina.authenticator.AuthenticatorBase.invoke(AuthenticatorBase.java:482)
	at org.apache.catalina.core.StandardHostValve.invoke(StandardHostValve.java:115)
	at org.apache.catalina.valves.ErrorReportValve.invoke(ErrorReportValve.java:93)
	at org.apache.catalina.core.StandardEngineValve.invoke(StandardEngineValve.java:74)
	at org.apache.catalina.connector.CoyoteAdapter.service(CoyoteAdapter.java:344)
	at org.apache.coyote.http11.Http11Processor.service(Http11Processor.java:391)
	at org.apache.coyote.AbstractProcessorLight.process(AbstractProcessorLight.java:63)
	at org.apache.coyote.AbstractProtocol$ConnectionHandler.process(AbstractProtocol.java:896)
	at org.apache.tomcat.util.net.NioEndpoint$SocketProcessor.doRun(NioEndpoint.java:1744)
	at org.apache.tomcat.util.net.SocketProcessorBase.run(SocketProcessorBase.java:52)
	at org.apache.tomcat.util.threads.ThreadPoolExecutor.runWorker(ThreadPoolExecutor.java:1191)
	at org.apache.tomcat.util.threads.ThreadPoolExecutor$Worker.run(ThreadPoolExecutor.java:659)
	at org.apache.tomcat.util.threads.TaskThread$WrappingRunnable.run(TaskThread.java:63)
	at java.base/java.lang.Thread.run(Thread.java:1474)


************************************************************


13:26:41.517 [http-nio-8888-exec-6] DEBUG o.s.s.w.s.HttpSessionRequestCache -- Saved request http://localhost:8888/api/vi/task?continue to session
13:26:41.517 [http-nio-8888-exec-6] DEBUG o.s.s.w.a.Http403ForbiddenEntryPoint -- Pre-authenticated entry point called. Rejecting access
13:26:41.517 [http-nio-8888-exec-6] INFO  Spring Security Debugger -- 

************************************************************

Request received for GET '/error':

org.apache.catalina.core.ApplicationHttpRequest@4908cb27

servletPath:/error
pathInfo:null
headers: 
host: localhost:8888
connection: keep-alive
sec-ch-ua-platform: "macOS"
user-agent: Mozilla/5.0 (Macintosh; Intel Mac OS X 10_15_7) AppleWebKit/537.36 (KHTML, like Gecko) Chrome/147.0.0.0 Safari/537.36
sec-ch-ua: "Google Chrome";v="147", "Not.A/Brand";v="8", "Chromium";v="147"
sec-ch-ua-mobile: ?0
accept: */*
origin: http://localhost:3000
sec-fetch-site: same-site
sec-fetch-mode: cors
sec-fetch-dest: empty
referer: http://localhost:3000/
accept-encoding: gzip, deflate, br, zstd
accept-language: ko-KR,ko;q=0.9,en-US;q=0.8,en;q=0.7


Security filter chain: [] empty (bypassed by security='none') 


************************************************************


13:26:41.517 [http-nio-8888-exec-6] DEBUG o.s.web.servlet.DispatcherServlet -- "ERROR" dispatch for GET "/error", parameters={}
13:26:41.518 [http-nio-8888-exec-6] DEBUG o.s.w.s.m.m.a.RequestMappingHandlerMapping -- Mapped to org.springframework.boot.autoconfigure.web.servlet.error.BasicErrorController#error(HttpServletRequest)
13:26:41.519 [http-nio-8888-exec-6] DEBUG o.s.w.s.m.m.a.HttpEntityMethodProcessor -- Using 'application/json', given [*/*] and supported [application/json, application/*+json]
13:26:41.520 [http-nio-8888-exec-6] DEBUG o.s.w.s.m.m.a.HttpEntityMethodProcessor -- Writing [{timestamp=Wed Apr 29 13:26:41 KST 2026, status=403, error=Forbidden, path=/api/vi/task}]
13:26:41.520 [http-nio-8888-exec-6] DEBUG o.s.web.servlet.DispatcherServlet -- Exiting from "ERROR" dispatch, status 403
13:26:41.522 [http-nio-8888-exec-7] INFO  Spring Security Debugger -- 

************************************************************

Request received for GET '/api/vi/task':

org.apache.catalina.connector.RequestFacade@b7660b5

servletPath:/api/vi/task
pathInfo:null
headers: 
host: localhost:8888
connection: keep-alive
sec-ch-ua-platform: "macOS"
user-agent: Mozilla/5.0 (Macintosh; Intel Mac OS X 10_15_7) AppleWebKit/537.36 (KHTML, like Gecko) Chrome/147.0.0.0 Safari/537.36
sec-ch-ua: "Google Chrome";v="147", "Not.A/Brand";v="8", "Chromium";v="147"
sec-ch-ua-mobile: ?0
accept: */*
origin: http://localhost:3000
sec-fetch-site: same-site
sec-fetch-mode: cors
sec-fetch-dest: empty
referer: http://localhost:3000/
accept-encoding: gzip, deflate, br, zstd
accept-language: ko-KR,ko;q=0.9,en-US;q=0.8,en;q=0.7


Security filter chain: [
  DisableEncodeUrlFilter
  WebAsyncManagerIntegrationFilter
  SecurityContextHolderFilter
  HeaderWriterFilter
  CorsFilter
  CsrfFilter
  LogoutFilter
  JwtAuthenticationFilter
  RequestCacheAwareFilter
  SecurityContextHolderAwareRequestFilter
  AnonymousAuthenticationFilter
  ExceptionTranslationFilter
  AuthorizationFilter
]


************************************************************


13:26:41.522 [http-nio-8888-exec-7] DEBUG o.s.security.web.FilterChainProxy -- Securing GET /api/vi/task
13:26:41.522 [http-nio-8888-exec-7] DEBUG o.s.s.w.a.AnonymousAuthenticationFilter -- Set SecurityContextHolder to anonymous SecurityContext
13:26:41.523 [http-nio-8888-exec-7] INFO  Spring Security Debugger -- 

************************************************************

New HTTP session created: DD84D11DAD8081F326E15181E5048D23

Call stack: 

	at org.springframework.security.web.debug.Logger.info(Logger.java:46)
	at org.springframework.security.web.debug.DebugFilter$DebugRequestWrapper.getSession(DebugFilter.java:171)
	at jakarta.servlet.http.HttpServletRequestWrapper.getSession(HttpServletRequestWrapper.java:229)
	at jakarta.servlet.http.HttpServletRequestWrapper.getSession(HttpServletRequestWrapper.java:229)
	at jakarta.servlet.http.HttpServletRequestWrapper.getSession(HttpServletRequestWrapper.java:229)
	at org.springframework.security.web.savedrequest.HttpSessionRequestCache.saveRequest(HttpSessionRequestCache.java:78)
	at org.springframework.security.web.access.ExceptionTranslationFilter.sendStartAuthentication(ExceptionTranslationFilter.java:218)
	at org.springframework.security.web.access.ExceptionTranslationFilter.handleAccessDeniedException(ExceptionTranslationFilter.java:197)
	at org.springframework.security.web.access.ExceptionTranslationFilter.handleSpringSecurityException(ExceptionTranslationFilter.java:178)
	at org.springframework.security.web.access.ExceptionTranslationFilter.doFilter(ExceptionTranslationFilter.java:147)
	at org.springframework.security.web.access.ExceptionTranslationFilter.doFilter(ExceptionTranslationFilter.java:120)
	at org.springframework.security.web.FilterChainProxy$VirtualFilterChain.doFilter(FilterChainProxy.java:374)
	at org.springframework.security.web.authentication.AnonymousAuthenticationFilter.doFilter(AnonymousAuthenticationFilter.java:100)
	at org.springframework.security.web.FilterChainProxy$VirtualFilterChain.doFilter(FilterChainProxy.java:374)
	at org.springframework.security.web.servletapi.SecurityContextHolderAwareRequestFilter.doFilter(SecurityContextHolderAwareRequestFilter.java:179)
	at org.springframework.security.web.FilterChainProxy$VirtualFilterChain.doFilter(FilterChainProxy.java:374)
	at org.springframework.security.web.savedrequest.RequestCacheAwareFilter.doFilter(RequestCacheAwareFilter.java:63)
	at org.springframework.security.web.FilterChainProxy$VirtualFilterChain.doFilter(FilterChainProxy.java:374)
	at com.example.demo.beans.security.jwt.JwtAuthenticationFilter.doFilterInternal(JwtAuthenticationFilter.java:82)
	at org.springframework.web.filter.OncePerRequestFilter.doFilter(OncePerRequestFilter.java:116)
	at org.springframework.security.web.FilterChainProxy$VirtualFilterChain.doFilter(FilterChainProxy.java:374)
	at org.springframework.security.web.authentication.logout.LogoutFilter.doFilter(LogoutFilter.java:107)
	at org.springframework.security.web.authentication.logout.LogoutFilter.doFilter(LogoutFilter.java:93)
	at org.springframework.security.web.FilterChainProxy$VirtualFilterChain.doFilter(FilterChainProxy.java:374)
	at org.springframework.security.web.csrf.CsrfFilter.doFilterInternal(CsrfFilter.java:117)
	at org.springframework.web.filter.OncePerRequestFilter.doFilter(OncePerRequestFilter.java:116)
	at org.springframework.security.web.FilterChainProxy$VirtualFilterChain.doFilter(FilterChainProxy.java:374)
	at org.springframework.web.filter.CorsFilter.doFilterInternal(CorsFilter.java:91)
	at org.springframework.web.filter.OncePerRequestFilter.doFilter(OncePerRequestFilter.java:116)
	at org.springframework.security.web.FilterChainProxy$VirtualFilterChain.doFilter(FilterChainProxy.java:374)
	at org.springframework.security.web.header.HeaderWriterFilter.doHeadersAfter(HeaderWriterFilter.java:90)
	at org.springframework.security.web.header.HeaderWriterFilter.doFilterInternal(HeaderWriterFilter.java:75)
	at org.springframework.web.filter.OncePerRequestFilter.doFilter(OncePerRequestFilter.java:116)
	at org.springframework.security.web.FilterChainProxy$VirtualFilterChain.doFilter(FilterChainProxy.java:374)
	at org.springframework.security.web.context.SecurityContextHolderFilter.doFilter(SecurityContextHolderFilter.java:82)
	at org.springframework.security.web.context.SecurityContextHolderFilter.doFilter(SecurityContextHolderFilter.java:69)
	at org.springframework.security.web.FilterChainProxy$VirtualFilterChain.doFilter(FilterChainProxy.java:374)
	at org.springframework.security.web.context.request.async.WebAsyncManagerIntegrationFilter.doFilterInternal(WebAsyncManagerIntegrationFilter.java:62)
	at org.springframework.web.filter.OncePerRequestFilter.doFilter(OncePerRequestFilter.java:116)
	at org.springframework.security.web.FilterChainProxy$VirtualFilterChain.doFilter(FilterChainProxy.java:374)
	at org.springframework.security.web.session.DisableEncodeUrlFilter.doFilterInternal(DisableEncodeUrlFilter.java:42)
	at org.springframework.web.filter.OncePerRequestFilter.doFilter(OncePerRequestFilter.java:116)
	at org.springframework.security.web.FilterChainProxy$VirtualFilterChain.doFilter(FilterChainProxy.java:374)
	at org.springframework.security.web.FilterChainProxy.doFilterInternal(FilterChainProxy.java:233)
	at org.springframework.security.web.FilterChainProxy.doFilter(FilterChainProxy.java:191)
	at org.springframework.security.web.debug.DebugFilter.invokeWithWrappedRequest(DebugFilter.java:90)
	at org.springframework.security.web.debug.DebugFilter.doFilter(DebugFilter.java:78)
	at org.springframework.security.web.debug.DebugFilter.doFilter(DebugFilter.java:67)
	at org.springframework.web.filter.CompositeFilter$VirtualFilterChain.doFilter(CompositeFilter.java:113)
	at org.springframework.web.servlet.handler.HandlerMappingIntrospector.lambda$createCacheFilter$3(HandlerMappingIntrospector.java:195)
	at org.springframework.web.filter.CompositeFilter$VirtualFilterChain.doFilter(CompositeFilter.java:113)
	at org.springframework.web.filter.CompositeFilter.doFilter(CompositeFilter.java:74)
	at org.springframework.security.config.annotation.web.configuration.WebMvcSecurityConfiguration$CompositeFilterChainProxy.doFilter(WebMvcSecurityConfiguration.java:230)
	at org.springframework.web.filter.DelegatingFilterProxy.invokeDelegate(DelegatingFilterProxy.java:352)
	at org.springframework.web.filter.DelegatingFilterProxy.doFilter(DelegatingFilterProxy.java:268)
	at org.apache.catalina.core.ApplicationFilterChain.internalDoFilter(ApplicationFilterChain.java:174)
	at org.apache.catalina.core.ApplicationFilterChain.doFilter(ApplicationFilterChain.java:149)
	at org.springframework.web.filter.CharacterEncodingFilter.doFilterInternal(CharacterEncodingFilter.java:201)
	at org.springframework.web.filter.OncePerRequestFilter.doFilter(OncePerRequestFilter.java:116)
	at org.apache.catalina.core.ApplicationFilterChain.internalDoFilter(ApplicationFilterChain.java:174)
	at org.apache.catalina.core.ApplicationFilterChain.doFilter(ApplicationFilterChain.java:149)
	at org.apache.catalina.core.StandardWrapperValve.invoke(StandardWrapperValve.java:167)
	at org.apache.catalina.core.StandardContextValve.invoke(StandardContextValve.java:90)
	at org.apache.catalina.authenticator.AuthenticatorBase.invoke(AuthenticatorBase.java:482)
	at org.apache.catalina.core.StandardHostValve.invoke(StandardHostValve.java:115)
	at org.apache.catalina.valves.ErrorReportValve.invoke(ErrorReportValve.java:93)
	at org.apache.catalina.core.StandardEngineValve.invoke(StandardEngineValve.java:74)
	at org.apache.catalina.connector.CoyoteAdapter.service(CoyoteAdapter.java:344)
	at org.apache.coyote.http11.Http11Processor.service(Http11Processor.java:391)
	at org.apache.coyote.AbstractProcessorLight.process(AbstractProcessorLight.java:63)
	at org.apache.coyote.AbstractProtocol$ConnectionHandler.process(AbstractProtocol.java:896)
	at org.apache.tomcat.util.net.NioEndpoint$SocketProcessor.doRun(NioEndpoint.java:1744)
	at org.apache.tomcat.util.net.SocketProcessorBase.run(SocketProcessorBase.java:52)
	at org.apache.tomcat.util.threads.ThreadPoolExecutor.runWorker(ThreadPoolExecutor.java:1191)
	at org.apache.tomcat.util.threads.ThreadPoolExecutor$Worker.run(ThreadPoolExecutor.java:659)
	at org.apache.tomcat.util.threads.TaskThread$WrappingRunnable.run(TaskThread.java:63)
	at java.base/java.lang.Thread.run(Thread.java:1474)


************************************************************


13:26:41.523 [http-nio-8888-exec-7] DEBUG o.s.s.w.s.HttpSessionRequestCache -- Saved request http://localhost:8888/api/vi/task?continue to session
13:26:41.523 [http-nio-8888-exec-7] DEBUG o.s.s.w.a.Http403ForbiddenEntryPoint -- Pre-authenticated entry point called. Rejecting access
13:26:41.524 [http-nio-8888-exec-7] INFO  Spring Security Debugger -- 

************************************************************

Request received for GET '/error':

org.apache.catalina.core.ApplicationHttpRequest@18e0bc5

servletPath:/error
pathInfo:null
headers: 
host: localhost:8888
connection: keep-alive
sec-ch-ua-platform: "macOS"
user-agent: Mozilla/5.0 (Macintosh; Intel Mac OS X 10_15_7) AppleWebKit/537.36 (KHTML, like Gecko) Chrome/147.0.0.0 Safari/537.36
sec-ch-ua: "Google Chrome";v="147", "Not.A/Brand";v="8", "Chromium";v="147"
sec-ch-ua-mobile: ?0
accept: */*
origin: http://localhost:3000
sec-fetch-site: same-site
sec-fetch-mode: cors
sec-fetch-dest: empty
referer: http://localhost:3000/
accept-encoding: gzip, deflate, br, zstd
accept-language: ko-KR,ko;q=0.9,en-US;q=0.8,en;q=0.7


Security filter chain: [] empty (bypassed by security='none') 


************************************************************


13:26:41.524 [http-nio-8888-exec-7] DEBUG o.s.web.servlet.DispatcherServlet -- "ERROR" dispatch for GET "/error", parameters={}
13:26:41.524 [http-nio-8888-exec-7] DEBUG o.s.w.s.m.m.a.RequestMappingHandlerMapping -- Mapped to org.springframework.boot.autoconfigure.web.servlet.error.BasicErrorController#error(HttpServletRequest)
13:26:41.524 [http-nio-8888-exec-7] DEBUG o.s.w.s.m.m.a.HttpEntityMethodProcessor -- Using 'application/json', given [*/*] and supported [application/json, application/*+json]
13:26:41.524 [http-nio-8888-exec-7] DEBUG o.s.w.s.m.m.a.HttpEntityMethodProcessor -- Writing [{timestamp=Wed Apr 29 13:26:41 KST 2026, status=403, error=Forbidden, path=/api/vi/task}]
13:26:41.525 [http-nio-8888-exec-7] DEBUG o.s.web.servlet.DispatcherServlet -- Exiting from "ERROR" dispatch, status 403
13:27:28.467 [http-nio-8888-exec-8] INFO  Spring Security Debugger -- 

************************************************************

Request received for GET '/api/vi/task':

org.apache.catalina.connector.RequestFacade@399f3503

servletPath:/api/vi/task
pathInfo:null
headers: 
host: localhost:8888
connection: keep-alive
sec-ch-ua-platform: "macOS"
user-agent: Mozilla/5.0 (Macintosh; Intel Mac OS X 10_15_7) AppleWebKit/537.36 (KHTML, like Gecko) Chrome/147.0.0.0 Safari/537.36
sec-ch-ua: "Google Chrome";v="147", "Not.A/Brand";v="8", "Chromium";v="147"
sec-ch-ua-mobile: ?0
accept: */*
origin: http://localhost:3000
sec-fetch-site: same-site
sec-fetch-mode: cors
sec-fetch-dest: empty
referer: http://localhost:3000/
accept-encoding: gzip, deflate, br, zstd
accept-language: ko-KR,ko;q=0.9,en-US;q=0.8,en;q=0.7


Security filter chain: [
  DisableEncodeUrlFilter
  WebAsyncManagerIntegrationFilter
  SecurityContextHolderFilter
  HeaderWriterFilter
  CorsFilter
  CsrfFilter
  LogoutFilter
  JwtAuthenticationFilter
  RequestCacheAwareFilter
  SecurityContextHolderAwareRequestFilter
  AnonymousAuthenticationFilter
  ExceptionTranslationFilter
  AuthorizationFilter
]


************************************************************


13:27:28.483 [http-nio-8888-exec-8] DEBUG o.s.security.web.FilterChainProxy -- Securing GET /api/vi/task
13:27:28.485 [http-nio-8888-exec-8] DEBUG o.s.s.w.a.AnonymousAuthenticationFilter -- Set SecurityContextHolder to anonymous SecurityContext
13:27:28.489 [http-nio-8888-exec-8] INFO  Spring Security Debugger -- 

************************************************************

New HTTP session created: E6541BA92CCDAEF74AF3B4ADDB93F6BE

Call stack: 

	at org.springframework.security.web.debug.Logger.info(Logger.java:46)
	at org.springframework.security.web.debug.DebugFilter$DebugRequestWrapper.getSession(DebugFilter.java:171)
	at jakarta.servlet.http.HttpServletRequestWrapper.getSession(HttpServletRequestWrapper.java:229)
	at jakarta.servlet.http.HttpServletRequestWrapper.getSession(HttpServletRequestWrapper.java:229)
	at jakarta.servlet.http.HttpServletRequestWrapper.getSession(HttpServletRequestWrapper.java:229)
	at org.springframework.security.web.savedrequest.HttpSessionRequestCache.saveRequest(HttpSessionRequestCache.java:78)
	at org.springframework.security.web.access.ExceptionTranslationFilter.sendStartAuthentication(ExceptionTranslationFilter.java:218)
	at org.springframework.security.web.access.ExceptionTranslationFilter.handleAccessDeniedException(ExceptionTranslationFilter.java:197)
	at org.springframework.security.web.access.ExceptionTranslationFilter.handleSpringSecurityException(ExceptionTranslationFilter.java:178)
	at org.springframework.security.web.access.ExceptionTranslationFilter.doFilter(ExceptionTranslationFilter.java:147)
	at org.springframework.security.web.access.ExceptionTranslationFilter.doFilter(ExceptionTranslationFilter.java:120)
	at org.springframework.security.web.FilterChainProxy$VirtualFilterChain.doFilter(FilterChainProxy.java:374)
	at org.springframework.security.web.authentication.AnonymousAuthenticationFilter.doFilter(AnonymousAuthenticationFilter.java:100)
	at org.springframework.security.web.FilterChainProxy$VirtualFilterChain.doFilter(FilterChainProxy.java:374)
	at org.springframework.security.web.servletapi.SecurityContextHolderAwareRequestFilter.doFilter(SecurityContextHolderAwareRequestFilter.java:179)
	at org.springframework.security.web.FilterChainProxy$VirtualFilterChain.doFilter(FilterChainProxy.java:374)
	at org.springframework.security.web.savedrequest.RequestCacheAwareFilter.doFilter(RequestCacheAwareFilter.java:63)
	at org.springframework.security.web.FilterChainProxy$VirtualFilterChain.doFilter(FilterChainProxy.java:374)
	at com.example.demo.beans.security.jwt.JwtAuthenticationFilter.doFilterInternal(JwtAuthenticationFilter.java:82)
	at org.springframework.web.filter.OncePerRequestFilter.doFilter(OncePerRequestFilter.java:116)
	at org.springframework.security.web.FilterChainProxy$VirtualFilterChain.doFilter(FilterChainProxy.java:374)
	at org.springframework.security.web.authentication.logout.LogoutFilter.doFilter(LogoutFilter.java:107)
	at org.springframework.security.web.authentication.logout.LogoutFilter.doFilter(LogoutFilter.java:93)
	at org.springframework.security.web.FilterChainProxy$VirtualFilterChain.doFilter(FilterChainProxy.java:374)
	at org.springframework.security.web.csrf.CsrfFilter.doFilterInternal(CsrfFilter.java:117)
	at org.springframework.web.filter.OncePerRequestFilter.doFilter(OncePerRequestFilter.java:116)
	at org.springframework.security.web.FilterChainProxy$VirtualFilterChain.doFilter(FilterChainProxy.java:374)
	at org.springframework.web.filter.CorsFilter.doFilterInternal(CorsFilter.java:91)
	at org.springframework.web.filter.OncePerRequestFilter.doFilter(OncePerRequestFilter.java:116)
	at org.springframework.security.web.FilterChainProxy$VirtualFilterChain.doFilter(FilterChainProxy.java:374)
	at org.springframework.security.web.header.HeaderWriterFilter.doHeadersAfter(HeaderWriterFilter.java:90)
	at org.springframework.security.web.header.HeaderWriterFilter.doFilterInternal(HeaderWriterFilter.java:75)
	at org.springframework.web.filter.OncePerRequestFilter.doFilter(OncePerRequestFilter.java:116)
	at org.springframework.security.web.FilterChainProxy$VirtualFilterChain.doFilter(FilterChainProxy.java:374)
	at org.springframework.security.web.context.SecurityContextHolderFilter.doFilter(SecurityContextHolderFilter.java:82)
	at org.springframework.security.web.context.SecurityContextHolderFilter.doFilter(SecurityContextHolderFilter.java:69)
	at org.springframework.security.web.FilterChainProxy$VirtualFilterChain.doFilter(FilterChainProxy.java:374)
	at org.springframework.security.web.context.request.async.WebAsyncManagerIntegrationFilter.doFilterInternal(WebAsyncManagerIntegrationFilter.java:62)
	at org.springframework.web.filter.OncePerRequestFilter.doFilter(OncePerRequestFilter.java:116)
	at org.springframework.security.web.FilterChainProxy$VirtualFilterChain.doFilter(FilterChainProxy.java:374)
	at org.springframework.security.web.session.DisableEncodeUrlFilter.doFilterInternal(DisableEncodeUrlFilter.java:42)
	at org.springframework.web.filter.OncePerRequestFilter.doFilter(OncePerRequestFilter.java:116)
	at org.springframework.security.web.FilterChainProxy$VirtualFilterChain.doFilter(FilterChainProxy.java:374)
	at org.springframework.security.web.FilterChainProxy.doFilterInternal(FilterChainProxy.java:233)
	at org.springframework.security.web.FilterChainProxy.doFilter(FilterChainProxy.java:191)
	at org.springframework.security.web.debug.DebugFilter.invokeWithWrappedRequest(DebugFilter.java:90)
	at org.springframework.security.web.debug.DebugFilter.doFilter(DebugFilter.java:78)
	at org.springframework.security.web.debug.DebugFilter.doFilter(DebugFilter.java:67)
	at org.springframework.web.filter.CompositeFilter$VirtualFilterChain.doFilter(CompositeFilter.java:113)
	at org.springframework.web.servlet.handler.HandlerMappingIntrospector.lambda$createCacheFilter$3(HandlerMappingIntrospector.java:195)
	at org.springframework.web.filter.CompositeFilter$VirtualFilterChain.doFilter(CompositeFilter.java:113)
	at org.springframework.web.filter.CompositeFilter.doFilter(CompositeFilter.java:74)
	at org.springframework.security.config.annotation.web.configuration.WebMvcSecurityConfiguration$CompositeFilterChainProxy.doFilter(WebMvcSecurityConfiguration.java:230)
	at org.springframework.web.filter.DelegatingFilterProxy.invokeDelegate(DelegatingFilterProxy.java:352)
	at org.springframework.web.filter.DelegatingFilterProxy.doFilter(DelegatingFilterProxy.java:268)
	at org.apache.catalina.core.ApplicationFilterChain.internalDoFilter(ApplicationFilterChain.java:174)
	at org.apache.catalina.core.ApplicationFilterChain.doFilter(ApplicationFilterChain.java:149)
	at org.springframework.web.filter.CharacterEncodingFilter.doFilterInternal(CharacterEncodingFilter.java:201)
	at org.springframework.web.filter.OncePerRequestFilter.doFilter(OncePerRequestFilter.java:116)
	at org.apache.catalina.core.ApplicationFilterChain.internalDoFilter(ApplicationFilterChain.java:174)
	at org.apache.catalina.core.ApplicationFilterChain.doFilter(ApplicationFilterChain.java:149)
	at org.apache.catalina.core.StandardWrapperValve.invoke(StandardWrapperValve.java:167)
	at org.apache.catalina.core.StandardContextValve.invoke(StandardContextValve.java:90)
	at org.apache.catalina.authenticator.AuthenticatorBase.invoke(AuthenticatorBase.java:482)
	at org.apache.catalina.core.StandardHostValve.invoke(StandardHostValve.java:115)
	at org.apache.catalina.valves.ErrorReportValve.invoke(ErrorReportValve.java:93)
	at org.apache.catalina.core.StandardEngineValve.invoke(StandardEngineValve.java:74)
	at org.apache.catalina.connector.CoyoteAdapter.service(CoyoteAdapter.java:344)
	at org.apache.coyote.http11.Http11Processor.service(Http11Processor.java:391)
	at org.apache.coyote.AbstractProcessorLight.process(AbstractProcessorLight.java:63)
	at org.apache.coyote.AbstractProtocol$ConnectionHandler.process(AbstractProtocol.java:896)
	at org.apache.tomcat.util.net.NioEndpoint$SocketProcessor.doRun(NioEndpoint.java:1744)
	at org.apache.tomcat.util.net.SocketProcessorBase.run(SocketProcessorBase.java:52)
	at org.apache.tomcat.util.threads.ThreadPoolExecutor.runWorker(ThreadPoolExecutor.java:1191)
	at org.apache.tomcat.util.threads.ThreadPoolExecutor$Worker.run(ThreadPoolExecutor.java:659)
	at org.apache.tomcat.util.threads.TaskThread$WrappingRunnable.run(TaskThread.java:63)
	at java.base/java.lang.Thread.run(Thread.java:1474)


************************************************************


13:27:28.489 [http-nio-8888-exec-8] DEBUG o.s.s.w.s.HttpSessionRequestCache -- Saved request http://localhost:8888/api/vi/task?continue to session
13:27:28.489 [http-nio-8888-exec-8] DEBUG o.s.s.w.a.Http403ForbiddenEntryPoint -- Pre-authenticated entry point called. Rejecting access
13:27:28.490 [http-nio-8888-exec-8] INFO  Spring Security Debugger -- 

************************************************************

Request received for GET '/error':

org.apache.catalina.core.ApplicationHttpRequest@2a85823b

servletPath:/error
pathInfo:null
headers: 
host: localhost:8888
connection: keep-alive
sec-ch-ua-platform: "macOS"
user-agent: Mozilla/5.0 (Macintosh; Intel Mac OS X 10_15_7) AppleWebKit/537.36 (KHTML, like Gecko) Chrome/147.0.0.0 Safari/537.36
sec-ch-ua: "Google Chrome";v="147", "Not.A/Brand";v="8", "Chromium";v="147"
sec-ch-ua-mobile: ?0
accept: */*
origin: http://localhost:3000
sec-fetch-site: same-site
sec-fetch-mode: cors
sec-fetch-dest: empty
referer: http://localhost:3000/
accept-encoding: gzip, deflate, br, zstd
accept-language: ko-KR,ko;q=0.9,en-US;q=0.8,en;q=0.7


Security filter chain: [] empty (bypassed by security='none') 


************************************************************


13:27:28.491 [http-nio-8888-exec-8] DEBUG o.s.web.servlet.DispatcherServlet -- "ERROR" dispatch for GET "/error", parameters={}
13:27:28.492 [http-nio-8888-exec-8] DEBUG o.s.w.s.m.m.a.RequestMappingHandlerMapping -- Mapped to org.springframework.boot.autoconfigure.web.servlet.error.BasicErrorController#error(HttpServletRequest)
13:27:28.499 [http-nio-8888-exec-8] DEBUG o.s.w.s.m.m.a.HttpEntityMethodProcessor -- Using 'application/json', given [*/*] and supported [application/json, application/*+json]
13:27:28.504 [http-nio-8888-exec-8] DEBUG o.s.w.s.m.m.a.HttpEntityMethodProcessor -- Writing [{timestamp=Wed Apr 29 13:27:28 KST 2026, status=403, error=Forbidden, path=/api/vi/task}]
13:27:28.507 [http-nio-8888-exec-8] DEBUG o.s.web.servlet.DispatcherServlet -- Exiting from "ERROR" dispatch, status 403
13:27:28.509 [http-nio-8888-exec-9] INFO  Spring Security Debugger -- 

************************************************************

Request received for GET '/api/vi/task':

org.apache.catalina.connector.RequestFacade@271cbad1

servletPath:/api/vi/task
pathInfo:null
headers: 
host: localhost:8888
connection: keep-alive
sec-ch-ua-platform: "macOS"
user-agent: Mozilla/5.0 (Macintosh; Intel Mac OS X 10_15_7) AppleWebKit/537.36 (KHTML, like Gecko) Chrome/147.0.0.0 Safari/537.36
sec-ch-ua: "Google Chrome";v="147", "Not.A/Brand";v="8", "Chromium";v="147"
sec-ch-ua-mobile: ?0
accept: */*
origin: http://localhost:3000
sec-fetch-site: same-site
sec-fetch-mode: cors
sec-fetch-dest: empty
referer: http://localhost:3000/
accept-encoding: gzip, deflate, br, zstd
accept-language: ko-KR,ko;q=0.9,en-US;q=0.8,en;q=0.7


Security filter chain: [
  DisableEncodeUrlFilter
  WebAsyncManagerIntegrationFilter
  SecurityContextHolderFilter
  HeaderWriterFilter
  CorsFilter
  CsrfFilter
  LogoutFilter
  JwtAuthenticationFilter
  RequestCacheAwareFilter
  SecurityContextHolderAwareRequestFilter
  AnonymousAuthenticationFilter
  ExceptionTranslationFilter
  AuthorizationFilter
]


************************************************************


13:27:28.509 [http-nio-8888-exec-9] DEBUG o.s.security.web.FilterChainProxy -- Securing GET /api/vi/task
13:27:28.510 [http-nio-8888-exec-9] DEBUG o.s.s.w.a.AnonymousAuthenticationFilter -- Set SecurityContextHolder to anonymous SecurityContext
13:27:28.510 [http-nio-8888-exec-9] INFO  Spring Security Debugger -- 

************************************************************

New HTTP session created: 2337A6440C94EED43B7E912CD97B024B

Call stack: 

	at org.springframework.security.web.debug.Logger.info(Logger.java:46)
	at org.springframework.security.web.debug.DebugFilter$DebugRequestWrapper.getSession(DebugFilter.java:171)
	at jakarta.servlet.http.HttpServletRequestWrapper.getSession(HttpServletRequestWrapper.java:229)
	at jakarta.servlet.http.HttpServletRequestWrapper.getSession(HttpServletRequestWrapper.java:229)
	at jakarta.servlet.http.HttpServletRequestWrapper.getSession(HttpServletRequestWrapper.java:229)
	at org.springframework.security.web.savedrequest.HttpSessionRequestCache.saveRequest(HttpSessionRequestCache.java:78)
	at org.springframework.security.web.access.ExceptionTranslationFilter.sendStartAuthentication(ExceptionTranslationFilter.java:218)
	at org.springframework.security.web.access.ExceptionTranslationFilter.handleAccessDeniedException(ExceptionTranslationFilter.java:197)
	at org.springframework.security.web.access.ExceptionTranslationFilter.handleSpringSecurityException(ExceptionTranslationFilter.java:178)
	at org.springframework.security.web.access.ExceptionTranslationFilter.doFilter(ExceptionTranslationFilter.java:147)
	at org.springframework.security.web.access.ExceptionTranslationFilter.doFilter(ExceptionTranslationFilter.java:120)
	at org.springframework.security.web.FilterChainProxy$VirtualFilterChain.doFilter(FilterChainProxy.java:374)
	at org.springframework.security.web.authentication.AnonymousAuthenticationFilter.doFilter(AnonymousAuthenticationFilter.java:100)
	at org.springframework.security.web.FilterChainProxy$VirtualFilterChain.doFilter(FilterChainProxy.java:374)
	at org.springframework.security.web.servletapi.SecurityContextHolderAwareRequestFilter.doFilter(SecurityContextHolderAwareRequestFilter.java:179)
	at org.springframework.security.web.FilterChainProxy$VirtualFilterChain.doFilter(FilterChainProxy.java:374)
	at org.springframework.security.web.savedrequest.RequestCacheAwareFilter.doFilter(RequestCacheAwareFilter.java:63)
	at org.springframework.security.web.FilterChainProxy$VirtualFilterChain.doFilter(FilterChainProxy.java:374)
	at com.example.demo.beans.security.jwt.JwtAuthenticationFilter.doFilterInternal(JwtAuthenticationFilter.java:82)
	at org.springframework.web.filter.OncePerRequestFilter.doFilter(OncePerRequestFilter.java:116)
	at org.springframework.security.web.FilterChainProxy$VirtualFilterChain.doFilter(FilterChainProxy.java:374)
	at org.springframework.security.web.authentication.logout.LogoutFilter.doFilter(LogoutFilter.java:107)
	at org.springframework.security.web.authentication.logout.LogoutFilter.doFilter(LogoutFilter.java:93)
	at org.springframework.security.web.FilterChainProxy$VirtualFilterChain.doFilter(FilterChainProxy.java:374)
	at org.springframework.security.web.csrf.CsrfFilter.doFilterInternal(CsrfFilter.java:117)
	at org.springframework.web.filter.OncePerRequestFilter.doFilter(OncePerRequestFilter.java:116)
	at org.springframework.security.web.FilterChainProxy$VirtualFilterChain.doFilter(FilterChainProxy.java:374)
	at org.springframework.web.filter.CorsFilter.doFilterInternal(CorsFilter.java:91)
	at org.springframework.web.filter.OncePerRequestFilter.doFilter(OncePerRequestFilter.java:116)
	at org.springframework.security.web.FilterChainProxy$VirtualFilterChain.doFilter(FilterChainProxy.java:374)
	at org.springframework.security.web.header.HeaderWriterFilter.doHeadersAfter(HeaderWriterFilter.java:90)
	at org.springframework.security.web.header.HeaderWriterFilter.doFilterInternal(HeaderWriterFilter.java:75)
	at org.springframework.web.filter.OncePerRequestFilter.doFilter(OncePerRequestFilter.java:116)
	at org.springframework.security.web.FilterChainProxy$VirtualFilterChain.doFilter(FilterChainProxy.java:374)
	at org.springframework.security.web.context.SecurityContextHolderFilter.doFilter(SecurityContextHolderFilter.java:82)
	at org.springframework.security.web.context.SecurityContextHolderFilter.doFilter(SecurityContextHolderFilter.java:69)
	at org.springframework.security.web.FilterChainProxy$VirtualFilterChain.doFilter(FilterChainProxy.java:374)
	at org.springframework.security.web.context.request.async.WebAsyncManagerIntegrationFilter.doFilterInternal(WebAsyncManagerIntegrationFilter.java:62)
	at org.springframework.web.filter.OncePerRequestFilter.doFilter(OncePerRequestFilter.java:116)
	at org.springframework.security.web.FilterChainProxy$VirtualFilterChain.doFilter(FilterChainProxy.java:374)
	at org.springframework.security.web.session.DisableEncodeUrlFilter.doFilterInternal(DisableEncodeUrlFilter.java:42)
	at org.springframework.web.filter.OncePerRequestFilter.doFilter(OncePerRequestFilter.java:116)
	at org.springframework.security.web.FilterChainProxy$VirtualFilterChain.doFilter(FilterChainProxy.java:374)
	at org.springframework.security.web.FilterChainProxy.doFilterInternal(FilterChainProxy.java:233)
	at org.springframework.security.web.FilterChainProxy.doFilter(FilterChainProxy.java:191)
	at org.springframework.security.web.debug.DebugFilter.invokeWithWrappedRequest(DebugFilter.java:90)
	at org.springframework.security.web.debug.DebugFilter.doFilter(DebugFilter.java:78)
	at org.springframework.security.web.debug.DebugFilter.doFilter(DebugFilter.java:67)
	at org.springframework.web.filter.CompositeFilter$VirtualFilterChain.doFilter(CompositeFilter.java:113)
	at org.springframework.web.servlet.handler.HandlerMappingIntrospector.lambda$createCacheFilter$3(HandlerMappingIntrospector.java:195)
	at org.springframework.web.filter.CompositeFilter$VirtualFilterChain.doFilter(CompositeFilter.java:113)
	at org.springframework.web.filter.CompositeFilter.doFilter(CompositeFilter.java:74)
	at org.springframework.security.config.annotation.web.configuration.WebMvcSecurityConfiguration$CompositeFilterChainProxy.doFilter(WebMvcSecurityConfiguration.java:230)
	at org.springframework.web.filter.DelegatingFilterProxy.invokeDelegate(DelegatingFilterProxy.java:352)
	at org.springframework.web.filter.DelegatingFilterProxy.doFilter(DelegatingFilterProxy.java:268)
	at org.apache.catalina.core.ApplicationFilterChain.internalDoFilter(ApplicationFilterChain.java:174)
	at org.apache.catalina.core.ApplicationFilterChain.doFilter(ApplicationFilterChain.java:149)
	at org.springframework.web.filter.CharacterEncodingFilter.doFilterInternal(CharacterEncodingFilter.java:201)
	at org.springframework.web.filter.OncePerRequestFilter.doFilter(OncePerRequestFilter.java:116)
	at org.apache.catalina.core.ApplicationFilterChain.internalDoFilter(ApplicationFilterChain.java:174)
	at org.apache.catalina.core.ApplicationFilterChain.doFilter(ApplicationFilterChain.java:149)
	at org.apache.catalina.core.StandardWrapperValve.invoke(StandardWrapperValve.java:167)
	at org.apache.catalina.core.StandardContextValve.invoke(StandardContextValve.java:90)
	at org.apache.catalina.authenticator.AuthenticatorBase.invoke(AuthenticatorBase.java:482)
	at org.apache.catalina.core.StandardHostValve.invoke(StandardHostValve.java:115)
	at org.apache.catalina.valves.ErrorReportValve.invoke(ErrorReportValve.java:93)
	at org.apache.catalina.core.StandardEngineValve.invoke(StandardEngineValve.java:74)
	at org.apache.catalina.connector.CoyoteAdapter.service(CoyoteAdapter.java:344)
	at org.apache.coyote.http11.Http11Processor.service(Http11Processor.java:391)
	at org.apache.coyote.AbstractProcessorLight.process(AbstractProcessorLight.java:63)
	at org.apache.coyote.AbstractProtocol$ConnectionHandler.process(AbstractProtocol.java:896)
	at org.apache.tomcat.util.net.NioEndpoint$SocketProcessor.doRun(NioEndpoint.java:1744)
	at org.apache.tomcat.util.net.SocketProcessorBase.run(SocketProcessorBase.java:52)
	at org.apache.tomcat.util.threads.ThreadPoolExecutor.runWorker(ThreadPoolExecutor.java:1191)
	at org.apache.tomcat.util.threads.ThreadPoolExecutor$Worker.run(ThreadPoolExecutor.java:659)
	at org.apache.tomcat.util.threads.TaskThread$WrappingRunnable.run(TaskThread.java:63)
	at java.base/java.lang.Thread.run(Thread.java:1474)


************************************************************


13:27:28.512 [http-nio-8888-exec-9] DEBUG o.s.s.w.s.HttpSessionRequestCache -- Saved request http://localhost:8888/api/vi/task?continue to session
13:27:28.512 [http-nio-8888-exec-9] DEBUG o.s.s.w.a.Http403ForbiddenEntryPoint -- Pre-authenticated entry point called. Rejecting access
13:27:28.513 [http-nio-8888-exec-9] INFO  Spring Security Debugger -- 

************************************************************

Request received for GET '/error':

org.apache.catalina.core.ApplicationHttpRequest@69fc8c6d

servletPath:/error
pathInfo:null
headers: 
host: localhost:8888
connection: keep-alive
sec-ch-ua-platform: "macOS"
user-agent: Mozilla/5.0 (Macintosh; Intel Mac OS X 10_15_7) AppleWebKit/537.36 (KHTML, like Gecko) Chrome/147.0.0.0 Safari/537.36
sec-ch-ua: "Google Chrome";v="147", "Not.A/Brand";v="8", "Chromium";v="147"
sec-ch-ua-mobile: ?0
accept: */*
origin: http://localhost:3000
sec-fetch-site: same-site
sec-fetch-mode: cors
sec-fetch-dest: empty
referer: http://localhost:3000/
accept-encoding: gzip, deflate, br, zstd
accept-language: ko-KR,ko;q=0.9,en-US;q=0.8,en;q=0.7


Security filter chain: [] empty (bypassed by security='none') 


************************************************************


13:27:28.513 [http-nio-8888-exec-9] DEBUG o.s.web.servlet.DispatcherServlet -- "ERROR" dispatch for GET "/error", parameters={}
13:27:28.513 [http-nio-8888-exec-9] DEBUG o.s.w.s.m.m.a.RequestMappingHandlerMapping -- Mapped to org.springframework.boot.autoconfigure.web.servlet.error.BasicErrorController#error(HttpServletRequest)
13:27:28.514 [http-nio-8888-exec-9] DEBUG o.s.w.s.m.m.a.HttpEntityMethodProcessor -- Using 'application/json', given [*/*] and supported [application/json, application/*+json]
13:27:28.514 [http-nio-8888-exec-9] DEBUG o.s.w.s.m.m.a.HttpEntityMethodProcessor -- Writing [{timestamp=Wed Apr 29 13:27:28 KST 2026, status=403, error=Forbidden, path=/api/vi/task}]
13:27:28.514 [http-nio-8888-exec-9] DEBUG o.s.web.servlet.DispatcherServlet -- Exiting from "ERROR" dispatch, status 403
13:28:46.906 [http-nio-8888-exec-3] INFO  Spring Security Debugger -- 

************************************************************

Request received for GET '/api/v1/task':

org.apache.catalina.connector.RequestFacade@15eee8a2

servletPath:/api/v1/task
pathInfo:null
headers: 
host: localhost:8888
connection: keep-alive
sec-ch-ua-platform: "macOS"
user-agent: Mozilla/5.0 (Macintosh; Intel Mac OS X 10_15_7) AppleWebKit/537.36 (KHTML, like Gecko) Chrome/147.0.0.0 Safari/537.36
sec-ch-ua: "Google Chrome";v="147", "Not.A/Brand";v="8", "Chromium";v="147"
sec-ch-ua-mobile: ?0
accept: */*
origin: http://localhost:3000
sec-fetch-site: same-site
sec-fetch-mode: cors
sec-fetch-dest: empty
referer: http://localhost:3000/
accept-encoding: gzip, deflate, br, zstd
accept-language: ko-KR,ko;q=0.9,en-US;q=0.8,en;q=0.7


Security filter chain: [
  DisableEncodeUrlFilter
  WebAsyncManagerIntegrationFilter
  SecurityContextHolderFilter
  HeaderWriterFilter
  CorsFilter
  CsrfFilter
  LogoutFilter
  JwtAuthenticationFilter
  RequestCacheAwareFilter
  SecurityContextHolderAwareRequestFilter
  AnonymousAuthenticationFilter
  ExceptionTranslationFilter
  AuthorizationFilter
]


************************************************************


13:28:46.911 [http-nio-8888-exec-3] DEBUG o.s.security.web.FilterChainProxy -- Securing GET /api/v1/task
13:28:46.919 [http-nio-8888-exec-3] DEBUG o.s.security.web.FilterChainProxy -- Secured GET /api/v1/task
13:28:46.920 [http-nio-8888-exec-3] DEBUG o.s.web.servlet.DispatcherServlet -- GET "/api/v1/task", parameters={}
13:28:46.921 [http-nio-8888-exec-3] DEBUG o.s.w.s.m.m.a.RequestMappingHandlerMapping -- Mapped to com.example.demo.todo.api.TodoApi#getTasks()
13:28:46.926 [http-nio-8888-exec-3] DEBUG o.s.w.s.m.m.a.RequestResponseBodyMethodProcessor -- Using 'application/json', given [*/*] and supported [application/json, application/*+json]
13:28:46.927 [http-nio-8888-exec-3] DEBUG o.s.w.s.m.m.a.RequestResponseBodyMethodProcessor -- Writing [com.example.demo.util.AjaxResponse@6fbd9ceb]
13:28:46.930 [http-nio-8888-exec-3] DEBUG o.s.s.w.a.AnonymousAuthenticationFilter -- Set SecurityContextHolder to anonymous SecurityContext
13:28:46.931 [http-nio-8888-exec-3] DEBUG o.s.web.servlet.DispatcherServlet -- Completed 200 OK
13:28:46.934 [http-nio-8888-exec-2] INFO  Spring Security Debugger -- 

************************************************************

Request received for GET '/api/v1/task':

org.apache.catalina.connector.RequestFacade@73e555cc

servletPath:/api/v1/task
pathInfo:null
headers: 
host: localhost:8888
connection: keep-alive
sec-ch-ua-platform: "macOS"
user-agent: Mozilla/5.0 (Macintosh; Intel Mac OS X 10_15_7) AppleWebKit/537.36 (KHTML, like Gecko) Chrome/147.0.0.0 Safari/537.36
sec-ch-ua: "Google Chrome";v="147", "Not.A/Brand";v="8", "Chromium";v="147"
sec-ch-ua-mobile: ?0
accept: */*
origin: http://localhost:3000
sec-fetch-site: same-site
sec-fetch-mode: cors
sec-fetch-dest: empty
referer: http://localhost:3000/
accept-encoding: gzip, deflate, br, zstd
accept-language: ko-KR,ko;q=0.9,en-US;q=0.8,en;q=0.7


Security filter chain: [
  DisableEncodeUrlFilter
  WebAsyncManagerIntegrationFilter
  SecurityContextHolderFilter
  HeaderWriterFilter
  CorsFilter
  CsrfFilter
  LogoutFilter
  JwtAuthenticationFilter
  RequestCacheAwareFilter
  SecurityContextHolderAwareRequestFilter
  AnonymousAuthenticationFilter
  ExceptionTranslationFilter
  AuthorizationFilter
]


************************************************************


13:28:46.936 [http-nio-8888-exec-2] DEBUG o.s.security.web.FilterChainProxy -- Securing GET /api/v1/task
13:28:46.937 [http-nio-8888-exec-2] DEBUG o.s.security.web.FilterChainProxy -- Secured GET /api/v1/task
13:28:46.937 [http-nio-8888-exec-2] DEBUG o.s.web.servlet.DispatcherServlet -- GET "/api/v1/task", parameters={}
13:28:46.938 [http-nio-8888-exec-2] DEBUG o.s.w.s.m.m.a.RequestMappingHandlerMapping -- Mapped to com.example.demo.todo.api.TodoApi#getTasks()
13:28:46.938 [http-nio-8888-exec-2] DEBUG o.s.w.s.m.m.a.RequestResponseBodyMethodProcessor -- Using 'application/json', given [*/*] and supported [application/json, application/*+json]
13:28:46.939 [http-nio-8888-exec-2] DEBUG o.s.w.s.m.m.a.RequestResponseBodyMethodProcessor -- Writing [com.example.demo.util.AjaxResponse@961c05a]
13:28:46.940 [http-nio-8888-exec-2] DEBUG o.s.s.w.a.AnonymousAuthenticationFilter -- Set SecurityContextHolder to anonymous SecurityContext
13:28:46.940 [http-nio-8888-exec-2] DEBUG o.s.web.servlet.DispatcherServlet -- Completed 200 OK
13:36:06.890 [http-nio-8888-exec-6] INFO  Spring Security Debugger -- 

************************************************************

Request received for GET '/api/v1/task':

org.apache.catalina.connector.RequestFacade@1eead75b

servletPath:/api/v1/task
pathInfo:null
headers: 
host: localhost:8888
connection: keep-alive
sec-ch-ua-platform: "macOS"
user-agent: Mozilla/5.0 (Macintosh; Intel Mac OS X 10_15_7) AppleWebKit/537.36 (KHTML, like Gecko) Chrome/147.0.0.0 Safari/537.36
sec-ch-ua: "Google Chrome";v="147", "Not.A/Brand";v="8", "Chromium";v="147"
sec-ch-ua-mobile: ?0
accept: */*
origin: http://localhost:3000
sec-fetch-site: same-site
sec-fetch-mode: cors
sec-fetch-dest: empty
referer: http://localhost:3000/
accept-encoding: gzip, deflate, br, zstd
accept-language: ko-KR,ko;q=0.9,en-US;q=0.8,en;q=0.7


Security filter chain: [
  DisableEncodeUrlFilter
  WebAsyncManagerIntegrationFilter
  SecurityContextHolderFilter
  HeaderWriterFilter
  CorsFilter
  CsrfFilter
  LogoutFilter
  JwtAuthenticationFilter
  RequestCacheAwareFilter
  SecurityContextHolderAwareRequestFilter
  AnonymousAuthenticationFilter
  ExceptionTranslationFilter
  AuthorizationFilter
]


************************************************************


13:36:06.902 [http-nio-8888-exec-6] DEBUG o.s.security.web.FilterChainProxy -- Securing GET /api/v1/task
13:36:06.905 [http-nio-8888-exec-6] DEBUG o.s.security.web.FilterChainProxy -- Secured GET /api/v1/task
13:36:06.906 [http-nio-8888-exec-6] DEBUG o.s.web.servlet.DispatcherServlet -- GET "/api/v1/task", parameters={}
13:36:06.907 [http-nio-8888-exec-6] DEBUG o.s.w.s.m.m.a.RequestMappingHandlerMapping -- Mapped to com.example.demo.todo.api.TodoApi#getTasks()
13:36:06.911 [http-nio-8888-exec-6] DEBUG o.s.w.s.m.m.a.RequestResponseBodyMethodProcessor -- Using 'application/json', given [*/*] and supported [application/json, application/*+json]
13:36:06.912 [http-nio-8888-exec-6] DEBUG o.s.w.s.m.m.a.RequestResponseBodyMethodProcessor -- Writing [com.example.demo.util.AjaxResponse@6ca8bc2c]
13:36:06.915 [http-nio-8888-exec-6] DEBUG o.s.s.w.a.AnonymousAuthenticationFilter -- Set SecurityContextHolder to anonymous SecurityContext
13:36:06.915 [http-nio-8888-exec-6] DEBUG o.s.web.servlet.DispatcherServlet -- Completed 200 OK
13:36:06.917 [http-nio-8888-exec-7] INFO  Spring Security Debugger -- 

************************************************************

Request received for GET '/api/v1/task':

org.apache.catalina.connector.RequestFacade@448c9590

servletPath:/api/v1/task
pathInfo:null
headers: 
host: localhost:8888
connection: keep-alive
sec-ch-ua-platform: "macOS"
user-agent: Mozilla/5.0 (Macintosh; Intel Mac OS X 10_15_7) AppleWebKit/537.36 (KHTML, like Gecko) Chrome/147.0.0.0 Safari/537.36
sec-ch-ua: "Google Chrome";v="147", "Not.A/Brand";v="8", "Chromium";v="147"
sec-ch-ua-mobile: ?0
accept: */*
origin: http://localhost:3000
sec-fetch-site: same-site
sec-fetch-mode: cors
sec-fetch-dest: empty
referer: http://localhost:3000/
accept-encoding: gzip, deflate, br, zstd
accept-language: ko-KR,ko;q=0.9,en-US;q=0.8,en;q=0.7


Security filter chain: [
  DisableEncodeUrlFilter
  WebAsyncManagerIntegrationFilter
  SecurityContextHolderFilter
  HeaderWriterFilter
  CorsFilter
  CsrfFilter
  LogoutFilter
  JwtAuthenticationFilter
  RequestCacheAwareFilter
  SecurityContextHolderAwareRequestFilter
  AnonymousAuthenticationFilter
  ExceptionTranslationFilter
  AuthorizationFilter
]


************************************************************


13:36:06.955 [http-nio-8888-exec-7] DEBUG o.s.security.web.FilterChainProxy -- Securing GET /api/v1/task
13:36:06.957 [http-nio-8888-exec-7] DEBUG o.s.security.web.FilterChainProxy -- Secured GET /api/v1/task
13:36:06.958 [http-nio-8888-exec-7] DEBUG o.s.web.servlet.DispatcherServlet -- GET "/api/v1/task", parameters={}
13:36:06.958 [http-nio-8888-exec-7] DEBUG o.s.w.s.m.m.a.RequestMappingHandlerMapping -- Mapped to com.example.demo.todo.api.TodoApi#getTasks()
13:36:06.959 [http-nio-8888-exec-7] DEBUG o.s.w.s.m.m.a.RequestResponseBodyMethodProcessor -- Using 'application/json', given [*/*] and supported [application/json, application/*+json]
13:36:06.962 [http-nio-8888-exec-7] DEBUG o.s.w.s.m.m.a.RequestResponseBodyMethodProcessor -- Writing [com.example.demo.util.AjaxResponse@7c47367c]
13:36:06.967 [http-nio-8888-exec-7] DEBUG o.s.s.w.a.AnonymousAuthenticationFilter -- Set SecurityContextHolder to anonymous SecurityContext
13:36:06.967 [http-nio-8888-exec-7] DEBUG o.s.web.servlet.DispatcherServlet -- Completed 200 OK
13:42:32.909 [http-nio-8888-exec-1] INFO  Spring Security Debugger -- 

************************************************************

Request received for GET '/api/v1/task':

org.apache.catalina.connector.RequestFacade@77a9c043

servletPath:/api/v1/task
pathInfo:null
headers: 
host: localhost:8888
connection: keep-alive
sec-ch-ua-platform: "macOS"
user-agent: Mozilla/5.0 (Macintosh; Intel Mac OS X 10_15_7) AppleWebKit/537.36 (KHTML, like Gecko) Chrome/147.0.0.0 Safari/537.36
sec-ch-ua: "Google Chrome";v="147", "Not.A/Brand";v="8", "Chromium";v="147"
sec-ch-ua-mobile: ?0
accept: */*
origin: http://localhost:3000
sec-fetch-site: same-site
sec-fetch-mode: cors
sec-fetch-dest: empty
referer: http://localhost:3000/
accept-encoding: gzip, deflate, br, zstd
accept-language: ko-KR,ko;q=0.9,en-US;q=0.8,en;q=0.7


Security filter chain: [
  DisableEncodeUrlFilter
  WebAsyncManagerIntegrationFilter
  SecurityContextHolderFilter
  HeaderWriterFilter
  CorsFilter
  CsrfFilter
  LogoutFilter
  JwtAuthenticationFilter
  RequestCacheAwareFilter
  SecurityContextHolderAwareRequestFilter
  AnonymousAuthenticationFilter
  ExceptionTranslationFilter
  AuthorizationFilter
]


************************************************************


13:42:32.922 [http-nio-8888-exec-1] DEBUG o.s.security.web.FilterChainProxy -- Securing GET /api/v1/task
13:42:32.925 [http-nio-8888-exec-1] DEBUG o.s.security.web.FilterChainProxy -- Secured GET /api/v1/task
13:42:32.925 [http-nio-8888-exec-1] DEBUG o.s.web.servlet.DispatcherServlet -- GET "/api/v1/task", parameters={}
13:42:32.926 [http-nio-8888-exec-1] DEBUG o.s.w.s.m.m.a.RequestMappingHandlerMapping -- Mapped to com.example.demo.todo.api.TodoApi#getTasks()
13:42:32.930 [http-nio-8888-exec-1] DEBUG o.s.w.s.m.m.a.RequestResponseBodyMethodProcessor -- Using 'application/json', given [*/*] and supported [application/json, application/*+json]
13:42:32.931 [http-nio-8888-exec-1] DEBUG o.s.w.s.m.m.a.RequestResponseBodyMethodProcessor -- Writing [com.example.demo.util.AjaxResponse@12b33441]
13:42:32.934 [http-nio-8888-exec-1] DEBUG o.s.s.w.a.AnonymousAuthenticationFilter -- Set SecurityContextHolder to anonymous SecurityContext
13:42:32.935 [http-nio-8888-exec-1] DEBUG o.s.web.servlet.DispatcherServlet -- Completed 200 OK
13:43:05.353 [http-nio-8888-exec-10] INFO  Spring Security Debugger -- 

************************************************************

Request received for GET '/api/v1/task':

org.apache.catalina.connector.RequestFacade@24cd71c8

servletPath:/api/v1/task
pathInfo:null
headers: 
host: localhost:8888
connection: keep-alive
sec-ch-ua-platform: "macOS"
user-agent: Mozilla/5.0 (Macintosh; Intel Mac OS X 10_15_7) AppleWebKit/537.36 (KHTML, like Gecko) Chrome/147.0.0.0 Safari/537.36
sec-ch-ua: "Google Chrome";v="147", "Not.A/Brand";v="8", "Chromium";v="147"
sec-ch-ua-mobile: ?0
accept: */*
origin: http://localhost:3000
sec-fetch-site: same-site
sec-fetch-mode: cors
sec-fetch-dest: empty
referer: http://localhost:3000/
accept-encoding: gzip, deflate, br, zstd
accept-language: ko-KR,ko;q=0.9,en-US;q=0.8,en;q=0.7


Security filter chain: [
  DisableEncodeUrlFilter
  WebAsyncManagerIntegrationFilter
  SecurityContextHolderFilter
  HeaderWriterFilter
  CorsFilter
  CsrfFilter
  LogoutFilter
  JwtAuthenticationFilter
  RequestCacheAwareFilter
  SecurityContextHolderAwareRequestFilter
  AnonymousAuthenticationFilter
  ExceptionTranslationFilter
  AuthorizationFilter
]


************************************************************


13:43:05.369 [http-nio-8888-exec-10] DEBUG o.s.security.web.FilterChainProxy -- Securing GET /api/v1/task
13:43:05.373 [http-nio-8888-exec-10] DEBUG o.s.security.web.FilterChainProxy -- Secured GET /api/v1/task
13:43:05.373 [http-nio-8888-exec-10] DEBUG o.s.web.servlet.DispatcherServlet -- GET "/api/v1/task", parameters={}
13:43:05.374 [http-nio-8888-exec-10] DEBUG o.s.w.s.m.m.a.RequestMappingHandlerMapping -- Mapped to com.example.demo.todo.api.TodoApi#getTasks()
13:43:05.376 [http-nio-8888-exec-10] DEBUG o.s.w.s.m.m.a.RequestResponseBodyMethodProcessor -- Using 'application/json', given [*/*] and supported [application/json, application/*+json]
13:43:05.377 [http-nio-8888-exec-10] DEBUG o.s.w.s.m.m.a.RequestResponseBodyMethodProcessor -- Writing [com.example.demo.util.AjaxResponse@736ab514]
13:43:05.379 [http-nio-8888-exec-10] DEBUG o.s.s.w.a.AnonymousAuthenticationFilter -- Set SecurityContextHolder to anonymous SecurityContext
13:43:05.380 [http-nio-8888-exec-10] DEBUG o.s.web.servlet.DispatcherServlet -- Completed 200 OK
13:43:05.386 [http-nio-8888-exec-3] INFO  Spring Security Debugger -- 

************************************************************

Request received for GET '/api/v1/task':

org.apache.catalina.connector.RequestFacade@24b17caf

servletPath:/api/v1/task
pathInfo:null
headers: 
host: localhost:8888
connection: keep-alive
sec-ch-ua-platform: "macOS"
user-agent: Mozilla/5.0 (Macintosh; Intel Mac OS X 10_15_7) AppleWebKit/537.36 (KHTML, like Gecko) Chrome/147.0.0.0 Safari/537.36
sec-ch-ua: "Google Chrome";v="147", "Not.A/Brand";v="8", "Chromium";v="147"
sec-ch-ua-mobile: ?0
accept: */*
origin: http://localhost:3000
sec-fetch-site: same-site
sec-fetch-mode: cors
sec-fetch-dest: empty
referer: http://localhost:3000/
accept-encoding: gzip, deflate, br, zstd
accept-language: ko-KR,ko;q=0.9,en-US;q=0.8,en;q=0.7


Security filter chain: [
  DisableEncodeUrlFilter
  WebAsyncManagerIntegrationFilter
  SecurityContextHolderFilter
  HeaderWriterFilter
  CorsFilter
  CsrfFilter
  LogoutFilter
  JwtAuthenticationFilter
  RequestCacheAwareFilter
  SecurityContextHolderAwareRequestFilter
  AnonymousAuthenticationFilter
  ExceptionTranslationFilter
  AuthorizationFilter
]


************************************************************


13:43:05.387 [http-nio-8888-exec-3] DEBUG o.s.security.web.FilterChainProxy -- Securing GET /api/v1/task
13:43:05.388 [http-nio-8888-exec-3] DEBUG o.s.security.web.FilterChainProxy -- Secured GET /api/v1/task
13:43:05.389 [http-nio-8888-exec-3] DEBUG o.s.web.servlet.DispatcherServlet -- GET "/api/v1/task", parameters={}
13:43:05.389 [http-nio-8888-exec-3] DEBUG o.s.w.s.m.m.a.RequestMappingHandlerMapping -- Mapped to com.example.demo.todo.api.TodoApi#getTasks()
13:43:05.390 [http-nio-8888-exec-3] DEBUG o.s.w.s.m.m.a.RequestResponseBodyMethodProcessor -- Using 'application/json', given [*/*] and supported [application/json, application/*+json]
13:43:05.391 [http-nio-8888-exec-3] DEBUG o.s.w.s.m.m.a.RequestResponseBodyMethodProcessor -- Writing [com.example.demo.util.AjaxResponse@17085656]
13:43:05.392 [http-nio-8888-exec-3] DEBUG o.s.s.w.a.AnonymousAuthenticationFilter -- Set SecurityContextHolder to anonymous SecurityContext
13:43:05.392 [http-nio-8888-exec-3] DEBUG o.s.web.servlet.DispatcherServlet -- Completed 200 OK
13:51:04.002 [http-nio-8888-exec-4] INFO  Spring Security Debugger -- 

************************************************************

Request received for GET '/api/v1/task':

org.apache.catalina.connector.RequestFacade@7f3fdb61

servletPath:/api/v1/task
pathInfo:null
headers: 
host: localhost:8888
connection: keep-alive
pragma: no-cache
cache-control: no-cache
sec-ch-ua-platform: "macOS"
user-agent: Mozilla/5.0 (Macintosh; Intel Mac OS X 10_15_7) AppleWebKit/537.36 (KHTML, like Gecko) Chrome/147.0.0.0 Safari/537.36
sec-ch-ua: "Google Chrome";v="147", "Not.A/Brand";v="8", "Chromium";v="147"
sec-ch-ua-mobile: ?0
accept: */*
origin: http://localhost:3000
sec-fetch-site: same-site
sec-fetch-mode: cors
sec-fetch-dest: empty
referer: http://localhost:3000/
accept-encoding: gzip, deflate, br, zstd
accept-language: ko-KR,ko;q=0.9,en-US;q=0.8,en;q=0.7


Security filter chain: [
  DisableEncodeUrlFilter
  WebAsyncManagerIntegrationFilter
  SecurityContextHolderFilter
  HeaderWriterFilter
  CorsFilter
  CsrfFilter
  LogoutFilter
  JwtAuthenticationFilter
  RequestCacheAwareFilter
  SecurityContextHolderAwareRequestFilter
  AnonymousAuthenticationFilter
  ExceptionTranslationFilter
  AuthorizationFilter
]


************************************************************


13:51:04.000 [http-nio-8888-exec-6] INFO  Spring Security Debugger -- 

************************************************************

Request received for GET '/api/v1/task':

org.apache.catalina.connector.RequestFacade@63f6036d

servletPath:/api/v1/task
pathInfo:null
headers: 
host: localhost:8888
connection: keep-alive
pragma: no-cache
cache-control: no-cache
sec-ch-ua-platform: "macOS"
user-agent: Mozilla/5.0 (Macintosh; Intel Mac OS X 10_15_7) AppleWebKit/537.36 (KHTML, like Gecko) Chrome/147.0.0.0 Safari/537.36
sec-ch-ua: "Google Chrome";v="147", "Not.A/Brand";v="8", "Chromium";v="147"
sec-ch-ua-mobile: ?0
accept: */*
origin: http://localhost:3000
sec-fetch-site: same-site
sec-fetch-mode: cors
sec-fetch-dest: empty
referer: http://localhost:3000/
accept-encoding: gzip, deflate, br, zstd
accept-language: ko-KR,ko;q=0.9,en-US;q=0.8,en;q=0.7


Security filter chain: [
  DisableEncodeUrlFilter
  WebAsyncManagerIntegrationFilter
  SecurityContextHolderFilter
  HeaderWriterFilter
  CorsFilter
  CsrfFilter
  LogoutFilter
  JwtAuthenticationFilter
  RequestCacheAwareFilter
  SecurityContextHolderAwareRequestFilter
  AnonymousAuthenticationFilter
  ExceptionTranslationFilter
  AuthorizationFilter
]


************************************************************


13:51:04.026 [http-nio-8888-exec-6] DEBUG o.s.security.web.FilterChainProxy -- Securing GET /api/v1/task
13:51:04.026 [http-nio-8888-exec-4] DEBUG o.s.security.web.FilterChainProxy -- Securing GET /api/v1/task
13:51:04.029 [http-nio-8888-exec-6] DEBUG o.s.security.web.FilterChainProxy -- Secured GET /api/v1/task
13:51:04.029 [http-nio-8888-exec-4] DEBUG o.s.security.web.FilterChainProxy -- Secured GET /api/v1/task
13:51:04.030 [http-nio-8888-exec-4] DEBUG o.s.web.servlet.DispatcherServlet -- GET "/api/v1/task", parameters={}
13:51:04.030 [http-nio-8888-exec-6] DEBUG o.s.web.servlet.DispatcherServlet -- GET "/api/v1/task", parameters={}
13:51:04.031 [http-nio-8888-exec-4] DEBUG o.s.w.s.m.m.a.RequestMappingHandlerMapping -- Mapped to com.example.demo.todo.api.TodoApi#getTasks()
13:51:04.031 [http-nio-8888-exec-6] DEBUG o.s.w.s.m.m.a.RequestMappingHandlerMapping -- Mapped to com.example.demo.todo.api.TodoApi#getTasks()
13:51:04.039 [http-nio-8888-exec-4] DEBUG o.s.w.s.m.m.a.RequestResponseBodyMethodProcessor -- Using 'application/json', given [*/*] and supported [application/json, application/*+json]
13:51:04.039 [http-nio-8888-exec-6] DEBUG o.s.w.s.m.m.a.RequestResponseBodyMethodProcessor -- Using 'application/json', given [*/*] and supported [application/json, application/*+json]
13:51:04.046 [http-nio-8888-exec-6] DEBUG o.s.w.s.m.m.a.RequestResponseBodyMethodProcessor -- Writing [com.example.demo.util.AjaxResponse@29c12024]
13:51:04.046 [http-nio-8888-exec-4] DEBUG o.s.w.s.m.m.a.RequestResponseBodyMethodProcessor -- Writing [com.example.demo.util.AjaxResponse@7b00405e]
13:51:04.052 [http-nio-8888-exec-6] DEBUG o.s.s.w.a.AnonymousAuthenticationFilter -- Set SecurityContextHolder to anonymous SecurityContext
13:51:04.052 [http-nio-8888-exec-4] DEBUG o.s.s.w.a.AnonymousAuthenticationFilter -- Set SecurityContextHolder to anonymous SecurityContext
13:51:04.053 [http-nio-8888-exec-6] DEBUG o.s.web.servlet.DispatcherServlet -- Completed 200 OK
13:51:04.053 [http-nio-8888-exec-4] DEBUG o.s.web.servlet.DispatcherServlet -- Completed 200 OK
13:51:10.947 [http-nio-8888-exec-7] INFO  Spring Security Debugger -- 

************************************************************

Request received for OPTIONS '/api/v1/task':

org.apache.catalina.connector.RequestFacade@20ed32dd

servletPath:/api/v1/task
pathInfo:null
headers: 
host: localhost:8888
connection: keep-alive
accept: */*
access-control-request-method: POST
access-control-request-headers: contenttype
origin: http://localhost:3000
user-agent: Mozilla/5.0 (Macintosh; Intel Mac OS X 10_15_7) AppleWebKit/537.36 (KHTML, like Gecko) Chrome/147.0.0.0 Safari/537.36
sec-fetch-mode: cors
sec-fetch-site: same-site
sec-fetch-dest: empty
referer: http://localhost:3000/
accept-encoding: gzip, deflate, br, zstd
accept-language: ko-KR,ko;q=0.9,en-US;q=0.8,en;q=0.7


Security filter chain: [
  DisableEncodeUrlFilter
  WebAsyncManagerIntegrationFilter
  SecurityContextHolderFilter
  HeaderWriterFilter
  CorsFilter
  CsrfFilter
  LogoutFilter
  JwtAuthenticationFilter
  RequestCacheAwareFilter
  SecurityContextHolderAwareRequestFilter
  AnonymousAuthenticationFilter
  ExceptionTranslationFilter
  AuthorizationFilter
]


************************************************************


13:51:10.948 [http-nio-8888-exec-7] DEBUG o.s.security.web.FilterChainProxy -- Securing OPTIONS /api/v1/task
13:51:10.954 [http-nio-8888-exec-8] INFO  Spring Security Debugger -- 

************************************************************

Request received for POST '/api/v1/task':

org.apache.catalina.connector.RequestFacade@28ac99d8

servletPath:/api/v1/task
pathInfo:null
headers: 
host: localhost:8888
connection: keep-alive
content-length: 67
sec-ch-ua-platform: "macOS"
contenttype: application/json
user-agent: Mozilla/5.0 (Macintosh; Intel Mac OS X 10_15_7) AppleWebKit/537.36 (KHTML, like Gecko) Chrome/147.0.0.0 Safari/537.36
sec-ch-ua: "Google Chrome";v="147", "Not.A/Brand";v="8", "Chromium";v="147"
content-type: text/plain;charset=UTF-8
sec-ch-ua-mobile: ?0
accept: */*
origin: http://localhost:3000
sec-fetch-site: same-site
sec-fetch-mode: cors
sec-fetch-dest: empty
referer: http://localhost:3000/
accept-encoding: gzip, deflate, br, zstd
accept-language: ko-KR,ko;q=0.9,en-US;q=0.8,en;q=0.7


Security filter chain: [
  DisableEncodeUrlFilter
  WebAsyncManagerIntegrationFilter
  SecurityContextHolderFilter
  HeaderWriterFilter
  CorsFilter
  CsrfFilter
  LogoutFilter
  JwtAuthenticationFilter
  RequestCacheAwareFilter
  SecurityContextHolderAwareRequestFilter
  AnonymousAuthenticationFilter
  ExceptionTranslationFilter
  AuthorizationFilter
]


************************************************************


13:51:10.954 [http-nio-8888-exec-8] DEBUG o.s.security.web.FilterChainProxy -- Securing POST /api/v1/task
13:51:10.956 [http-nio-8888-exec-8] DEBUG o.s.security.web.FilterChainProxy -- Secured POST /api/v1/task
13:51:10.956 [http-nio-8888-exec-8] DEBUG o.s.web.servlet.DispatcherServlet -- POST "/api/v1/task", parameters={}
13:51:10.956 [http-nio-8888-exec-8] DEBUG o.s.w.s.m.m.a.RequestMappingHandlerMapping -- Mapped to com.example.demo.todo.api.TodoApi#addTask(TodoVO)
13:51:10.972 [http-nio-8888-exec-8] DEBUG o.s.web.method.HandlerMethod -- Could not resolve parameter [0] in public com.example.demo.util.AjaxResponse com.example.demo.todo.api.TodoApi.addTask(com.example.demo.todo.vo.TodoVO): Content-Type 'text/plain;charset=UTF-8' is not supported
13:51:10.977 [http-nio-8888-exec-8] WARN  o.s.w.s.m.s.DefaultHandlerExceptionResolver -- Resolved [org.springframework.web.HttpMediaTypeNotSupportedException: Content-Type 'text/plain;charset=UTF-8' is not supported]
13:51:10.978 [http-nio-8888-exec-8] DEBUG o.s.web.servlet.DispatcherServlet -- Completed 415 UNSUPPORTED_MEDIA_TYPE
13:51:10.978 [http-nio-8888-exec-8] DEBUG o.s.s.w.a.AnonymousAuthenticationFilter -- Set SecurityContextHolder to anonymous SecurityContext
13:51:10.979 [http-nio-8888-exec-8] INFO  Spring Security Debugger -- 

************************************************************

Request received for POST '/error':

org.apache.catalina.core.ApplicationHttpRequest@5843ecfa

servletPath:/error
pathInfo:null
headers: 
host: localhost:8888
connection: keep-alive
content-length: 67
sec-ch-ua-platform: "macOS"
contenttype: application/json
user-agent: Mozilla/5.0 (Macintosh; Intel Mac OS X 10_15_7) AppleWebKit/537.36 (KHTML, like Gecko) Chrome/147.0.0.0 Safari/537.36
sec-ch-ua: "Google Chrome";v="147", "Not.A/Brand";v="8", "Chromium";v="147"
content-type: text/plain;charset=UTF-8
sec-ch-ua-mobile: ?0
accept: */*
origin: http://localhost:3000
sec-fetch-site: same-site
sec-fetch-mode: cors
sec-fetch-dest: empty
referer: http://localhost:3000/
accept-encoding: gzip, deflate, br, zstd
accept-language: ko-KR,ko;q=0.9,en-US;q=0.8,en;q=0.7


Security filter chain: [] empty (bypassed by security='none') 


************************************************************


13:51:10.979 [http-nio-8888-exec-8] DEBUG o.s.web.servlet.DispatcherServlet -- "ERROR" dispatch for POST "/error", parameters={}
13:51:10.979 [http-nio-8888-exec-8] DEBUG o.s.w.s.m.m.a.RequestMappingHandlerMapping -- Mapped to org.springframework.boot.autoconfigure.web.servlet.error.BasicErrorController#error(HttpServletRequest)
13:51:10.980 [http-nio-8888-exec-8] DEBUG o.s.w.s.m.m.a.HttpEntityMethodProcessor -- Using 'application/json', given [*/*] and supported [application/json, application/*+json]
13:51:10.981 [http-nio-8888-exec-8] DEBUG o.s.w.s.m.m.a.HttpEntityMethodProcessor -- Writing [{timestamp=Wed Apr 29 13:51:10 KST 2026, status=415, error=Unsupported Media Type, path=/api/v1/task (truncated)...]
13:51:10.982 [http-nio-8888-exec-8] DEBUG o.s.web.servlet.DispatcherServlet -- Exiting from "ERROR" dispatch, status 415
13:52:19.582 [http-nio-8888-exec-3] INFO  Spring Security Debugger -- 

************************************************************

Request received for GET '/api/v1/task':

org.apache.catalina.connector.RequestFacade@75c117ed

servletPath:/api/v1/task
pathInfo:null
headers: 
host: localhost:8888
connection: keep-alive
pragma: no-cache
cache-control: no-cache
sec-ch-ua-platform: "macOS"
user-agent: Mozilla/5.0 (Macintosh; Intel Mac OS X 10_15_7) AppleWebKit/537.36 (KHTML, like Gecko) Chrome/147.0.0.0 Safari/537.36
sec-ch-ua: "Google Chrome";v="147", "Not.A/Brand";v="8", "Chromium";v="147"
sec-ch-ua-mobile: ?0
accept: */*
origin: http://localhost:3000
sec-fetch-site: same-site
sec-fetch-mode: cors
sec-fetch-dest: empty
referer: http://localhost:3000/
accept-encoding: gzip, deflate, br, zstd
accept-language: ko-KR,ko;q=0.9,en-US;q=0.8,en;q=0.7


Security filter chain: [
  DisableEncodeUrlFilter
  WebAsyncManagerIntegrationFilter
  SecurityContextHolderFilter
  HeaderWriterFilter
  CorsFilter
  CsrfFilter
  LogoutFilter
  JwtAuthenticationFilter
  RequestCacheAwareFilter
  SecurityContextHolderAwareRequestFilter
  AnonymousAuthenticationFilter
  ExceptionTranslationFilter
  AuthorizationFilter
]


************************************************************


13:52:19.612 [http-nio-8888-exec-3] DEBUG o.s.security.web.FilterChainProxy -- Securing GET /api/v1/task
13:52:19.582 [http-nio-8888-exec-10] INFO  Spring Security Debugger -- 

************************************************************

Request received for GET '/api/v1/task':

org.apache.catalina.connector.RequestFacade@15237769

servletPath:/api/v1/task
pathInfo:null
headers: 
host: localhost:8888
connection: keep-alive
pragma: no-cache
cache-control: no-cache
sec-ch-ua-platform: "macOS"
user-agent: Mozilla/5.0 (Macintosh; Intel Mac OS X 10_15_7) AppleWebKit/537.36 (KHTML, like Gecko) Chrome/147.0.0.0 Safari/537.36
sec-ch-ua: "Google Chrome";v="147", "Not.A/Brand";v="8", "Chromium";v="147"
sec-ch-ua-mobile: ?0
accept: */*
origin: http://localhost:3000
sec-fetch-site: same-site
sec-fetch-mode: cors
sec-fetch-dest: empty
referer: http://localhost:3000/
accept-encoding: gzip, deflate, br, zstd
accept-language: ko-KR,ko;q=0.9,en-US;q=0.8,en;q=0.7


Security filter chain: [
  DisableEncodeUrlFilter
  WebAsyncManagerIntegrationFilter
  SecurityContextHolderFilter
  HeaderWriterFilter
  CorsFilter
  CsrfFilter
  LogoutFilter
  JwtAuthenticationFilter
  RequestCacheAwareFilter
  SecurityContextHolderAwareRequestFilter
  AnonymousAuthenticationFilter
  ExceptionTranslationFilter
  AuthorizationFilter
]


************************************************************


13:52:19.615 [http-nio-8888-exec-10] DEBUG o.s.security.web.FilterChainProxy -- Securing GET /api/v1/task
13:52:19.618 [http-nio-8888-exec-10] DEBUG o.s.security.web.FilterChainProxy -- Secured GET /api/v1/task
13:52:19.618 [http-nio-8888-exec-3] DEBUG o.s.security.web.FilterChainProxy -- Secured GET /api/v1/task
13:52:19.619 [http-nio-8888-exec-3] DEBUG o.s.web.servlet.DispatcherServlet -- GET "/api/v1/task", parameters={}
13:52:19.619 [http-nio-8888-exec-10] DEBUG o.s.web.servlet.DispatcherServlet -- GET "/api/v1/task", parameters={}
13:52:19.620 [http-nio-8888-exec-10] DEBUG o.s.w.s.m.m.a.RequestMappingHandlerMapping -- Mapped to com.example.demo.todo.api.TodoApi#getTasks()
13:52:19.620 [http-nio-8888-exec-3] DEBUG o.s.w.s.m.m.a.RequestMappingHandlerMapping -- Mapped to com.example.demo.todo.api.TodoApi#getTasks()
13:52:19.625 [http-nio-8888-exec-3] DEBUG o.s.w.s.m.m.a.RequestResponseBodyMethodProcessor -- Using 'application/json', given [*/*] and supported [application/json, application/*+json]
13:52:19.625 [http-nio-8888-exec-10] DEBUG o.s.w.s.m.m.a.RequestResponseBodyMethodProcessor -- Using 'application/json', given [*/*] and supported [application/json, application/*+json]
13:52:19.626 [http-nio-8888-exec-10] DEBUG o.s.w.s.m.m.a.RequestResponseBodyMethodProcessor -- Writing [com.example.demo.util.AjaxResponse@b6eed13]
13:52:19.626 [http-nio-8888-exec-3] DEBUG o.s.w.s.m.m.a.RequestResponseBodyMethodProcessor -- Writing [com.example.demo.util.AjaxResponse@7618977a]
13:52:19.629 [http-nio-8888-exec-10] DEBUG o.s.s.w.a.AnonymousAuthenticationFilter -- Set SecurityContextHolder to anonymous SecurityContext
13:52:19.629 [http-nio-8888-exec-3] DEBUG o.s.s.w.a.AnonymousAuthenticationFilter -- Set SecurityContextHolder to anonymous SecurityContext
13:52:19.630 [http-nio-8888-exec-10] DEBUG o.s.web.servlet.DispatcherServlet -- Completed 200 OK
13:52:19.630 [http-nio-8888-exec-3] DEBUG o.s.web.servlet.DispatcherServlet -- Completed 200 OK
13:52:24.070 [http-nio-8888-exec-5] INFO  Spring Security Debugger -- 

************************************************************

Request received for OPTIONS '/api/v1/task':

org.apache.catalina.connector.RequestFacade@b58258d

servletPath:/api/v1/task
pathInfo:null
headers: 
host: localhost:8888
connection: keep-alive
accept: */*
access-control-request-method: POST
access-control-request-headers: contenttype
origin: http://localhost:3000
user-agent: Mozilla/5.0 (Macintosh; Intel Mac OS X 10_15_7) AppleWebKit/537.36 (KHTML, like Gecko) Chrome/147.0.0.0 Safari/537.36
sec-fetch-mode: cors
sec-fetch-site: same-site
sec-fetch-dest: empty
referer: http://localhost:3000/
accept-encoding: gzip, deflate, br, zstd
accept-language: ko-KR,ko;q=0.9,en-US;q=0.8,en;q=0.7


Security filter chain: [
  DisableEncodeUrlFilter
  WebAsyncManagerIntegrationFilter
  SecurityContextHolderFilter
  HeaderWriterFilter
  CorsFilter
  CsrfFilter
  LogoutFilter
  JwtAuthenticationFilter
  RequestCacheAwareFilter
  SecurityContextHolderAwareRequestFilter
  AnonymousAuthenticationFilter
  ExceptionTranslationFilter
  AuthorizationFilter
]


************************************************************


13:52:24.070 [http-nio-8888-exec-5] DEBUG o.s.security.web.FilterChainProxy -- Securing OPTIONS /api/v1/task
13:52:24.074 [http-nio-8888-exec-2] INFO  Spring Security Debugger -- 

************************************************************

Request received for POST '/api/v1/task':

org.apache.catalina.connector.RequestFacade@4587ed77

servletPath:/api/v1/task
pathInfo:null
headers: 
host: localhost:8888
connection: keep-alive
content-length: 67
sec-ch-ua-platform: "macOS"
contenttype: application/json
user-agent: Mozilla/5.0 (Macintosh; Intel Mac OS X 10_15_7) AppleWebKit/537.36 (KHTML, like Gecko) Chrome/147.0.0.0 Safari/537.36
sec-ch-ua: "Google Chrome";v="147", "Not.A/Brand";v="8", "Chromium";v="147"
content-type: text/plain;charset=UTF-8
sec-ch-ua-mobile: ?0
accept: */*
origin: http://localhost:3000
sec-fetch-site: same-site
sec-fetch-mode: cors
sec-fetch-dest: empty
referer: http://localhost:3000/
accept-encoding: gzip, deflate, br, zstd
accept-language: ko-KR,ko;q=0.9,en-US;q=0.8,en;q=0.7


Security filter chain: [
  DisableEncodeUrlFilter
  WebAsyncManagerIntegrationFilter
  SecurityContextHolderFilter
  HeaderWriterFilter
  CorsFilter
  CsrfFilter
  LogoutFilter
  JwtAuthenticationFilter
  RequestCacheAwareFilter
  SecurityContextHolderAwareRequestFilter
  AnonymousAuthenticationFilter
  ExceptionTranslationFilter
  AuthorizationFilter
]


************************************************************


13:52:24.075 [http-nio-8888-exec-2] DEBUG o.s.security.web.FilterChainProxy -- Securing POST /api/v1/task
13:52:24.075 [http-nio-8888-exec-2] DEBUG o.s.security.web.FilterChainProxy -- Secured POST /api/v1/task
13:52:24.076 [http-nio-8888-exec-2] DEBUG o.s.web.servlet.DispatcherServlet -- POST "/api/v1/task", parameters={}
13:52:24.076 [http-nio-8888-exec-2] DEBUG o.s.w.s.m.m.a.RequestMappingHandlerMapping -- Mapped to com.example.demo.todo.api.TodoApi#addTask(TodoVO)
13:52:24.077 [http-nio-8888-exec-2] DEBUG o.s.web.method.HandlerMethod -- Could not resolve parameter [0] in public com.example.demo.util.AjaxResponse com.example.demo.todo.api.TodoApi.addTask(com.example.demo.todo.vo.TodoVO): Content-Type 'text/plain;charset=UTF-8' is not supported
13:52:24.078 [http-nio-8888-exec-2] WARN  o.s.w.s.m.s.DefaultHandlerExceptionResolver -- Resolved [org.springframework.web.HttpMediaTypeNotSupportedException: Content-Type 'text/plain;charset=UTF-8' is not supported]
13:52:24.078 [http-nio-8888-exec-2] DEBUG o.s.web.servlet.DispatcherServlet -- Completed 415 UNSUPPORTED_MEDIA_TYPE
13:52:24.079 [http-nio-8888-exec-2] DEBUG o.s.s.w.a.AnonymousAuthenticationFilter -- Set SecurityContextHolder to anonymous SecurityContext
13:52:24.080 [http-nio-8888-exec-2] INFO  Spring Security Debugger -- 

************************************************************

Request received for POST '/error':

org.apache.catalina.core.ApplicationHttpRequest@62345275

servletPath:/error
pathInfo:null
headers: 
host: localhost:8888
connection: keep-alive
content-length: 67
sec-ch-ua-platform: "macOS"
contenttype: application/json
user-agent: Mozilla/5.0 (Macintosh; Intel Mac OS X 10_15_7) AppleWebKit/537.36 (KHTML, like Gecko) Chrome/147.0.0.0 Safari/537.36
sec-ch-ua: "Google Chrome";v="147", "Not.A/Brand";v="8", "Chromium";v="147"
content-type: text/plain;charset=UTF-8
sec-ch-ua-mobile: ?0
accept: */*
origin: http://localhost:3000
sec-fetch-site: same-site
sec-fetch-mode: cors
sec-fetch-dest: empty
referer: http://localhost:3000/
accept-encoding: gzip, deflate, br, zstd
accept-language: ko-KR,ko;q=0.9,en-US;q=0.8,en;q=0.7


Security filter chain: [] empty (bypassed by security='none') 


************************************************************


13:52:24.081 [http-nio-8888-exec-2] DEBUG o.s.web.servlet.DispatcherServlet -- "ERROR" dispatch for POST "/error", parameters={}
13:52:24.081 [http-nio-8888-exec-2] DEBUG o.s.w.s.m.m.a.RequestMappingHandlerMapping -- Mapped to org.springframework.boot.autoconfigure.web.servlet.error.BasicErrorController#error(HttpServletRequest)
13:52:24.082 [http-nio-8888-exec-2] DEBUG o.s.w.s.m.m.a.HttpEntityMethodProcessor -- Using 'application/json', given [*/*] and supported [application/json, application/*+json]
13:52:24.082 [http-nio-8888-exec-2] DEBUG o.s.w.s.m.m.a.HttpEntityMethodProcessor -- Writing [{timestamp=Wed Apr 29 13:52:24 KST 2026, status=415, error=Unsupported Media Type, path=/api/v1/task (truncated)...]
13:52:24.083 [http-nio-8888-exec-2] DEBUG o.s.web.servlet.DispatcherServlet -- Exiting from "ERROR" dispatch, status 415
13:54:05.989 [http-nio-8888-exec-7] INFO  Spring Security Debugger -- 

************************************************************

Request received for GET '/api/v1/task':

org.apache.catalina.connector.RequestFacade@536b1765

servletPath:/api/v1/task
pathInfo:null
headers: 
host: localhost:8888
connection: keep-alive
pragma: no-cache
cache-control: no-cache
sec-ch-ua-platform: "macOS"
user-agent: Mozilla/5.0 (Macintosh; Intel Mac OS X 10_15_7) AppleWebKit/537.36 (KHTML, like Gecko) Chrome/147.0.0.0 Safari/537.36
sec-ch-ua: "Google Chrome";v="147", "Not.A/Brand";v="8", "Chromium";v="147"
sec-ch-ua-mobile: ?0
accept: */*
origin: http://localhost:3000
sec-fetch-site: same-site
sec-fetch-mode: cors
sec-fetch-dest: empty
referer: http://localhost:3000/
accept-encoding: gzip, deflate, br, zstd
accept-language: ko-KR,ko;q=0.9,en-US;q=0.8,en;q=0.7


Security filter chain: [
  DisableEncodeUrlFilter
  WebAsyncManagerIntegrationFilter
  SecurityContextHolderFilter
  HeaderWriterFilter
  CorsFilter
  CsrfFilter
  LogoutFilter
  JwtAuthenticationFilter
  RequestCacheAwareFilter
  SecurityContextHolderAwareRequestFilter
  AnonymousAuthenticationFilter
  ExceptionTranslationFilter
  AuthorizationFilter
]


************************************************************


13:54:05.989 [http-nio-8888-exec-8] INFO  Spring Security Debugger -- 

************************************************************

Request received for GET '/api/v1/task':

org.apache.catalina.connector.RequestFacade@695e7f74

servletPath:/api/v1/task
pathInfo:null
headers: 
host: localhost:8888
connection: keep-alive
pragma: no-cache
cache-control: no-cache
sec-ch-ua-platform: "macOS"
user-agent: Mozilla/5.0 (Macintosh; Intel Mac OS X 10_15_7) AppleWebKit/537.36 (KHTML, like Gecko) Chrome/147.0.0.0 Safari/537.36
sec-ch-ua: "Google Chrome";v="147", "Not.A/Brand";v="8", "Chromium";v="147"
sec-ch-ua-mobile: ?0
accept: */*
origin: http://localhost:3000
sec-fetch-site: same-site
sec-fetch-mode: cors
sec-fetch-dest: empty
referer: http://localhost:3000/
accept-encoding: gzip, deflate, br, zstd
accept-language: ko-KR,ko;q=0.9,en-US;q=0.8,en;q=0.7


Security filter chain: [
  DisableEncodeUrlFilter
  WebAsyncManagerIntegrationFilter
  SecurityContextHolderFilter
  HeaderWriterFilter
  CorsFilter
  CsrfFilter
  LogoutFilter
  JwtAuthenticationFilter
  RequestCacheAwareFilter
  SecurityContextHolderAwareRequestFilter
  AnonymousAuthenticationFilter
  ExceptionTranslationFilter
  AuthorizationFilter
]


************************************************************


13:54:06.014 [http-nio-8888-exec-7] DEBUG o.s.security.web.FilterChainProxy -- Securing GET /api/v1/task
13:54:06.014 [http-nio-8888-exec-8] DEBUG o.s.security.web.FilterChainProxy -- Securing GET /api/v1/task
13:54:06.019 [http-nio-8888-exec-7] DEBUG o.s.security.web.FilterChainProxy -- Secured GET /api/v1/task
13:54:06.020 [http-nio-8888-exec-7] DEBUG o.s.web.servlet.DispatcherServlet -- GET "/api/v1/task", parameters={}
13:54:06.019 [http-nio-8888-exec-8] DEBUG o.s.security.web.FilterChainProxy -- Secured GET /api/v1/task
13:54:06.020 [http-nio-8888-exec-7] DEBUG o.s.w.s.m.m.a.RequestMappingHandlerMapping -- Mapped to com.example.demo.todo.api.TodoApi#getTasks()
13:54:06.020 [http-nio-8888-exec-8] DEBUG o.s.web.servlet.DispatcherServlet -- GET "/api/v1/task", parameters={}
13:54:06.021 [http-nio-8888-exec-8] DEBUG o.s.w.s.m.m.a.RequestMappingHandlerMapping -- Mapped to com.example.demo.todo.api.TodoApi#getTasks()
13:54:06.026 [http-nio-8888-exec-8] DEBUG o.s.w.s.m.m.a.RequestResponseBodyMethodProcessor -- Using 'application/json', given [*/*] and supported [application/json, application/*+json]
13:54:06.026 [http-nio-8888-exec-7] DEBUG o.s.w.s.m.m.a.RequestResponseBodyMethodProcessor -- Using 'application/json', given [*/*] and supported [application/json, application/*+json]
13:54:06.076 [http-nio-8888-exec-8] DEBUG o.s.w.s.m.m.a.RequestResponseBodyMethodProcessor -- Writing [com.example.demo.util.AjaxResponse@5449bae8]
13:54:06.076 [http-nio-8888-exec-7] DEBUG o.s.w.s.m.m.a.RequestResponseBodyMethodProcessor -- Writing [com.example.demo.util.AjaxResponse@778a34cd]
13:54:06.079 [http-nio-8888-exec-7] DEBUG o.s.s.w.a.AnonymousAuthenticationFilter -- Set SecurityContextHolder to anonymous SecurityContext
13:54:06.079 [http-nio-8888-exec-8] DEBUG o.s.s.w.a.AnonymousAuthenticationFilter -- Set SecurityContextHolder to anonymous SecurityContext
13:54:06.080 [http-nio-8888-exec-7] DEBUG o.s.web.servlet.DispatcherServlet -- Completed 200 OK
13:54:06.080 [http-nio-8888-exec-8] DEBUG o.s.web.servlet.DispatcherServlet -- Completed 200 OK
13:54:13.983 [http-nio-8888-exec-9] INFO  Spring Security Debugger -- 

************************************************************

Request received for OPTIONS '/api/v1/task':

org.apache.catalina.connector.RequestFacade@5336336d

servletPath:/api/v1/task
pathInfo:null
headers: 
host: localhost:8888
connection: keep-alive
accept: */*
access-control-request-method: POST
access-control-request-headers: contenttype
origin: http://localhost:3000
user-agent: Mozilla/5.0 (Macintosh; Intel Mac OS X 10_15_7) AppleWebKit/537.36 (KHTML, like Gecko) Chrome/147.0.0.0 Safari/537.36
sec-fetch-mode: cors
sec-fetch-site: same-site
sec-fetch-dest: empty
referer: http://localhost:3000/
accept-encoding: gzip, deflate, br, zstd
accept-language: ko-KR,ko;q=0.9,en-US;q=0.8,en;q=0.7


Security filter chain: [
  DisableEncodeUrlFilter
  WebAsyncManagerIntegrationFilter
  SecurityContextHolderFilter
  HeaderWriterFilter
  CorsFilter
  CsrfFilter
  LogoutFilter
  JwtAuthenticationFilter
  RequestCacheAwareFilter
  SecurityContextHolderAwareRequestFilter
  AnonymousAuthenticationFilter
  ExceptionTranslationFilter
  AuthorizationFilter
]


************************************************************


13:54:13.983 [http-nio-8888-exec-9] DEBUG o.s.security.web.FilterChainProxy -- Securing OPTIONS /api/v1/task
13:54:13.987 [http-nio-8888-exec-1] INFO  Spring Security Debugger -- 

************************************************************

Request received for POST '/api/v1/task':

org.apache.catalina.connector.RequestFacade@230c0410

servletPath:/api/v1/task
pathInfo:null
headers: 
host: localhost:8888
connection: keep-alive
content-length: 67
sec-ch-ua-platform: "macOS"
contenttype: application/json
user-agent: Mozilla/5.0 (Macintosh; Intel Mac OS X 10_15_7) AppleWebKit/537.36 (KHTML, like Gecko) Chrome/147.0.0.0 Safari/537.36
sec-ch-ua: "Google Chrome";v="147", "Not.A/Brand";v="8", "Chromium";v="147"
content-type: text/plain;charset=UTF-8
sec-ch-ua-mobile: ?0
accept: */*
origin: http://localhost:3000
sec-fetch-site: same-site
sec-fetch-mode: cors
sec-fetch-dest: empty
referer: http://localhost:3000/
accept-encoding: gzip, deflate, br, zstd
accept-language: ko-KR,ko;q=0.9,en-US;q=0.8,en;q=0.7


Security filter chain: [
  DisableEncodeUrlFilter
  WebAsyncManagerIntegrationFilter
  SecurityContextHolderFilter
  HeaderWriterFilter
  CorsFilter
  CsrfFilter
  LogoutFilter
  JwtAuthenticationFilter
  RequestCacheAwareFilter
  SecurityContextHolderAwareRequestFilter
  AnonymousAuthenticationFilter
  ExceptionTranslationFilter
  AuthorizationFilter
]


************************************************************


13:54:13.988 [http-nio-8888-exec-1] DEBUG o.s.security.web.FilterChainProxy -- Securing POST /api/v1/task
13:54:13.989 [http-nio-8888-exec-1] DEBUG o.s.security.web.FilterChainProxy -- Secured POST /api/v1/task
13:54:13.989 [http-nio-8888-exec-1] DEBUG o.s.web.servlet.DispatcherServlet -- POST "/api/v1/task", parameters={}
13:54:13.990 [http-nio-8888-exec-1] DEBUG o.s.w.s.m.m.a.RequestMappingHandlerMapping -- Mapped to com.example.demo.todo.api.TodoApi#addTask(TodoVO)
13:54:13.991 [http-nio-8888-exec-1] DEBUG o.s.web.method.HandlerMethod -- Could not resolve parameter [0] in public com.example.demo.util.AjaxResponse com.example.demo.todo.api.TodoApi.addTask(com.example.demo.todo.vo.TodoVO): Content-Type 'text/plain;charset=UTF-8' is not supported
13:54:13.991 [http-nio-8888-exec-1] WARN  o.s.w.s.m.s.DefaultHandlerExceptionResolver -- Resolved [org.springframework.web.HttpMediaTypeNotSupportedException: Content-Type 'text/plain;charset=UTF-8' is not supported]
13:54:13.992 [http-nio-8888-exec-1] DEBUG o.s.web.servlet.DispatcherServlet -- Completed 415 UNSUPPORTED_MEDIA_TYPE
13:54:13.992 [http-nio-8888-exec-1] DEBUG o.s.s.w.a.AnonymousAuthenticationFilter -- Set SecurityContextHolder to anonymous SecurityContext
13:54:13.993 [http-nio-8888-exec-1] INFO  Spring Security Debugger -- 

************************************************************

Request received for POST '/error':

org.apache.catalina.core.ApplicationHttpRequest@3428a00c

servletPath:/error
pathInfo:null
headers: 
host: localhost:8888
connection: keep-alive
content-length: 67
sec-ch-ua-platform: "macOS"
contenttype: application/json
user-agent: Mozilla/5.0 (Macintosh; Intel Mac OS X 10_15_7) AppleWebKit/537.36 (KHTML, like Gecko) Chrome/147.0.0.0 Safari/537.36
sec-ch-ua: "Google Chrome";v="147", "Not.A/Brand";v="8", "Chromium";v="147"
content-type: text/plain;charset=UTF-8
sec-ch-ua-mobile: ?0
accept: */*
origin: http://localhost:3000
sec-fetch-site: same-site
sec-fetch-mode: cors
sec-fetch-dest: empty
referer: http://localhost:3000/
accept-encoding: gzip, deflate, br, zstd
accept-language: ko-KR,ko;q=0.9,en-US;q=0.8,en;q=0.7


Security filter chain: [] empty (bypassed by security='none') 


************************************************************


13:54:13.994 [http-nio-8888-exec-1] DEBUG o.s.web.servlet.DispatcherServlet -- "ERROR" dispatch for POST "/error", parameters={}
13:54:13.995 [http-nio-8888-exec-1] DEBUG o.s.w.s.m.m.a.RequestMappingHandlerMapping -- Mapped to org.springframework.boot.autoconfigure.web.servlet.error.BasicErrorController#error(HttpServletRequest)
13:54:13.996 [http-nio-8888-exec-1] DEBUG o.s.w.s.m.m.a.HttpEntityMethodProcessor -- Using 'application/json', given [*/*] and supported [application/json, application/*+json]
13:54:13.997 [http-nio-8888-exec-1] DEBUG o.s.w.s.m.m.a.HttpEntityMethodProcessor -- Writing [{timestamp=Wed Apr 29 13:54:13 KST 2026, status=415, error=Unsupported Media Type, path=/api/v1/task (truncated)...]
13:54:13.998 [http-nio-8888-exec-1] DEBUG o.s.web.servlet.DispatcherServlet -- Exiting from "ERROR" dispatch, status 415
13:54:44.942 [http-nio-8888-exec-10] INFO  Spring Security Debugger -- 

************************************************************

Request received for GET '/api/v1/task':

org.apache.catalina.connector.RequestFacade@44e28e87

servletPath:/api/v1/task
pathInfo:null
headers: 
host: localhost:8888
connection: keep-alive
pragma: no-cache
cache-control: no-cache
sec-ch-ua-platform: "macOS"
user-agent: Mozilla/5.0 (Macintosh; Intel Mac OS X 10_15_7) AppleWebKit/537.36 (KHTML, like Gecko) Chrome/147.0.0.0 Safari/537.36
sec-ch-ua: "Google Chrome";v="147", "Not.A/Brand";v="8", "Chromium";v="147"
sec-ch-ua-mobile: ?0
accept: */*
origin: http://localhost:3000
sec-fetch-site: same-site
sec-fetch-mode: cors
sec-fetch-dest: empty
referer: http://localhost:3000/
accept-encoding: gzip, deflate, br, zstd
accept-language: ko-KR,ko;q=0.9,en-US;q=0.8,en;q=0.7


Security filter chain: [
  DisableEncodeUrlFilter
  WebAsyncManagerIntegrationFilter
  SecurityContextHolderFilter
  HeaderWriterFilter
  CorsFilter
  CsrfFilter
  LogoutFilter
  JwtAuthenticationFilter
  RequestCacheAwareFilter
  SecurityContextHolderAwareRequestFilter
  AnonymousAuthenticationFilter
  ExceptionTranslationFilter
  AuthorizationFilter
]


************************************************************


13:54:44.942 [http-nio-8888-exec-3] INFO  Spring Security Debugger -- 

************************************************************

Request received for GET '/api/v1/task':

org.apache.catalina.connector.RequestFacade@5963c912

servletPath:/api/v1/task
pathInfo:null
headers: 
host: localhost:8888
connection: keep-alive
pragma: no-cache
cache-control: no-cache
sec-ch-ua-platform: "macOS"
user-agent: Mozilla/5.0 (Macintosh; Intel Mac OS X 10_15_7) AppleWebKit/537.36 (KHTML, like Gecko) Chrome/147.0.0.0 Safari/537.36
sec-ch-ua: "Google Chrome";v="147", "Not.A/Brand";v="8", "Chromium";v="147"
sec-ch-ua-mobile: ?0
accept: */*
origin: http://localhost:3000
sec-fetch-site: same-site
sec-fetch-mode: cors
sec-fetch-dest: empty
referer: http://localhost:3000/
accept-encoding: gzip, deflate, br, zstd
accept-language: ko-KR,ko;q=0.9,en-US;q=0.8,en;q=0.7


Security filter chain: [
  DisableEncodeUrlFilter
  WebAsyncManagerIntegrationFilter
  SecurityContextHolderFilter
  HeaderWriterFilter
  CorsFilter
  CsrfFilter
  LogoutFilter
  JwtAuthenticationFilter
  RequestCacheAwareFilter
  SecurityContextHolderAwareRequestFilter
  AnonymousAuthenticationFilter
  ExceptionTranslationFilter
  AuthorizationFilter
]


************************************************************


13:54:44.949 [http-nio-8888-exec-3] DEBUG o.s.security.web.FilterChainProxy -- Securing GET /api/v1/task
13:54:44.949 [http-nio-8888-exec-10] DEBUG o.s.security.web.FilterChainProxy -- Securing GET /api/v1/task
13:54:44.951 [http-nio-8888-exec-3] DEBUG o.s.security.web.FilterChainProxy -- Secured GET /api/v1/task
13:54:44.951 [http-nio-8888-exec-10] DEBUG o.s.security.web.FilterChainProxy -- Secured GET /api/v1/task
13:54:44.953 [http-nio-8888-exec-10] DEBUG o.s.web.servlet.DispatcherServlet -- GET "/api/v1/task", parameters={}
13:54:44.953 [http-nio-8888-exec-3] DEBUG o.s.web.servlet.DispatcherServlet -- GET "/api/v1/task", parameters={}
13:54:44.955 [http-nio-8888-exec-3] DEBUG o.s.w.s.m.m.a.RequestMappingHandlerMapping -- Mapped to com.example.demo.todo.api.TodoApi#getTasks()
13:54:44.955 [http-nio-8888-exec-10] DEBUG o.s.w.s.m.m.a.RequestMappingHandlerMapping -- Mapped to com.example.demo.todo.api.TodoApi#getTasks()
13:54:44.958 [http-nio-8888-exec-3] DEBUG o.s.w.s.m.m.a.RequestResponseBodyMethodProcessor -- Using 'application/json', given [*/*] and supported [application/json, application/*+json]
13:54:44.958 [http-nio-8888-exec-10] DEBUG o.s.w.s.m.m.a.RequestResponseBodyMethodProcessor -- Using 'application/json', given [*/*] and supported [application/json, application/*+json]
13:54:44.959 [http-nio-8888-exec-3] DEBUG o.s.w.s.m.m.a.RequestResponseBodyMethodProcessor -- Writing [com.example.demo.util.AjaxResponse@c0c9e8e]
13:54:44.959 [http-nio-8888-exec-10] DEBUG o.s.w.s.m.m.a.RequestResponseBodyMethodProcessor -- Writing [com.example.demo.util.AjaxResponse@6206511a]
13:54:44.963 [http-nio-8888-exec-3] DEBUG o.s.s.w.a.AnonymousAuthenticationFilter -- Set SecurityContextHolder to anonymous SecurityContext
13:54:44.963 [http-nio-8888-exec-10] DEBUG o.s.s.w.a.AnonymousAuthenticationFilter -- Set SecurityContextHolder to anonymous SecurityContext
13:54:44.965 [http-nio-8888-exec-3] DEBUG o.s.web.servlet.DispatcherServlet -- Completed 200 OK
13:54:44.965 [http-nio-8888-exec-10] DEBUG o.s.web.servlet.DispatcherServlet -- Completed 200 OK
13:54:52.236 [http-nio-8888-exec-5] INFO  Spring Security Debugger -- 

************************************************************

Request received for OPTIONS '/api/v1/task':

org.apache.catalina.connector.RequestFacade@596215fd

servletPath:/api/v1/task
pathInfo:null
headers: 
host: localhost:8888
connection: keep-alive
accept: */*
access-control-request-method: POST
access-control-request-headers: content-type
origin: http://localhost:3000
user-agent: Mozilla/5.0 (Macintosh; Intel Mac OS X 10_15_7) AppleWebKit/537.36 (KHTML, like Gecko) Chrome/147.0.0.0 Safari/537.36
sec-fetch-mode: cors
sec-fetch-site: same-site
sec-fetch-dest: empty
referer: http://localhost:3000/
accept-encoding: gzip, deflate, br, zstd
accept-language: ko-KR,ko;q=0.9,en-US;q=0.8,en;q=0.7


Security filter chain: [
  DisableEncodeUrlFilter
  WebAsyncManagerIntegrationFilter
  SecurityContextHolderFilter
  HeaderWriterFilter
  CorsFilter
  CsrfFilter
  LogoutFilter
  JwtAuthenticationFilter
  RequestCacheAwareFilter
  SecurityContextHolderAwareRequestFilter
  AnonymousAuthenticationFilter
  ExceptionTranslationFilter
  AuthorizationFilter
]


************************************************************


13:54:52.236 [http-nio-8888-exec-5] DEBUG o.s.security.web.FilterChainProxy -- Securing OPTIONS /api/v1/task
13:54:52.240 [http-nio-8888-exec-2] INFO  Spring Security Debugger -- 

************************************************************

Request received for POST '/api/v1/task':

org.apache.catalina.connector.RequestFacade@3b2620ca

servletPath:/api/v1/task
pathInfo:null
headers: 
host: localhost:8888
connection: keep-alive
content-length: 67
sec-ch-ua-platform: "macOS"
user-agent: Mozilla/5.0 (Macintosh; Intel Mac OS X 10_15_7) AppleWebKit/537.36 (KHTML, like Gecko) Chrome/147.0.0.0 Safari/537.36
sec-ch-ua: "Google Chrome";v="147", "Not.A/Brand";v="8", "Chromium";v="147"
content-type: application/json
sec-ch-ua-mobile: ?0
accept: */*
origin: http://localhost:3000
sec-fetch-site: same-site
sec-fetch-mode: cors
sec-fetch-dest: empty
referer: http://localhost:3000/
accept-encoding: gzip, deflate, br, zstd
accept-language: ko-KR,ko;q=0.9,en-US;q=0.8,en;q=0.7


Security filter chain: [
  DisableEncodeUrlFilter
  WebAsyncManagerIntegrationFilter
  SecurityContextHolderFilter
  HeaderWriterFilter
  CorsFilter
  CsrfFilter
  LogoutFilter
  JwtAuthenticationFilter
  RequestCacheAwareFilter
  SecurityContextHolderAwareRequestFilter
  AnonymousAuthenticationFilter
  ExceptionTranslationFilter
  AuthorizationFilter
]


************************************************************


13:54:52.240 [http-nio-8888-exec-2] DEBUG o.s.security.web.FilterChainProxy -- Securing POST /api/v1/task
13:54:52.242 [http-nio-8888-exec-2] DEBUG o.s.security.web.FilterChainProxy -- Secured POST /api/v1/task
13:54:52.242 [http-nio-8888-exec-2] DEBUG o.s.web.servlet.DispatcherServlet -- POST "/api/v1/task", parameters={}
13:54:52.242 [http-nio-8888-exec-2] DEBUG o.s.w.s.m.m.a.RequestMappingHandlerMapping -- Mapped to com.example.demo.todo.api.TodoApi#addTask(TodoVO)
13:54:52.359 [http-nio-8888-exec-2] DEBUG o.s.w.s.m.m.a.RequestResponseBodyMethodProcessor -- Read "application/json;charset=UTF-8" to [{"task":"asd","dueDate":"2026-04-29","priority":"1","isDone":false}]
13:54:52.372 [http-nio-8888-exec-2] DEBUG o.s.w.s.m.m.a.RequestResponseBodyMethodProcessor -- Using 'application/json', given [*/*] and supported [application/json, application/*+json]
13:54:52.372 [http-nio-8888-exec-2] DEBUG o.s.w.s.m.m.a.RequestResponseBodyMethodProcessor -- Writing [com.example.demo.util.AjaxResponse@62d00a19]
13:54:52.373 [http-nio-8888-exec-2] DEBUG o.s.s.w.a.AnonymousAuthenticationFilter -- Set SecurityContextHolder to anonymous SecurityContext
13:54:52.373 [http-nio-8888-exec-2] DEBUG o.s.web.servlet.DispatcherServlet -- Completed 200 OK
13:56:09.042 [http-nio-8888-exec-7] INFO  Spring Security Debugger -- 

************************************************************

Request received for GET '/api/v1/task':

org.apache.catalina.connector.RequestFacade@523bc8ae

servletPath:/api/v1/task
pathInfo:null
headers: 
host: localhost:8888
connection: keep-alive
pragma: no-cache
cache-control: no-cache
sec-ch-ua-platform: "macOS"
user-agent: Mozilla/5.0 (Macintosh; Intel Mac OS X 10_15_7) AppleWebKit/537.36 (KHTML, like Gecko) Chrome/147.0.0.0 Safari/537.36
sec-ch-ua: "Google Chrome";v="147", "Not.A/Brand";v="8", "Chromium";v="147"
sec-ch-ua-mobile: ?0
accept: */*
origin: http://localhost:3000
sec-fetch-site: same-site
sec-fetch-mode: cors
sec-fetch-dest: empty
referer: http://localhost:3000/
accept-encoding: gzip, deflate, br, zstd
accept-language: ko-KR,ko;q=0.9,en-US;q=0.8,en;q=0.7


Security filter chain: [
  DisableEncodeUrlFilter
  WebAsyncManagerIntegrationFilter
  SecurityContextHolderFilter
  HeaderWriterFilter
  CorsFilter
  CsrfFilter
  LogoutFilter
  JwtAuthenticationFilter
  RequestCacheAwareFilter
  SecurityContextHolderAwareRequestFilter
  AnonymousAuthenticationFilter
  ExceptionTranslationFilter
  AuthorizationFilter
]


************************************************************


13:56:09.042 [http-nio-8888-exec-8] INFO  Spring Security Debugger -- 

************************************************************

Request received for GET '/api/v1/task':

org.apache.catalina.connector.RequestFacade@131032ae

servletPath:/api/v1/task
pathInfo:null
headers: 
host: localhost:8888
connection: keep-alive
pragma: no-cache
cache-control: no-cache
sec-ch-ua-platform: "macOS"
user-agent: Mozilla/5.0 (Macintosh; Intel Mac OS X 10_15_7) AppleWebKit/537.36 (KHTML, like Gecko) Chrome/147.0.0.0 Safari/537.36
sec-ch-ua: "Google Chrome";v="147", "Not.A/Brand";v="8", "Chromium";v="147"
sec-ch-ua-mobile: ?0
accept: */*
origin: http://localhost:3000
sec-fetch-site: same-site
sec-fetch-mode: cors
sec-fetch-dest: empty
referer: http://localhost:3000/
accept-encoding: gzip, deflate, br, zstd
accept-language: ko-KR,ko;q=0.9,en-US;q=0.8,en;q=0.7


Security filter chain: [
  DisableEncodeUrlFilter
  WebAsyncManagerIntegrationFilter
  SecurityContextHolderFilter
  HeaderWriterFilter
  CorsFilter
  CsrfFilter
  LogoutFilter
  JwtAuthenticationFilter
  RequestCacheAwareFilter
  SecurityContextHolderAwareRequestFilter
  AnonymousAuthenticationFilter
  ExceptionTranslationFilter
  AuthorizationFilter
]


************************************************************


13:56:09.044 [http-nio-8888-exec-8] DEBUG o.s.security.web.FilterChainProxy -- Securing GET /api/v1/task
13:56:09.045 [http-nio-8888-exec-7] DEBUG o.s.security.web.FilterChainProxy -- Securing GET /api/v1/task
13:56:09.049 [http-nio-8888-exec-7] DEBUG o.s.security.web.FilterChainProxy -- Secured GET /api/v1/task
13:56:09.049 [http-nio-8888-exec-8] DEBUG o.s.security.web.FilterChainProxy -- Secured GET /api/v1/task
13:56:09.050 [http-nio-8888-exec-8] DEBUG o.s.web.servlet.DispatcherServlet -- GET "/api/v1/task", parameters={}
13:56:09.050 [http-nio-8888-exec-7] DEBUG o.s.web.servlet.DispatcherServlet -- GET "/api/v1/task", parameters={}
13:56:09.050 [http-nio-8888-exec-7] DEBUG o.s.w.s.m.m.a.RequestMappingHandlerMapping -- Mapped to com.example.demo.todo.api.TodoApi#getTasks()
13:56:09.050 [http-nio-8888-exec-8] DEBUG o.s.w.s.m.m.a.RequestMappingHandlerMapping -- Mapped to com.example.demo.todo.api.TodoApi#getTasks()
13:56:09.060 [http-nio-8888-exec-8] DEBUG o.s.w.s.m.m.a.RequestResponseBodyMethodProcessor -- Using 'application/json', given [*/*] and supported [application/json, application/*+json]
13:56:09.060 [http-nio-8888-exec-7] DEBUG o.s.w.s.m.m.a.RequestResponseBodyMethodProcessor -- Using 'application/json', given [*/*] and supported [application/json, application/*+json]
13:56:09.060 [http-nio-8888-exec-8] DEBUG o.s.w.s.m.m.a.RequestResponseBodyMethodProcessor -- Writing [com.example.demo.util.AjaxResponse@4c2aa25b]
13:56:09.060 [http-nio-8888-exec-7] DEBUG o.s.w.s.m.m.a.RequestResponseBodyMethodProcessor -- Writing [com.example.demo.util.AjaxResponse@1b8973ee]
13:56:09.066 [http-nio-8888-exec-8] DEBUG o.s.s.w.a.AnonymousAuthenticationFilter -- Set SecurityContextHolder to anonymous SecurityContext
13:56:09.066 [http-nio-8888-exec-7] DEBUG o.s.s.w.a.AnonymousAuthenticationFilter -- Set SecurityContextHolder to anonymous SecurityContext
13:56:09.067 [http-nio-8888-exec-7] DEBUG o.s.web.servlet.DispatcherServlet -- Completed 200 OK
13:56:09.067 [http-nio-8888-exec-8] DEBUG o.s.web.servlet.DispatcherServlet -- Completed 200 OK
13:56:22.821 [http-nio-8888-exec-9] INFO  Spring Security Debugger -- 

************************************************************

Request received for OPTIONS '/api/v1/task':

org.apache.catalina.connector.RequestFacade@113ed1e8

servletPath:/api/v1/task
pathInfo:null
headers: 
host: localhost:8888
connection: keep-alive
accept: */*
access-control-request-method: POST
access-control-request-headers: content-type
origin: http://localhost:3000
user-agent: Mozilla/5.0 (Macintosh; Intel Mac OS X 10_15_7) AppleWebKit/537.36 (KHTML, like Gecko) Chrome/147.0.0.0 Safari/537.36
sec-fetch-mode: cors
sec-fetch-site: same-site
sec-fetch-dest: empty
referer: http://localhost:3000/
accept-encoding: gzip, deflate, br, zstd
accept-language: ko-KR,ko;q=0.9,en-US;q=0.8,en;q=0.7


Security filter chain: [
  DisableEncodeUrlFilter
  WebAsyncManagerIntegrationFilter
  SecurityContextHolderFilter
  HeaderWriterFilter
  CorsFilter
  CsrfFilter
  LogoutFilter
  JwtAuthenticationFilter
  RequestCacheAwareFilter
  SecurityContextHolderAwareRequestFilter
  AnonymousAuthenticationFilter
  ExceptionTranslationFilter
  AuthorizationFilter
]


************************************************************


13:56:22.823 [http-nio-8888-exec-9] DEBUG o.s.security.web.FilterChainProxy -- Securing OPTIONS /api/v1/task
13:56:22.827 [http-nio-8888-exec-1] INFO  Spring Security Debugger -- 

************************************************************

Request received for POST '/api/v1/task':

org.apache.catalina.connector.RequestFacade@dbac512

servletPath:/api/v1/task
pathInfo:null
headers: 
host: localhost:8888
connection: keep-alive
content-length: 81
sec-ch-ua-platform: "macOS"
user-agent: Mozilla/5.0 (Macintosh; Intel Mac OS X 10_15_7) AppleWebKit/537.36 (KHTML, like Gecko) Chrome/147.0.0.0 Safari/537.36
sec-ch-ua: "Google Chrome";v="147", "Not.A/Brand";v="8", "Chromium";v="147"
content-type: application/json
sec-ch-ua-mobile: ?0
accept: */*
origin: http://localhost:3000
sec-fetch-site: same-site
sec-fetch-mode: cors
sec-fetch-dest: empty
referer: http://localhost:3000/
accept-encoding: gzip, deflate, br, zstd
accept-language: ko-KR,ko;q=0.9,en-US;q=0.8,en;q=0.7


Security filter chain: [
  DisableEncodeUrlFilter
  WebAsyncManagerIntegrationFilter
  SecurityContextHolderFilter
  HeaderWriterFilter
  CorsFilter
  CsrfFilter
  LogoutFilter
  JwtAuthenticationFilter
  RequestCacheAwareFilter
  SecurityContextHolderAwareRequestFilter
  AnonymousAuthenticationFilter
  ExceptionTranslationFilter
  AuthorizationFilter
]


************************************************************


13:56:22.828 [http-nio-8888-exec-1] DEBUG o.s.security.web.FilterChainProxy -- Securing POST /api/v1/task
13:56:22.829 [http-nio-8888-exec-1] DEBUG o.s.security.web.FilterChainProxy -- Secured POST /api/v1/task
13:56:22.830 [http-nio-8888-exec-1] DEBUG o.s.web.servlet.DispatcherServlet -- POST "/api/v1/task", parameters={}
13:56:22.830 [http-nio-8888-exec-1] DEBUG o.s.w.s.m.m.a.RequestMappingHandlerMapping -- Mapped to com.example.demo.todo.api.TodoApi#addTask(TodoVO)
13:56:22.833 [http-nio-8888-exec-1] DEBUG o.s.w.s.m.m.a.RequestResponseBodyMethodProcessor -- Read "application/json;charset=UTF-8" to [{"task":"Threat Level High","dueDate":"2024-03-26","priority":"2","isDone":false}]
13:56:22.839 [http-nio-8888-exec-1] DEBUG o.s.w.s.m.m.a.RequestResponseBodyMethodProcessor -- Using 'application/json', given [*/*] and supported [application/json, application/*+json]
13:56:22.840 [http-nio-8888-exec-1] DEBUG o.s.w.s.m.m.a.RequestResponseBodyMethodProcessor -- Writing [com.example.demo.util.AjaxResponse@6a0f9d8]
13:56:22.841 [http-nio-8888-exec-1] DEBUG o.s.s.w.a.AnonymousAuthenticationFilter -- Set SecurityContextHolder to anonymous SecurityContext
13:56:22.841 [http-nio-8888-exec-1] DEBUG o.s.web.servlet.DispatcherServlet -- Completed 200 OK
13:56:24.947 [http-nio-8888-exec-10] INFO  Spring Security Debugger -- 

************************************************************

Request received for GET '/api/v1/task':

org.apache.catalina.connector.RequestFacade@6c90fa0c

servletPath:/api/v1/task
pathInfo:null
headers: 
host: localhost:8888
connection: keep-alive
pragma: no-cache
cache-control: no-cache
sec-ch-ua-platform: "macOS"
user-agent: Mozilla/5.0 (Macintosh; Intel Mac OS X 10_15_7) AppleWebKit/537.36 (KHTML, like Gecko) Chrome/147.0.0.0 Safari/537.36
sec-ch-ua: "Google Chrome";v="147", "Not.A/Brand";v="8", "Chromium";v="147"
sec-ch-ua-mobile: ?0
accept: */*
origin: http://localhost:3000
sec-fetch-site: same-site
sec-fetch-mode: cors
sec-fetch-dest: empty
referer: http://localhost:3000/
accept-encoding: gzip, deflate, br, zstd
accept-language: ko-KR,ko;q=0.9,en-US;q=0.8,en;q=0.7


Security filter chain: [
  DisableEncodeUrlFilter
  WebAsyncManagerIntegrationFilter
  SecurityContextHolderFilter
  HeaderWriterFilter
  CorsFilter
  CsrfFilter
  LogoutFilter
  JwtAuthenticationFilter
  RequestCacheAwareFilter
  SecurityContextHolderAwareRequestFilter
  AnonymousAuthenticationFilter
  ExceptionTranslationFilter
  AuthorizationFilter
]


************************************************************


13:56:24.946 [http-nio-8888-exec-3] INFO  Spring Security Debugger -- 

************************************************************

Request received for GET '/api/v1/task':

org.apache.catalina.connector.RequestFacade@718f8e9d

servletPath:/api/v1/task
pathInfo:null
headers: 
host: localhost:8888
connection: keep-alive
pragma: no-cache
cache-control: no-cache
sec-ch-ua-platform: "macOS"
user-agent: Mozilla/5.0 (Macintosh; Intel Mac OS X 10_15_7) AppleWebKit/537.36 (KHTML, like Gecko) Chrome/147.0.0.0 Safari/537.36
sec-ch-ua: "Google Chrome";v="147", "Not.A/Brand";v="8", "Chromium";v="147"
sec-ch-ua-mobile: ?0
accept: */*
origin: http://localhost:3000
sec-fetch-site: same-site
sec-fetch-mode: cors
sec-fetch-dest: empty
referer: http://localhost:3000/
accept-encoding: gzip, deflate, br, zstd
accept-language: ko-KR,ko;q=0.9,en-US;q=0.8,en;q=0.7


Security filter chain: [
  DisableEncodeUrlFilter
  WebAsyncManagerIntegrationFilter
  SecurityContextHolderFilter
  HeaderWriterFilter
  CorsFilter
  CsrfFilter
  LogoutFilter
  JwtAuthenticationFilter
  RequestCacheAwareFilter
  SecurityContextHolderAwareRequestFilter
  AnonymousAuthenticationFilter
  ExceptionTranslationFilter
  AuthorizationFilter
]


************************************************************


13:56:24.947 [http-nio-8888-exec-10] DEBUG o.s.security.web.FilterChainProxy -- Securing GET /api/v1/task
13:56:24.947 [http-nio-8888-exec-3] DEBUG o.s.security.web.FilterChainProxy -- Securing GET /api/v1/task
13:56:24.948 [http-nio-8888-exec-10] DEBUG o.s.security.web.FilterChainProxy -- Secured GET /api/v1/task
13:56:24.948 [http-nio-8888-exec-3] DEBUG o.s.security.web.FilterChainProxy -- Secured GET /api/v1/task
13:56:24.948 [http-nio-8888-exec-10] DEBUG o.s.web.servlet.DispatcherServlet -- GET "/api/v1/task", parameters={}
13:56:24.948 [http-nio-8888-exec-3] DEBUG o.s.web.servlet.DispatcherServlet -- GET "/api/v1/task", parameters={}
13:56:24.949 [http-nio-8888-exec-3] DEBUG o.s.w.s.m.m.a.RequestMappingHandlerMapping -- Mapped to com.example.demo.todo.api.TodoApi#getTasks()
13:56:24.949 [http-nio-8888-exec-10] DEBUG o.s.w.s.m.m.a.RequestMappingHandlerMapping -- Mapped to com.example.demo.todo.api.TodoApi#getTasks()
13:56:24.950 [http-nio-8888-exec-10] DEBUG o.s.w.s.m.m.a.RequestResponseBodyMethodProcessor -- Using 'application/json', given [*/*] and supported [application/json, application/*+json]
13:56:24.950 [http-nio-8888-exec-3] DEBUG o.s.w.s.m.m.a.RequestResponseBodyMethodProcessor -- Using 'application/json', given [*/*] and supported [application/json, application/*+json]
13:56:24.950 [http-nio-8888-exec-3] DEBUG o.s.w.s.m.m.a.RequestResponseBodyMethodProcessor -- Writing [com.example.demo.util.AjaxResponse@439e6491]
13:56:24.950 [http-nio-8888-exec-10] DEBUG o.s.w.s.m.m.a.RequestResponseBodyMethodProcessor -- Writing [com.example.demo.util.AjaxResponse@106a84f8]
13:56:24.952 [http-nio-8888-exec-3] DEBUG o.s.s.w.a.AnonymousAuthenticationFilter -- Set SecurityContextHolder to anonymous SecurityContext
13:56:24.952 [http-nio-8888-exec-3] DEBUG o.s.web.servlet.DispatcherServlet -- Completed 200 OK
13:56:24.952 [http-nio-8888-exec-10] DEBUG o.s.s.w.a.AnonymousAuthenticationFilter -- Set SecurityContextHolder to anonymous SecurityContext
13:56:24.953 [http-nio-8888-exec-10] DEBUG o.s.web.servlet.DispatcherServlet -- Completed 200 OK
13:56:31.516 [http-nio-8888-exec-5] INFO  Spring Security Debugger -- 

************************************************************

Request received for OPTIONS '/api/v1/task':

org.apache.catalina.connector.RequestFacade@3a9989f8

servletPath:/api/v1/task
pathInfo:null
headers: 
host: localhost:8888
connection: keep-alive
accept: */*
access-control-request-method: POST
access-control-request-headers: content-type
origin: http://localhost:3000
user-agent: Mozilla/5.0 (Macintosh; Intel Mac OS X 10_15_7) AppleWebKit/537.36 (KHTML, like Gecko) Chrome/147.0.0.0 Safari/537.36
sec-fetch-mode: cors
sec-fetch-site: same-site
sec-fetch-dest: empty
referer: http://localhost:3000/
accept-encoding: gzip, deflate, br, zstd
accept-language: ko-KR,ko;q=0.9,en-US;q=0.8,en;q=0.7


Security filter chain: [
  DisableEncodeUrlFilter
  WebAsyncManagerIntegrationFilter
  SecurityContextHolderFilter
  HeaderWriterFilter
  CorsFilter
  CsrfFilter
  LogoutFilter
  JwtAuthenticationFilter
  RequestCacheAwareFilter
  SecurityContextHolderAwareRequestFilter
  AnonymousAuthenticationFilter
  ExceptionTranslationFilter
  AuthorizationFilter
]


************************************************************


13:56:31.517 [http-nio-8888-exec-5] DEBUG o.s.security.web.FilterChainProxy -- Securing OPTIONS /api/v1/task
13:56:31.520 [http-nio-8888-exec-2] INFO  Spring Security Debugger -- 

************************************************************

Request received for POST '/api/v1/task':

org.apache.catalina.connector.RequestFacade@21c65f81

servletPath:/api/v1/task
pathInfo:null
headers: 
host: localhost:8888
connection: keep-alive
content-length: 69
sec-ch-ua-platform: "macOS"
user-agent: Mozilla/5.0 (Macintosh; Intel Mac OS X 10_15_7) AppleWebKit/537.36 (KHTML, like Gecko) Chrome/147.0.0.0 Safari/537.36
sec-ch-ua: "Google Chrome";v="147", "Not.A/Brand";v="8", "Chromium";v="147"
content-type: application/json
sec-ch-ua-mobile: ?0
accept: */*
origin: http://localhost:3000
sec-fetch-site: same-site
sec-fetch-mode: cors
sec-fetch-dest: empty
referer: http://localhost:3000/
accept-encoding: gzip, deflate, br, zstd
accept-language: ko-KR,ko;q=0.9,en-US;q=0.8,en;q=0.7


Security filter chain: [
  DisableEncodeUrlFilter
  WebAsyncManagerIntegrationFilter
  SecurityContextHolderFilter
  HeaderWriterFilter
  CorsFilter
  CsrfFilter
  LogoutFilter
  JwtAuthenticationFilter
  RequestCacheAwareFilter
  SecurityContextHolderAwareRequestFilter
  AnonymousAuthenticationFilter
  ExceptionTranslationFilter
  AuthorizationFilter
]


************************************************************


13:56:31.520 [http-nio-8888-exec-2] DEBUG o.s.security.web.FilterChainProxy -- Securing POST /api/v1/task
13:56:31.521 [http-nio-8888-exec-2] DEBUG o.s.security.web.FilterChainProxy -- Secured POST /api/v1/task
13:56:31.521 [http-nio-8888-exec-2] DEBUG o.s.web.servlet.DispatcherServlet -- POST "/api/v1/task", parameters={}
13:56:31.521 [http-nio-8888-exec-2] DEBUG o.s.w.s.m.m.a.RequestMappingHandlerMapping -- Mapped to com.example.demo.todo.api.TodoApi#addTask(TodoVO)
13:56:31.523 [http-nio-8888-exec-2] DEBUG o.s.w.s.m.m.a.RequestResponseBodyMethodProcessor -- Read "application/json;charset=UTF-8" to [{"task":"asdzx","dueDate":"2026-04-01","priority":"3","isDone":false}]
13:56:31.526 [http-nio-8888-exec-2] DEBUG o.s.w.s.m.m.a.RequestResponseBodyMethodProcessor -- Using 'application/json', given [*/*] and supported [application/json, application/*+json]
13:56:31.527 [http-nio-8888-exec-2] DEBUG o.s.w.s.m.m.a.RequestResponseBodyMethodProcessor -- Writing [com.example.demo.util.AjaxResponse@2432b628]
13:56:31.528 [http-nio-8888-exec-2] DEBUG o.s.s.w.a.AnonymousAuthenticationFilter -- Set SecurityContextHolder to anonymous SecurityContext
13:56:31.528 [http-nio-8888-exec-2] DEBUG o.s.web.servlet.DispatcherServlet -- Completed 200 OK
13:56:32.293 [http-nio-8888-exec-6] INFO  Spring Security Debugger -- 

************************************************************

Request received for GET '/api/v1/task':

org.apache.catalina.connector.RequestFacade@61d96a48

servletPath:/api/v1/task
pathInfo:null
headers: 
host: localhost:8888
connection: keep-alive
sec-ch-ua-platform: "macOS"
user-agent: Mozilla/5.0 (Macintosh; Intel Mac OS X 10_15_7) AppleWebKit/537.36 (KHTML, like Gecko) Chrome/147.0.0.0 Safari/537.36
sec-ch-ua: "Google Chrome";v="147", "Not.A/Brand";v="8", "Chromium";v="147"
sec-ch-ua-mobile: ?0
accept: */*
origin: http://localhost:3000
sec-fetch-site: same-site
sec-fetch-mode: cors
sec-fetch-dest: empty
referer: http://localhost:3000/
accept-encoding: gzip, deflate, br, zstd
accept-language: ko-KR,ko;q=0.9,en-US;q=0.8,en;q=0.7


Security filter chain: [
  DisableEncodeUrlFilter
  WebAsyncManagerIntegrationFilter
  SecurityContextHolderFilter
  HeaderWriterFilter
  CorsFilter
  CsrfFilter
  LogoutFilter
  JwtAuthenticationFilter
  RequestCacheAwareFilter
  SecurityContextHolderAwareRequestFilter
  AnonymousAuthenticationFilter
  ExceptionTranslationFilter
  AuthorizationFilter
]


************************************************************


13:56:32.293 [http-nio-8888-exec-6] DEBUG o.s.security.web.FilterChainProxy -- Securing GET /api/v1/task
13:56:32.295 [http-nio-8888-exec-6] DEBUG o.s.security.web.FilterChainProxy -- Secured GET /api/v1/task
13:56:32.295 [http-nio-8888-exec-6] DEBUG o.s.web.servlet.DispatcherServlet -- GET "/api/v1/task", parameters={}
13:56:32.296 [http-nio-8888-exec-6] DEBUG o.s.w.s.m.m.a.RequestMappingHandlerMapping -- Mapped to com.example.demo.todo.api.TodoApi#getTasks()
13:56:32.298 [http-nio-8888-exec-6] DEBUG o.s.w.s.m.m.a.RequestResponseBodyMethodProcessor -- Using 'application/json', given [*/*] and supported [application/json, application/*+json]
13:56:32.298 [http-nio-8888-exec-6] DEBUG o.s.w.s.m.m.a.RequestResponseBodyMethodProcessor -- Writing [com.example.demo.util.AjaxResponse@4839e383]
13:56:32.300 [http-nio-8888-exec-6] DEBUG o.s.s.w.a.AnonymousAuthenticationFilter -- Set SecurityContextHolder to anonymous SecurityContext
13:56:32.300 [http-nio-8888-exec-6] DEBUG o.s.web.servlet.DispatcherServlet -- Completed 200 OK
13:56:32.301 [http-nio-8888-exec-4] INFO  Spring Security Debugger -- 

************************************************************

Request received for GET '/api/v1/task':

org.apache.catalina.connector.RequestFacade@3e02d15a

servletPath:/api/v1/task
pathInfo:null
headers: 
host: localhost:8888
connection: keep-alive
sec-ch-ua-platform: "macOS"
user-agent: Mozilla/5.0 (Macintosh; Intel Mac OS X 10_15_7) AppleWebKit/537.36 (KHTML, like Gecko) Chrome/147.0.0.0 Safari/537.36
sec-ch-ua: "Google Chrome";v="147", "Not.A/Brand";v="8", "Chromium";v="147"
sec-ch-ua-mobile: ?0
accept: */*
origin: http://localhost:3000
sec-fetch-site: same-site
sec-fetch-mode: cors
sec-fetch-dest: empty
referer: http://localhost:3000/
accept-encoding: gzip, deflate, br, zstd
accept-language: ko-KR,ko;q=0.9,en-US;q=0.8,en;q=0.7


Security filter chain: [
  DisableEncodeUrlFilter
  WebAsyncManagerIntegrationFilter
  SecurityContextHolderFilter
  HeaderWriterFilter
  CorsFilter
  CsrfFilter
  LogoutFilter
  JwtAuthenticationFilter
  RequestCacheAwareFilter
  SecurityContextHolderAwareRequestFilter
  AnonymousAuthenticationFilter
  ExceptionTranslationFilter
  AuthorizationFilter
]


************************************************************


13:56:32.302 [http-nio-8888-exec-4] DEBUG o.s.security.web.FilterChainProxy -- Securing GET /api/v1/task
13:56:32.302 [http-nio-8888-exec-4] DEBUG o.s.security.web.FilterChainProxy -- Secured GET /api/v1/task
13:56:32.303 [http-nio-8888-exec-4] DEBUG o.s.web.servlet.DispatcherServlet -- GET "/api/v1/task", parameters={}
13:56:32.304 [http-nio-8888-exec-4] DEBUG o.s.w.s.m.m.a.RequestMappingHandlerMapping -- Mapped to com.example.demo.todo.api.TodoApi#getTasks()
13:56:32.305 [http-nio-8888-exec-4] DEBUG o.s.w.s.m.m.a.RequestResponseBodyMethodProcessor -- Using 'application/json', given [*/*] and supported [application/json, application/*+json]
13:56:32.306 [http-nio-8888-exec-4] DEBUG o.s.w.s.m.m.a.RequestResponseBodyMethodProcessor -- Writing [com.example.demo.util.AjaxResponse@e133cef]
13:56:32.307 [http-nio-8888-exec-4] DEBUG o.s.s.w.a.AnonymousAuthenticationFilter -- Set SecurityContextHolder to anonymous SecurityContext
13:56:32.307 [http-nio-8888-exec-4] DEBUG o.s.web.servlet.DispatcherServlet -- Completed 200 OK
13:56:34.396 [http-nio-8888-exec-7] INFO  Spring Security Debugger -- 

************************************************************

Request received for GET '/api/v1/task':

org.apache.catalina.connector.RequestFacade@10529fc5

servletPath:/api/v1/task
pathInfo:null
headers: 
host: localhost:8888
connection: keep-alive
sec-ch-ua-platform: "macOS"
user-agent: Mozilla/5.0 (Macintosh; Intel Mac OS X 10_15_7) AppleWebKit/537.36 (KHTML, like Gecko) Chrome/147.0.0.0 Safari/537.36
sec-ch-ua: "Google Chrome";v="147", "Not.A/Brand";v="8", "Chromium";v="147"
sec-ch-ua-mobile: ?0
accept: */*
origin: http://localhost:3000
sec-fetch-site: same-site
sec-fetch-mode: cors
sec-fetch-dest: empty
referer: http://localhost:3000/
accept-encoding: gzip, deflate, br, zstd
accept-language: ko-KR,ko;q=0.9,en-US;q=0.8,en;q=0.7


Security filter chain: [
  DisableEncodeUrlFilter
  WebAsyncManagerIntegrationFilter
  SecurityContextHolderFilter
  HeaderWriterFilter
  CorsFilter
  CsrfFilter
  LogoutFilter
  JwtAuthenticationFilter
  RequestCacheAwareFilter
  SecurityContextHolderAwareRequestFilter
  AnonymousAuthenticationFilter
  ExceptionTranslationFilter
  AuthorizationFilter
]


************************************************************


13:56:34.397 [http-nio-8888-exec-7] DEBUG o.s.security.web.FilterChainProxy -- Securing GET /api/v1/task
13:56:34.397 [http-nio-8888-exec-7] DEBUG o.s.security.web.FilterChainProxy -- Secured GET /api/v1/task
13:56:34.398 [http-nio-8888-exec-7] DEBUG o.s.web.servlet.DispatcherServlet -- GET "/api/v1/task", parameters={}
13:56:34.398 [http-nio-8888-exec-7] DEBUG o.s.w.s.m.m.a.RequestMappingHandlerMapping -- Mapped to com.example.demo.todo.api.TodoApi#getTasks()
13:56:34.399 [http-nio-8888-exec-7] DEBUG o.s.w.s.m.m.a.RequestResponseBodyMethodProcessor -- Using 'application/json', given [*/*] and supported [application/json, application/*+json]
13:56:34.400 [http-nio-8888-exec-7] DEBUG o.s.w.s.m.m.a.RequestResponseBodyMethodProcessor -- Writing [com.example.demo.util.AjaxResponse@3658ed5e]
13:56:34.401 [http-nio-8888-exec-7] DEBUG o.s.s.w.a.AnonymousAuthenticationFilter -- Set SecurityContextHolder to anonymous SecurityContext
13:56:34.401 [http-nio-8888-exec-7] DEBUG o.s.web.servlet.DispatcherServlet -- Completed 200 OK
13:56:34.402 [http-nio-8888-exec-8] INFO  Spring Security Debugger -- 

************************************************************

Request received for GET '/api/v1/task':

org.apache.catalina.connector.RequestFacade@4492673c

servletPath:/api/v1/task
pathInfo:null
headers: 
host: localhost:8888
connection: keep-alive
sec-ch-ua-platform: "macOS"
user-agent: Mozilla/5.0 (Macintosh; Intel Mac OS X 10_15_7) AppleWebKit/537.36 (KHTML, like Gecko) Chrome/147.0.0.0 Safari/537.36
sec-ch-ua: "Google Chrome";v="147", "Not.A/Brand";v="8", "Chromium";v="147"
sec-ch-ua-mobile: ?0
accept: */*
origin: http://localhost:3000
sec-fetch-site: same-site
sec-fetch-mode: cors
sec-fetch-dest: empty
referer: http://localhost:3000/
accept-encoding: gzip, deflate, br, zstd
accept-language: ko-KR,ko;q=0.9,en-US;q=0.8,en;q=0.7


Security filter chain: [
  DisableEncodeUrlFilter
  WebAsyncManagerIntegrationFilter
  SecurityContextHolderFilter
  HeaderWriterFilter
  CorsFilter
  CsrfFilter
  LogoutFilter
  JwtAuthenticationFilter
  RequestCacheAwareFilter
  SecurityContextHolderAwareRequestFilter
  AnonymousAuthenticationFilter
  ExceptionTranslationFilter
  AuthorizationFilter
]


************************************************************


13:56:34.403 [http-nio-8888-exec-8] DEBUG o.s.security.web.FilterChainProxy -- Securing GET /api/v1/task
13:56:34.404 [http-nio-8888-exec-8] DEBUG o.s.security.web.FilterChainProxy -- Secured GET /api/v1/task
13:56:34.404 [http-nio-8888-exec-8] DEBUG o.s.web.servlet.DispatcherServlet -- GET "/api/v1/task", parameters={}
13:56:34.404 [http-nio-8888-exec-8] DEBUG o.s.w.s.m.m.a.RequestMappingHandlerMapping -- Mapped to com.example.demo.todo.api.TodoApi#getTasks()
13:56:34.406 [http-nio-8888-exec-8] DEBUG o.s.w.s.m.m.a.RequestResponseBodyMethodProcessor -- Using 'application/json', given [*/*] and supported [application/json, application/*+json]
13:56:34.406 [http-nio-8888-exec-8] DEBUG o.s.w.s.m.m.a.RequestResponseBodyMethodProcessor -- Writing [com.example.demo.util.AjaxResponse@45cb825c]
13:56:34.407 [http-nio-8888-exec-8] DEBUG o.s.s.w.a.AnonymousAuthenticationFilter -- Set SecurityContextHolder to anonymous SecurityContext
13:56:34.407 [http-nio-8888-exec-8] DEBUG o.s.web.servlet.DispatcherServlet -- Completed 200 OK
13:56:34.572 [http-nio-8888-exec-9] INFO  Spring Security Debugger -- 

************************************************************

Request received for GET '/api/v1/task':

org.apache.catalina.connector.RequestFacade@231cf19

servletPath:/api/v1/task
pathInfo:null
headers: 
host: localhost:8888
connection: keep-alive
sec-ch-ua-platform: "macOS"
user-agent: Mozilla/5.0 (Macintosh; Intel Mac OS X 10_15_7) AppleWebKit/537.36 (KHTML, like Gecko) Chrome/147.0.0.0 Safari/537.36
sec-ch-ua: "Google Chrome";v="147", "Not.A/Brand";v="8", "Chromium";v="147"
sec-ch-ua-mobile: ?0
accept: */*
origin: http://localhost:3000
sec-fetch-site: same-site
sec-fetch-mode: cors
sec-fetch-dest: empty
referer: http://localhost:3000/
accept-encoding: gzip, deflate, br, zstd
accept-language: ko-KR,ko;q=0.9,en-US;q=0.8,en;q=0.7


Security filter chain: [
  DisableEncodeUrlFilter
  WebAsyncManagerIntegrationFilter
  SecurityContextHolderFilter
  HeaderWriterFilter
  CorsFilter
  CsrfFilter
  LogoutFilter
  JwtAuthenticationFilter
  RequestCacheAwareFilter
  SecurityContextHolderAwareRequestFilter
  AnonymousAuthenticationFilter
  ExceptionTranslationFilter
  AuthorizationFilter
]


************************************************************


13:56:34.573 [http-nio-8888-exec-9] DEBUG o.s.security.web.FilterChainProxy -- Securing GET /api/v1/task
13:56:34.573 [http-nio-8888-exec-9] DEBUG o.s.security.web.FilterChainProxy -- Secured GET /api/v1/task
13:56:34.574 [http-nio-8888-exec-9] DEBUG o.s.web.servlet.DispatcherServlet -- GET "/api/v1/task", parameters={}
13:56:34.574 [http-nio-8888-exec-9] DEBUG o.s.w.s.m.m.a.RequestMappingHandlerMapping -- Mapped to com.example.demo.todo.api.TodoApi#getTasks()
13:56:34.575 [http-nio-8888-exec-9] DEBUG o.s.w.s.m.m.a.RequestResponseBodyMethodProcessor -- Using 'application/json', given [*/*] and supported [application/json, application/*+json]
13:56:34.576 [http-nio-8888-exec-9] DEBUG o.s.w.s.m.m.a.RequestResponseBodyMethodProcessor -- Writing [com.example.demo.util.AjaxResponse@fa3a4d6]
13:56:34.576 [http-nio-8888-exec-9] DEBUG o.s.s.w.a.AnonymousAuthenticationFilter -- Set SecurityContextHolder to anonymous SecurityContext
13:56:34.577 [http-nio-8888-exec-9] DEBUG o.s.web.servlet.DispatcherServlet -- Completed 200 OK
13:56:34.579 [http-nio-8888-exec-1] INFO  Spring Security Debugger -- 

************************************************************

Request received for GET '/api/v1/task':

org.apache.catalina.connector.RequestFacade@454f4198

servletPath:/api/v1/task
pathInfo:null
headers: 
host: localhost:8888
connection: keep-alive
sec-ch-ua-platform: "macOS"
user-agent: Mozilla/5.0 (Macintosh; Intel Mac OS X 10_15_7) AppleWebKit/537.36 (KHTML, like Gecko) Chrome/147.0.0.0 Safari/537.36
sec-ch-ua: "Google Chrome";v="147", "Not.A/Brand";v="8", "Chromium";v="147"
sec-ch-ua-mobile: ?0
accept: */*
origin: http://localhost:3000
sec-fetch-site: same-site
sec-fetch-mode: cors
sec-fetch-dest: empty
referer: http://localhost:3000/
accept-encoding: gzip, deflate, br, zstd
accept-language: ko-KR,ko;q=0.9,en-US;q=0.8,en;q=0.7


Security filter chain: [
  DisableEncodeUrlFilter
  WebAsyncManagerIntegrationFilter
  SecurityContextHolderFilter
  HeaderWriterFilter
  CorsFilter
  CsrfFilter
  LogoutFilter
  JwtAuthenticationFilter
  RequestCacheAwareFilter
  SecurityContextHolderAwareRequestFilter
  AnonymousAuthenticationFilter
  ExceptionTranslationFilter
  AuthorizationFilter
]


************************************************************


13:56:34.580 [http-nio-8888-exec-1] DEBUG o.s.security.web.FilterChainProxy -- Securing GET /api/v1/task
13:56:34.581 [http-nio-8888-exec-1] DEBUG o.s.security.web.FilterChainProxy -- Secured GET /api/v1/task
13:56:34.581 [http-nio-8888-exec-1] DEBUG o.s.web.servlet.DispatcherServlet -- GET "/api/v1/task", parameters={}
13:56:34.581 [http-nio-8888-exec-1] DEBUG o.s.w.s.m.m.a.RequestMappingHandlerMapping -- Mapped to com.example.demo.todo.api.TodoApi#getTasks()
13:56:34.583 [http-nio-8888-exec-1] DEBUG o.s.w.s.m.m.a.RequestResponseBodyMethodProcessor -- Using 'application/json', given [*/*] and supported [application/json, application/*+json]
13:56:34.583 [http-nio-8888-exec-1] DEBUG o.s.w.s.m.m.a.RequestResponseBodyMethodProcessor -- Writing [com.example.demo.util.AjaxResponse@3496a1fd]
13:56:34.584 [http-nio-8888-exec-1] DEBUG o.s.s.w.a.AnonymousAuthenticationFilter -- Set SecurityContextHolder to anonymous SecurityContext
13:56:34.585 [http-nio-8888-exec-1] DEBUG o.s.web.servlet.DispatcherServlet -- Completed 200 OK
13:56:34.719 [http-nio-8888-exec-3] INFO  Spring Security Debugger -- 

************************************************************

Request received for GET '/api/v1/task':

org.apache.catalina.connector.RequestFacade@4f20ea9

servletPath:/api/v1/task
pathInfo:null
headers: 
host: localhost:8888
connection: keep-alive
sec-ch-ua-platform: "macOS"
user-agent: Mozilla/5.0 (Macintosh; Intel Mac OS X 10_15_7) AppleWebKit/537.36 (KHTML, like Gecko) Chrome/147.0.0.0 Safari/537.36
sec-ch-ua: "Google Chrome";v="147", "Not.A/Brand";v="8", "Chromium";v="147"
sec-ch-ua-mobile: ?0
accept: */*
origin: http://localhost:3000
sec-fetch-site: same-site
sec-fetch-mode: cors
sec-fetch-dest: empty
referer: http://localhost:3000/
accept-encoding: gzip, deflate, br, zstd
accept-language: ko-KR,ko;q=0.9,en-US;q=0.8,en;q=0.7


Security filter chain: [
  DisableEncodeUrlFilter
  WebAsyncManagerIntegrationFilter
  SecurityContextHolderFilter
  HeaderWriterFilter
  CorsFilter
  CsrfFilter
  LogoutFilter
  JwtAuthenticationFilter
  RequestCacheAwareFilter
  SecurityContextHolderAwareRequestFilter
  AnonymousAuthenticationFilter
  ExceptionTranslationFilter
  AuthorizationFilter
]


************************************************************


13:56:34.720 [http-nio-8888-exec-3] DEBUG o.s.security.web.FilterChainProxy -- Securing GET /api/v1/task
13:56:34.721 [http-nio-8888-exec-3] DEBUG o.s.security.web.FilterChainProxy -- Secured GET /api/v1/task
13:56:34.721 [http-nio-8888-exec-3] DEBUG o.s.web.servlet.DispatcherServlet -- GET "/api/v1/task", parameters={}
13:56:34.722 [http-nio-8888-exec-3] DEBUG o.s.w.s.m.m.a.RequestMappingHandlerMapping -- Mapped to com.example.demo.todo.api.TodoApi#getTasks()
13:56:34.723 [http-nio-8888-exec-3] DEBUG o.s.w.s.m.m.a.RequestResponseBodyMethodProcessor -- Using 'application/json', given [*/*] and supported [application/json, application/*+json]
13:56:34.723 [http-nio-8888-exec-3] DEBUG o.s.w.s.m.m.a.RequestResponseBodyMethodProcessor -- Writing [com.example.demo.util.AjaxResponse@6ce20857]
13:56:34.724 [http-nio-8888-exec-3] DEBUG o.s.s.w.a.AnonymousAuthenticationFilter -- Set SecurityContextHolder to anonymous SecurityContext
13:56:34.725 [http-nio-8888-exec-3] DEBUG o.s.web.servlet.DispatcherServlet -- Completed 200 OK
13:56:34.726 [http-nio-8888-exec-10] INFO  Spring Security Debugger -- 

************************************************************

Request received for GET '/api/v1/task':

org.apache.catalina.connector.RequestFacade@40acb6c4

servletPath:/api/v1/task
pathInfo:null
headers: 
host: localhost:8888
connection: keep-alive
sec-ch-ua-platform: "macOS"
user-agent: Mozilla/5.0 (Macintosh; Intel Mac OS X 10_15_7) AppleWebKit/537.36 (KHTML, like Gecko) Chrome/147.0.0.0 Safari/537.36
sec-ch-ua: "Google Chrome";v="147", "Not.A/Brand";v="8", "Chromium";v="147"
sec-ch-ua-mobile: ?0
accept: */*
origin: http://localhost:3000
sec-fetch-site: same-site
sec-fetch-mode: cors
sec-fetch-dest: empty
referer: http://localhost:3000/
accept-encoding: gzip, deflate, br, zstd
accept-language: ko-KR,ko;q=0.9,en-US;q=0.8,en;q=0.7


Security filter chain: [
  DisableEncodeUrlFilter
  WebAsyncManagerIntegrationFilter
  SecurityContextHolderFilter
  HeaderWriterFilter
  CorsFilter
  CsrfFilter
  LogoutFilter
  JwtAuthenticationFilter
  RequestCacheAwareFilter
  SecurityContextHolderAwareRequestFilter
  AnonymousAuthenticationFilter
  ExceptionTranslationFilter
  AuthorizationFilter
]


************************************************************


13:56:34.727 [http-nio-8888-exec-10] DEBUG o.s.security.web.FilterChainProxy -- Securing GET /api/v1/task
13:56:34.727 [http-nio-8888-exec-10] DEBUG o.s.security.web.FilterChainProxy -- Secured GET /api/v1/task
13:56:34.728 [http-nio-8888-exec-10] DEBUG o.s.web.servlet.DispatcherServlet -- GET "/api/v1/task", parameters={}
13:56:34.729 [http-nio-8888-exec-10] DEBUG o.s.w.s.m.m.a.RequestMappingHandlerMapping -- Mapped to com.example.demo.todo.api.TodoApi#getTasks()
13:56:34.730 [http-nio-8888-exec-10] DEBUG o.s.w.s.m.m.a.RequestResponseBodyMethodProcessor -- Using 'application/json', given [*/*] and supported [application/json, application/*+json]
13:56:34.730 [http-nio-8888-exec-10] DEBUG o.s.w.s.m.m.a.RequestResponseBodyMethodProcessor -- Writing [com.example.demo.util.AjaxResponse@1072a14a]
13:56:34.731 [http-nio-8888-exec-10] DEBUG o.s.s.w.a.AnonymousAuthenticationFilter -- Set SecurityContextHolder to anonymous SecurityContext
13:56:34.731 [http-nio-8888-exec-10] DEBUG o.s.web.servlet.DispatcherServlet -- Completed 200 OK
13:56:44.884 [http-nio-8888-exec-5] INFO  Spring Security Debugger -- 

************************************************************

Request received for OPTIONS '/api/v1/task':

org.apache.catalina.connector.RequestFacade@2149e72b

servletPath:/api/v1/task
pathInfo:null
headers: 
host: localhost:8888
connection: keep-alive
accept: */*
access-control-request-method: POST
access-control-request-headers: content-type
origin: http://localhost:3000
user-agent: Mozilla/5.0 (Macintosh; Intel Mac OS X 10_15_7) AppleWebKit/537.36 (KHTML, like Gecko) Chrome/147.0.0.0 Safari/537.36
sec-fetch-mode: cors
sec-fetch-site: same-site
sec-fetch-dest: empty
referer: http://localhost:3000/
accept-encoding: gzip, deflate, br, zstd
accept-language: ko-KR,ko;q=0.9,en-US;q=0.8,en;q=0.7


Security filter chain: [
  DisableEncodeUrlFilter
  WebAsyncManagerIntegrationFilter
  SecurityContextHolderFilter
  HeaderWriterFilter
  CorsFilter
  CsrfFilter
  LogoutFilter
  JwtAuthenticationFilter
  RequestCacheAwareFilter
  SecurityContextHolderAwareRequestFilter
  AnonymousAuthenticationFilter
  ExceptionTranslationFilter
  AuthorizationFilter
]


************************************************************


13:56:44.885 [http-nio-8888-exec-5] DEBUG o.s.security.web.FilterChainProxy -- Securing OPTIONS /api/v1/task
13:56:44.887 [http-nio-8888-exec-2] INFO  Spring Security Debugger -- 

************************************************************

Request received for POST '/api/v1/task':

org.apache.catalina.connector.RequestFacade@264d1a67

servletPath:/api/v1/task
pathInfo:null
headers: 
host: localhost:8888
connection: keep-alive
content-length: 84
sec-ch-ua-platform: "macOS"
user-agent: Mozilla/5.0 (Macintosh; Intel Mac OS X 10_15_7) AppleWebKit/537.36 (KHTML, like Gecko) Chrome/147.0.0.0 Safari/537.36
sec-ch-ua: "Google Chrome";v="147", "Not.A/Brand";v="8", "Chromium";v="147"
content-type: application/json
sec-ch-ua-mobile: ?0
accept: */*
origin: http://localhost:3000
sec-fetch-site: same-site
sec-fetch-mode: cors
sec-fetch-dest: empty
referer: http://localhost:3000/
accept-encoding: gzip, deflate, br, zstd
accept-language: ko-KR,ko;q=0.9,en-US;q=0.8,en;q=0.7


Security filter chain: [
  DisableEncodeUrlFilter
  WebAsyncManagerIntegrationFilter
  SecurityContextHolderFilter
  HeaderWriterFilter
  CorsFilter
  CsrfFilter
  LogoutFilter
  JwtAuthenticationFilter
  RequestCacheAwareFilter
  SecurityContextHolderAwareRequestFilter
  AnonymousAuthenticationFilter
  ExceptionTranslationFilter
  AuthorizationFilter
]


************************************************************


13:56:44.888 [http-nio-8888-exec-2] DEBUG o.s.security.web.FilterChainProxy -- Securing POST /api/v1/task
13:56:44.888 [http-nio-8888-exec-2] DEBUG o.s.security.web.FilterChainProxy -- Secured POST /api/v1/task
13:56:44.889 [http-nio-8888-exec-2] DEBUG o.s.web.servlet.DispatcherServlet -- POST "/api/v1/task", parameters={}
13:56:44.889 [http-nio-8888-exec-2] DEBUG o.s.w.s.m.m.a.RequestMappingHandlerMapping -- Mapped to com.example.demo.todo.api.TodoApi#addTask(TodoVO)
13:56:44.890 [http-nio-8888-exec-2] DEBUG o.s.w.s.m.m.a.RequestResponseBodyMethodProcessor -- Read "application/json;charset=UTF-8" to [{"task":"Todo Test Test Test ","dueDate":"2026-04-01","priority":"2","isDone":false}]
13:56:44.892 [http-nio-8888-exec-2] DEBUG o.s.w.s.m.m.a.RequestResponseBodyMethodProcessor -- Using 'application/json', given [*/*] and supported [application/json, application/*+json]
13:56:44.893 [http-nio-8888-exec-2] DEBUG o.s.w.s.m.m.a.RequestResponseBodyMethodProcessor -- Writing [com.example.demo.util.AjaxResponse@44af5c75]
13:56:44.894 [http-nio-8888-exec-2] DEBUG o.s.s.w.a.AnonymousAuthenticationFilter -- Set SecurityContextHolder to anonymous SecurityContext
13:56:44.894 [http-nio-8888-exec-2] DEBUG o.s.web.servlet.DispatcherServlet -- Completed 200 OK
13:56:45.289 [http-nio-8888-exec-6] INFO  Spring Security Debugger -- 

************************************************************

Request received for GET '/api/v1/task':

org.apache.catalina.connector.RequestFacade@1b876c82

servletPath:/api/v1/task
pathInfo:null
headers: 
host: localhost:8888
connection: keep-alive
sec-ch-ua-platform: "macOS"
user-agent: Mozilla/5.0 (Macintosh; Intel Mac OS X 10_15_7) AppleWebKit/537.36 (KHTML, like Gecko) Chrome/147.0.0.0 Safari/537.36
sec-ch-ua: "Google Chrome";v="147", "Not.A/Brand";v="8", "Chromium";v="147"
sec-ch-ua-mobile: ?0
accept: */*
origin: http://localhost:3000
sec-fetch-site: same-site
sec-fetch-mode: cors
sec-fetch-dest: empty
referer: http://localhost:3000/
accept-encoding: gzip, deflate, br, zstd
accept-language: ko-KR,ko;q=0.9,en-US;q=0.8,en;q=0.7


Security filter chain: [
  DisableEncodeUrlFilter
  WebAsyncManagerIntegrationFilter
  SecurityContextHolderFilter
  HeaderWriterFilter
  CorsFilter
  CsrfFilter
  LogoutFilter
  JwtAuthenticationFilter
  RequestCacheAwareFilter
  SecurityContextHolderAwareRequestFilter
  AnonymousAuthenticationFilter
  ExceptionTranslationFilter
  AuthorizationFilter
]


************************************************************


13:56:45.290 [http-nio-8888-exec-6] DEBUG o.s.security.web.FilterChainProxy -- Securing GET /api/v1/task
13:56:45.291 [http-nio-8888-exec-6] DEBUG o.s.security.web.FilterChainProxy -- Secured GET /api/v1/task
13:56:45.292 [http-nio-8888-exec-6] DEBUG o.s.web.servlet.DispatcherServlet -- GET "/api/v1/task", parameters={}
13:56:45.293 [http-nio-8888-exec-6] DEBUG o.s.w.s.m.m.a.RequestMappingHandlerMapping -- Mapped to com.example.demo.todo.api.TodoApi#getTasks()
13:56:45.296 [http-nio-8888-exec-6] DEBUG o.s.w.s.m.m.a.RequestResponseBodyMethodProcessor -- Using 'application/json', given [*/*] and supported [application/json, application/*+json]
13:56:45.297 [http-nio-8888-exec-6] DEBUG o.s.w.s.m.m.a.RequestResponseBodyMethodProcessor -- Writing [com.example.demo.util.AjaxResponse@3be7afd6]
13:56:45.297 [http-nio-8888-exec-6] DEBUG o.s.s.w.a.AnonymousAuthenticationFilter -- Set SecurityContextHolder to anonymous SecurityContext
13:56:45.298 [http-nio-8888-exec-6] DEBUG o.s.web.servlet.DispatcherServlet -- Completed 200 OK
13:56:45.299 [http-nio-8888-exec-4] INFO  Spring Security Debugger -- 

************************************************************

Request received for GET '/api/v1/task':

org.apache.catalina.connector.RequestFacade@ff60a9f

servletPath:/api/v1/task
pathInfo:null
headers: 
host: localhost:8888
connection: keep-alive
sec-ch-ua-platform: "macOS"
user-agent: Mozilla/5.0 (Macintosh; Intel Mac OS X 10_15_7) AppleWebKit/537.36 (KHTML, like Gecko) Chrome/147.0.0.0 Safari/537.36
sec-ch-ua: "Google Chrome";v="147", "Not.A/Brand";v="8", "Chromium";v="147"
sec-ch-ua-mobile: ?0
accept: */*
origin: http://localhost:3000
sec-fetch-site: same-site
sec-fetch-mode: cors
sec-fetch-dest: empty
referer: http://localhost:3000/
accept-encoding: gzip, deflate, br, zstd
accept-language: ko-KR,ko;q=0.9,en-US;q=0.8,en;q=0.7


Security filter chain: [
  DisableEncodeUrlFilter
  WebAsyncManagerIntegrationFilter
  SecurityContextHolderFilter
  HeaderWriterFilter
  CorsFilter
  CsrfFilter
  LogoutFilter
  JwtAuthenticationFilter
  RequestCacheAwareFilter
  SecurityContextHolderAwareRequestFilter
  AnonymousAuthenticationFilter
  ExceptionTranslationFilter
  AuthorizationFilter
]


************************************************************


13:56:45.300 [http-nio-8888-exec-4] DEBUG o.s.security.web.FilterChainProxy -- Securing GET /api/v1/task
13:56:45.301 [http-nio-8888-exec-4] DEBUG o.s.security.web.FilterChainProxy -- Secured GET /api/v1/task
13:56:45.302 [http-nio-8888-exec-4] DEBUG o.s.web.servlet.DispatcherServlet -- GET "/api/v1/task", parameters={}
13:56:45.302 [http-nio-8888-exec-4] DEBUG o.s.w.s.m.m.a.RequestMappingHandlerMapping -- Mapped to com.example.demo.todo.api.TodoApi#getTasks()
13:56:45.304 [http-nio-8888-exec-4] DEBUG o.s.w.s.m.m.a.RequestResponseBodyMethodProcessor -- Using 'application/json', given [*/*] and supported [application/json, application/*+json]
13:56:45.305 [http-nio-8888-exec-4] DEBUG o.s.w.s.m.m.a.RequestResponseBodyMethodProcessor -- Writing [com.example.demo.util.AjaxResponse@760db98f]
13:56:45.306 [http-nio-8888-exec-4] DEBUG o.s.s.w.a.AnonymousAuthenticationFilter -- Set SecurityContextHolder to anonymous SecurityContext
13:56:45.307 [http-nio-8888-exec-4] DEBUG o.s.web.servlet.DispatcherServlet -- Completed 200 OK
14:09:10.232 [http-nio-8888-exec-9] INFO  Spring Security Debugger -- 

************************************************************

Request received for GET '/api/v1/task':

org.apache.catalina.connector.RequestFacade@6d6c4314

servletPath:/api/v1/task
pathInfo:null
headers: 
host: localhost:8888
connection: keep-alive
sec-ch-ua-platform: "macOS"
user-agent: Mozilla/5.0 (Macintosh; Intel Mac OS X 10_15_7) AppleWebKit/537.36 (KHTML, like Gecko) Chrome/147.0.0.0 Safari/537.36
sec-ch-ua: "Google Chrome";v="147", "Not.A/Brand";v="8", "Chromium";v="147"
sec-ch-ua-mobile: ?0
accept: */*
origin: http://localhost:3000
sec-fetch-site: same-site
sec-fetch-mode: cors
sec-fetch-dest: empty
referer: http://localhost:3000/
accept-encoding: gzip, deflate, br, zstd
accept-language: ko-KR,ko;q=0.9,en-US;q=0.8,en;q=0.7


Security filter chain: [
  DisableEncodeUrlFilter
  WebAsyncManagerIntegrationFilter
  SecurityContextHolderFilter
  HeaderWriterFilter
  CorsFilter
  CsrfFilter
  LogoutFilter
  JwtAuthenticationFilter
  RequestCacheAwareFilter
  SecurityContextHolderAwareRequestFilter
  AnonymousAuthenticationFilter
  ExceptionTranslationFilter
  AuthorizationFilter
]


************************************************************


14:09:10.379 [http-nio-8888-exec-9] DEBUG o.s.security.web.FilterChainProxy -- Securing GET /api/v1/task
14:09:10.381 [http-nio-8888-exec-9] DEBUG o.s.security.web.FilterChainProxy -- Secured GET /api/v1/task
14:09:10.382 [http-nio-8888-exec-9] DEBUG o.s.web.servlet.DispatcherServlet -- GET "/api/v1/task", parameters={}
14:09:10.384 [http-nio-8888-exec-9] DEBUG o.s.w.s.m.m.a.RequestMappingHandlerMapping -- Mapped to com.example.demo.todo.api.TodoApi#getTasks()
14:09:10.391 [http-nio-8888-exec-9] DEBUG o.s.w.s.m.m.a.RequestResponseBodyMethodProcessor -- Using 'application/json', given [*/*] and supported [application/json, application/*+json]
14:09:10.408 [http-nio-8888-exec-9] DEBUG o.s.w.s.m.m.a.RequestResponseBodyMethodProcessor -- Writing [com.example.demo.util.AjaxResponse@a3a7ec0]
14:09:10.410 [http-nio-8888-exec-9] DEBUG o.s.s.w.a.AnonymousAuthenticationFilter -- Set SecurityContextHolder to anonymous SecurityContext
14:09:10.411 [http-nio-8888-exec-9] DEBUG o.s.web.servlet.DispatcherServlet -- Completed 200 OK
14:09:10.412 [http-nio-8888-exec-1] INFO  Spring Security Debugger -- 

************************************************************

Request received for GET '/api/v1/task':

org.apache.catalina.connector.RequestFacade@6f5f7028

servletPath:/api/v1/task
pathInfo:null
headers: 
host: localhost:8888
connection: keep-alive
sec-ch-ua-platform: "macOS"
user-agent: Mozilla/5.0 (Macintosh; Intel Mac OS X 10_15_7) AppleWebKit/537.36 (KHTML, like Gecko) Chrome/147.0.0.0 Safari/537.36
sec-ch-ua: "Google Chrome";v="147", "Not.A/Brand";v="8", "Chromium";v="147"
sec-ch-ua-mobile: ?0
accept: */*
origin: http://localhost:3000
sec-fetch-site: same-site
sec-fetch-mode: cors
sec-fetch-dest: empty
referer: http://localhost:3000/
accept-encoding: gzip, deflate, br, zstd
accept-language: ko-KR,ko;q=0.9,en-US;q=0.8,en;q=0.7


Security filter chain: [
  DisableEncodeUrlFilter
  WebAsyncManagerIntegrationFilter
  SecurityContextHolderFilter
  HeaderWriterFilter
  CorsFilter
  CsrfFilter
  LogoutFilter
  JwtAuthenticationFilter
  RequestCacheAwareFilter
  SecurityContextHolderAwareRequestFilter
  AnonymousAuthenticationFilter
  ExceptionTranslationFilter
  AuthorizationFilter
]


************************************************************


14:09:10.429 [http-nio-8888-exec-1] DEBUG o.s.security.web.FilterChainProxy -- Securing GET /api/v1/task
14:09:10.431 [http-nio-8888-exec-1] DEBUG o.s.security.web.FilterChainProxy -- Secured GET /api/v1/task
14:09:10.431 [http-nio-8888-exec-1] DEBUG o.s.web.servlet.DispatcherServlet -- GET "/api/v1/task", parameters={}
14:09:10.431 [http-nio-8888-exec-1] DEBUG o.s.w.s.m.m.a.RequestMappingHandlerMapping -- Mapped to com.example.demo.todo.api.TodoApi#getTasks()
14:09:10.432 [http-nio-8888-exec-1] DEBUG o.s.w.s.m.m.a.RequestResponseBodyMethodProcessor -- Using 'application/json', given [*/*] and supported [application/json, application/*+json]
14:09:10.432 [http-nio-8888-exec-1] DEBUG o.s.w.s.m.m.a.RequestResponseBodyMethodProcessor -- Writing [com.example.demo.util.AjaxResponse@6eb03a22]
14:09:10.432 [http-nio-8888-exec-1] DEBUG o.s.s.w.a.AnonymousAuthenticationFilter -- Set SecurityContextHolder to anonymous SecurityContext
14:09:10.432 [http-nio-8888-exec-1] DEBUG o.s.web.servlet.DispatcherServlet -- Completed 200 OK
14:09:10.433 [http-nio-8888-exec-3] INFO  Spring Security Debugger -- 

************************************************************

Request received for GET '/api/v1/task':

org.apache.catalina.connector.RequestFacade@61149830

servletPath:/api/v1/task
pathInfo:null
headers: 
host: localhost:8888
connection: keep-alive
sec-ch-ua-platform: "macOS"
user-agent: Mozilla/5.0 (Macintosh; Intel Mac OS X 10_15_7) AppleWebKit/537.36 (KHTML, like Gecko) Chrome/147.0.0.0 Safari/537.36
sec-ch-ua: "Google Chrome";v="147", "Not.A/Brand";v="8", "Chromium";v="147"
sec-ch-ua-mobile: ?0
accept: */*
origin: http://localhost:3000
sec-fetch-site: same-site
sec-fetch-mode: cors
sec-fetch-dest: empty
referer: http://localhost:3000/
accept-encoding: gzip, deflate, br, zstd
accept-language: ko-KR,ko;q=0.9,en-US;q=0.8,en;q=0.7


Security filter chain: [
  DisableEncodeUrlFilter
  WebAsyncManagerIntegrationFilter
  SecurityContextHolderFilter
  HeaderWriterFilter
  CorsFilter
  CsrfFilter
  LogoutFilter
  JwtAuthenticationFilter
  RequestCacheAwareFilter
  SecurityContextHolderAwareRequestFilter
  AnonymousAuthenticationFilter
  ExceptionTranslationFilter
  AuthorizationFilter
]


************************************************************


14:09:10.433 [http-nio-8888-exec-3] DEBUG o.s.security.web.FilterChainProxy -- Securing GET /api/v1/task
14:09:10.434 [http-nio-8888-exec-3] DEBUG o.s.security.web.FilterChainProxy -- Secured GET /api/v1/task
14:09:10.434 [http-nio-8888-exec-3] DEBUG o.s.web.servlet.DispatcherServlet -- GET "/api/v1/task", parameters={}
14:09:10.434 [http-nio-8888-exec-3] DEBUG o.s.w.s.m.m.a.RequestMappingHandlerMapping -- Mapped to com.example.demo.todo.api.TodoApi#getTasks()
14:09:10.434 [http-nio-8888-exec-3] DEBUG o.s.w.s.m.m.a.RequestResponseBodyMethodProcessor -- Using 'application/json', given [*/*] and supported [application/json, application/*+json]
14:09:10.435 [http-nio-8888-exec-3] DEBUG o.s.w.s.m.m.a.RequestResponseBodyMethodProcessor -- Writing [com.example.demo.util.AjaxResponse@519ec26f]
14:09:10.435 [http-nio-8888-exec-3] DEBUG o.s.s.w.a.AnonymousAuthenticationFilter -- Set SecurityContextHolder to anonymous SecurityContext
14:09:10.436 [http-nio-8888-exec-3] DEBUG o.s.web.servlet.DispatcherServlet -- Completed 200 OK
14:09:10.436 [http-nio-8888-exec-10] INFO  Spring Security Debugger -- 

************************************************************

Request received for GET '/api/v1/task':

org.apache.catalina.connector.RequestFacade@7bd969d2

servletPath:/api/v1/task
pathInfo:null
headers: 
host: localhost:8888
connection: keep-alive
sec-ch-ua-platform: "macOS"
user-agent: Mozilla/5.0 (Macintosh; Intel Mac OS X 10_15_7) AppleWebKit/537.36 (KHTML, like Gecko) Chrome/147.0.0.0 Safari/537.36
sec-ch-ua: "Google Chrome";v="147", "Not.A/Brand";v="8", "Chromium";v="147"
sec-ch-ua-mobile: ?0
accept: */*
origin: http://localhost:3000
sec-fetch-site: same-site
sec-fetch-mode: cors
sec-fetch-dest: empty
referer: http://localhost:3000/
accept-encoding: gzip, deflate, br, zstd
accept-language: ko-KR,ko;q=0.9,en-US;q=0.8,en;q=0.7


Security filter chain: [
  DisableEncodeUrlFilter
  WebAsyncManagerIntegrationFilter
  SecurityContextHolderFilter
  HeaderWriterFilter
  CorsFilter
  CsrfFilter
  LogoutFilter
  JwtAuthenticationFilter
  RequestCacheAwareFilter
  SecurityContextHolderAwareRequestFilter
  AnonymousAuthenticationFilter
  ExceptionTranslationFilter
  AuthorizationFilter
]


************************************************************


14:09:10.437 [http-nio-8888-exec-10] DEBUG o.s.security.web.FilterChainProxy -- Securing GET /api/v1/task
14:09:10.437 [http-nio-8888-exec-10] DEBUG o.s.security.web.FilterChainProxy -- Secured GET /api/v1/task
14:09:10.437 [http-nio-8888-exec-10] DEBUG o.s.web.servlet.DispatcherServlet -- GET "/api/v1/task", parameters={}
14:09:10.437 [http-nio-8888-exec-10] DEBUG o.s.w.s.m.m.a.RequestMappingHandlerMapping -- Mapped to com.example.demo.todo.api.TodoApi#getTasks()
14:09:10.438 [http-nio-8888-exec-10] DEBUG o.s.w.s.m.m.a.RequestResponseBodyMethodProcessor -- Using 'application/json', given [*/*] and supported [application/json, application/*+json]
14:09:10.438 [http-nio-8888-exec-10] DEBUG o.s.w.s.m.m.a.RequestResponseBodyMethodProcessor -- Writing [com.example.demo.util.AjaxResponse@3f506f15]
14:09:10.438 [http-nio-8888-exec-10] DEBUG o.s.s.w.a.AnonymousAuthenticationFilter -- Set SecurityContextHolder to anonymous SecurityContext
14:09:10.439 [http-nio-8888-exec-10] DEBUG o.s.web.servlet.DispatcherServlet -- Completed 200 OK
14:18:25.612 [http-nio-8888-exec-4] INFO  Spring Security Debugger -- 

************************************************************

Request received for GET '/api/v1/task':

org.apache.catalina.connector.RequestFacade@5e2d2e15

servletPath:/api/v1/task
pathInfo:null
headers: 
host: localhost:8888
connection: keep-alive
pragma: no-cache
cache-control: no-cache
sec-ch-ua-platform: "macOS"
user-agent: Mozilla/5.0 (Macintosh; Intel Mac OS X 10_15_7) AppleWebKit/537.36 (KHTML, like Gecko) Chrome/147.0.0.0 Safari/537.36
sec-ch-ua: "Google Chrome";v="147", "Not.A/Brand";v="8", "Chromium";v="147"
sec-ch-ua-mobile: ?0
accept: */*
origin: http://localhost:3000
sec-fetch-site: same-site
sec-fetch-mode: cors
sec-fetch-dest: empty
referer: http://localhost:3000/
accept-encoding: gzip, deflate, br, zstd
accept-language: ko-KR,ko;q=0.9,en-US;q=0.8,en;q=0.7


Security filter chain: [
  DisableEncodeUrlFilter
  WebAsyncManagerIntegrationFilter
  SecurityContextHolderFilter
  HeaderWriterFilter
  CorsFilter
  CsrfFilter
  LogoutFilter
  JwtAuthenticationFilter
  RequestCacheAwareFilter
  SecurityContextHolderAwareRequestFilter
  AnonymousAuthenticationFilter
  ExceptionTranslationFilter
  AuthorizationFilter
]


************************************************************


14:18:25.612 [http-nio-8888-exec-6] INFO  Spring Security Debugger -- 

************************************************************

Request received for GET '/api/v1/task':

org.apache.catalina.connector.RequestFacade@114619c8

servletPath:/api/v1/task
pathInfo:null
headers: 
host: localhost:8888
connection: keep-alive
pragma: no-cache
cache-control: no-cache
sec-ch-ua-platform: "macOS"
user-agent: Mozilla/5.0 (Macintosh; Intel Mac OS X 10_15_7) AppleWebKit/537.36 (KHTML, like Gecko) Chrome/147.0.0.0 Safari/537.36
sec-ch-ua: "Google Chrome";v="147", "Not.A/Brand";v="8", "Chromium";v="147"
sec-ch-ua-mobile: ?0
accept: */*
origin: http://localhost:3000
sec-fetch-site: same-site
sec-fetch-mode: cors
sec-fetch-dest: empty
referer: http://localhost:3000/
accept-encoding: gzip, deflate, br, zstd
accept-language: ko-KR,ko;q=0.9,en-US;q=0.8,en;q=0.7


Security filter chain: [
  DisableEncodeUrlFilter
  WebAsyncManagerIntegrationFilter
  SecurityContextHolderFilter
  HeaderWriterFilter
  CorsFilter
  CsrfFilter
  LogoutFilter
  JwtAuthenticationFilter
  RequestCacheAwareFilter
  SecurityContextHolderAwareRequestFilter
  AnonymousAuthenticationFilter
  ExceptionTranslationFilter
  AuthorizationFilter
]


************************************************************


14:18:25.619 [http-nio-8888-exec-4] DEBUG o.s.security.web.FilterChainProxy -- Securing GET /api/v1/task
14:18:25.619 [http-nio-8888-exec-6] DEBUG o.s.security.web.FilterChainProxy -- Securing GET /api/v1/task
14:18:25.624 [http-nio-8888-exec-6] DEBUG o.s.security.web.FilterChainProxy -- Secured GET /api/v1/task
14:18:25.624 [http-nio-8888-exec-4] DEBUG o.s.security.web.FilterChainProxy -- Secured GET /api/v1/task
14:18:25.627 [http-nio-8888-exec-4] DEBUG o.s.web.servlet.DispatcherServlet -- GET "/api/v1/task", parameters={}
14:18:25.627 [http-nio-8888-exec-6] DEBUG o.s.web.servlet.DispatcherServlet -- GET "/api/v1/task", parameters={}
14:18:25.628 [http-nio-8888-exec-4] DEBUG o.s.w.s.m.m.a.RequestMappingHandlerMapping -- Mapped to com.example.demo.todo.api.TodoApi#getTasks()
14:18:25.628 [http-nio-8888-exec-6] DEBUG o.s.w.s.m.m.a.RequestMappingHandlerMapping -- Mapped to com.example.demo.todo.api.TodoApi#getTasks()
14:18:25.631 [http-nio-8888-exec-4] DEBUG o.s.w.s.m.m.a.RequestResponseBodyMethodProcessor -- Using 'application/json', given [*/*] and supported [application/json, application/*+json]
14:18:25.631 [http-nio-8888-exec-6] DEBUG o.s.w.s.m.m.a.RequestResponseBodyMethodProcessor -- Using 'application/json', given [*/*] and supported [application/json, application/*+json]
14:18:25.632 [http-nio-8888-exec-4] DEBUG o.s.w.s.m.m.a.RequestResponseBodyMethodProcessor -- Writing [com.example.demo.util.AjaxResponse@494e957b]
14:18:25.632 [http-nio-8888-exec-6] DEBUG o.s.w.s.m.m.a.RequestResponseBodyMethodProcessor -- Writing [com.example.demo.util.AjaxResponse@16e4d598]
14:18:25.633 [http-nio-8888-exec-6] DEBUG o.s.s.w.a.AnonymousAuthenticationFilter -- Set SecurityContextHolder to anonymous SecurityContext
14:18:25.633 [http-nio-8888-exec-4] DEBUG o.s.s.w.a.AnonymousAuthenticationFilter -- Set SecurityContextHolder to anonymous SecurityContext
14:18:25.634 [http-nio-8888-exec-6] DEBUG o.s.web.servlet.DispatcherServlet -- Completed 200 OK
14:18:25.634 [http-nio-8888-exec-4] DEBUG o.s.web.servlet.DispatcherServlet -- Completed 200 OK
14:18:31.079 [http-nio-8888-exec-7] INFO  Spring Security Debugger -- 

************************************************************

Request received for OPTIONS '/api/v1/task':

org.apache.catalina.connector.RequestFacade@3a2a2d83

servletPath:/api/v1/task
pathInfo:null
headers: 
host: localhost:8888
connection: keep-alive
accept: */*
access-control-request-method: POST
access-control-request-headers: content-type
origin: http://localhost:3000
user-agent: Mozilla/5.0 (Macintosh; Intel Mac OS X 10_15_7) AppleWebKit/537.36 (KHTML, like Gecko) Chrome/147.0.0.0 Safari/537.36
sec-fetch-mode: cors
sec-fetch-site: same-site
sec-fetch-dest: empty
referer: http://localhost:3000/
accept-encoding: gzip, deflate, br, zstd
accept-language: ko-KR,ko;q=0.9,en-US;q=0.8,en;q=0.7


Security filter chain: [
  DisableEncodeUrlFilter
  WebAsyncManagerIntegrationFilter
  SecurityContextHolderFilter
  HeaderWriterFilter
  CorsFilter
  CsrfFilter
  LogoutFilter
  JwtAuthenticationFilter
  RequestCacheAwareFilter
  SecurityContextHolderAwareRequestFilter
  AnonymousAuthenticationFilter
  ExceptionTranslationFilter
  AuthorizationFilter
]


************************************************************


14:18:31.080 [http-nio-8888-exec-7] DEBUG o.s.security.web.FilterChainProxy -- Securing OPTIONS /api/v1/task
14:18:31.084 [http-nio-8888-exec-8] INFO  Spring Security Debugger -- 

************************************************************

Request received for POST '/api/v1/task':

org.apache.catalina.connector.RequestFacade@6981aefa

servletPath:/api/v1/task
pathInfo:null
headers: 
host: localhost:8888
connection: keep-alive
content-length: 67
sec-ch-ua-platform: "macOS"
user-agent: Mozilla/5.0 (Macintosh; Intel Mac OS X 10_15_7) AppleWebKit/537.36 (KHTML, like Gecko) Chrome/147.0.0.0 Safari/537.36
sec-ch-ua: "Google Chrome";v="147", "Not.A/Brand";v="8", "Chromium";v="147"
content-type: application/json
sec-ch-ua-mobile: ?0
accept: */*
origin: http://localhost:3000
sec-fetch-site: same-site
sec-fetch-mode: cors
sec-fetch-dest: empty
referer: http://localhost:3000/
accept-encoding: gzip, deflate, br, zstd
accept-language: ko-KR,ko;q=0.9,en-US;q=0.8,en;q=0.7


Security filter chain: [
  DisableEncodeUrlFilter
  WebAsyncManagerIntegrationFilter
  SecurityContextHolderFilter
  HeaderWriterFilter
  CorsFilter
  CsrfFilter
  LogoutFilter
  JwtAuthenticationFilter
  RequestCacheAwareFilter
  SecurityContextHolderAwareRequestFilter
  AnonymousAuthenticationFilter
  ExceptionTranslationFilter
  AuthorizationFilter
]


************************************************************


14:18:31.085 [http-nio-8888-exec-8] DEBUG o.s.security.web.FilterChainProxy -- Securing POST /api/v1/task
14:18:31.086 [http-nio-8888-exec-8] DEBUG o.s.security.web.FilterChainProxy -- Secured POST /api/v1/task
14:18:31.087 [http-nio-8888-exec-8] DEBUG o.s.web.servlet.DispatcherServlet -- POST "/api/v1/task", parameters={}
14:18:31.087 [http-nio-8888-exec-8] DEBUG o.s.w.s.m.m.a.RequestMappingHandlerMapping -- Mapped to com.example.demo.todo.api.TodoApi#addTask(TodoVO)
14:18:31.091 [http-nio-8888-exec-8] DEBUG o.s.w.s.m.m.a.RequestResponseBodyMethodProcessor -- Read "application/json;charset=UTF-8" to [{"task":"asd","dueDate":"2026-04-01","priority":"2","isDone":false}]
14:18:31.095 [http-nio-8888-exec-8] DEBUG o.s.w.s.m.m.a.RequestResponseBodyMethodProcessor -- Using 'application/json', given [*/*] and supported [application/json, application/*+json]
14:18:31.096 [http-nio-8888-exec-8] DEBUG o.s.w.s.m.m.a.RequestResponseBodyMethodProcessor -- Writing [com.example.demo.util.AjaxResponse@70a0e1eb]
14:18:31.098 [http-nio-8888-exec-8] DEBUG o.s.s.w.a.AnonymousAuthenticationFilter -- Set SecurityContextHolder to anonymous SecurityContext
14:18:31.098 [http-nio-8888-exec-8] DEBUG o.s.web.servlet.DispatcherServlet -- Completed 200 OK
14:18:32.110 [http-nio-8888-exec-9] INFO  Spring Security Debugger -- 

************************************************************

Request received for GET '/api/v1/task':

org.apache.catalina.connector.RequestFacade@67f3199

servletPath:/api/v1/task
pathInfo:null
headers: 
host: localhost:8888
connection: keep-alive
sec-ch-ua-platform: "macOS"
user-agent: Mozilla/5.0 (Macintosh; Intel Mac OS X 10_15_7) AppleWebKit/537.36 (KHTML, like Gecko) Chrome/147.0.0.0 Safari/537.36
sec-ch-ua: "Google Chrome";v="147", "Not.A/Brand";v="8", "Chromium";v="147"
sec-ch-ua-mobile: ?0
accept: */*
origin: http://localhost:3000
sec-fetch-site: same-site
sec-fetch-mode: cors
sec-fetch-dest: empty
referer: http://localhost:3000/
accept-encoding: gzip, deflate, br, zstd
accept-language: ko-KR,ko;q=0.9,en-US;q=0.8,en;q=0.7


Security filter chain: [
  DisableEncodeUrlFilter
  WebAsyncManagerIntegrationFilter
  SecurityContextHolderFilter
  HeaderWriterFilter
  CorsFilter
  CsrfFilter
  LogoutFilter
  JwtAuthenticationFilter
  RequestCacheAwareFilter
  SecurityContextHolderAwareRequestFilter
  AnonymousAuthenticationFilter
  ExceptionTranslationFilter
  AuthorizationFilter
]


************************************************************


14:18:32.111 [http-nio-8888-exec-9] DEBUG o.s.security.web.FilterChainProxy -- Securing GET /api/v1/task
14:18:32.112 [http-nio-8888-exec-9] DEBUG o.s.security.web.FilterChainProxy -- Secured GET /api/v1/task
14:18:32.114 [http-nio-8888-exec-9] DEBUG o.s.web.servlet.DispatcherServlet -- GET "/api/v1/task", parameters={}
14:18:32.115 [http-nio-8888-exec-9] DEBUG o.s.w.s.m.m.a.RequestMappingHandlerMapping -- Mapped to com.example.demo.todo.api.TodoApi#getTasks()
14:18:32.117 [http-nio-8888-exec-9] DEBUG o.s.w.s.m.m.a.RequestResponseBodyMethodProcessor -- Using 'application/json', given [*/*] and supported [application/json, application/*+json]
14:18:32.117 [http-nio-8888-exec-9] DEBUG o.s.w.s.m.m.a.RequestResponseBodyMethodProcessor -- Writing [com.example.demo.util.AjaxResponse@1468a094]
14:18:32.118 [http-nio-8888-exec-9] DEBUG o.s.s.w.a.AnonymousAuthenticationFilter -- Set SecurityContextHolder to anonymous SecurityContext
14:18:32.119 [http-nio-8888-exec-9] DEBUG o.s.web.servlet.DispatcherServlet -- Completed 200 OK
14:18:32.120 [http-nio-8888-exec-1] INFO  Spring Security Debugger -- 

************************************************************

Request received for GET '/api/v1/task':

org.apache.catalina.connector.RequestFacade@51ccf5ed

servletPath:/api/v1/task
pathInfo:null
headers: 
host: localhost:8888
connection: keep-alive
sec-ch-ua-platform: "macOS"
user-agent: Mozilla/5.0 (Macintosh; Intel Mac OS X 10_15_7) AppleWebKit/537.36 (KHTML, like Gecko) Chrome/147.0.0.0 Safari/537.36
sec-ch-ua: "Google Chrome";v="147", "Not.A/Brand";v="8", "Chromium";v="147"
sec-ch-ua-mobile: ?0
accept: */*
origin: http://localhost:3000
sec-fetch-site: same-site
sec-fetch-mode: cors
sec-fetch-dest: empty
referer: http://localhost:3000/
accept-encoding: gzip, deflate, br, zstd
accept-language: ko-KR,ko;q=0.9,en-US;q=0.8,en;q=0.7


Security filter chain: [
  DisableEncodeUrlFilter
  WebAsyncManagerIntegrationFilter
  SecurityContextHolderFilter
  HeaderWriterFilter
  CorsFilter
  CsrfFilter
  LogoutFilter
  JwtAuthenticationFilter
  RequestCacheAwareFilter
  SecurityContextHolderAwareRequestFilter
  AnonymousAuthenticationFilter
  ExceptionTranslationFilter
  AuthorizationFilter
]


************************************************************


14:18:32.120 [http-nio-8888-exec-1] DEBUG o.s.security.web.FilterChainProxy -- Securing GET /api/v1/task
14:18:32.121 [http-nio-8888-exec-1] DEBUG o.s.security.web.FilterChainProxy -- Secured GET /api/v1/task
14:18:32.125 [http-nio-8888-exec-1] DEBUG o.s.web.servlet.DispatcherServlet -- GET "/api/v1/task", parameters={}
14:18:32.126 [http-nio-8888-exec-1] DEBUG o.s.w.s.m.m.a.RequestMappingHandlerMapping -- Mapped to com.example.demo.todo.api.TodoApi#getTasks()
14:18:32.129 [http-nio-8888-exec-1] DEBUG o.s.w.s.m.m.a.RequestResponseBodyMethodProcessor -- Using 'application/json', given [*/*] and supported [application/json, application/*+json]
14:18:32.130 [http-nio-8888-exec-1] DEBUG o.s.w.s.m.m.a.RequestResponseBodyMethodProcessor -- Writing [com.example.demo.util.AjaxResponse@50542f60]
14:18:32.133 [http-nio-8888-exec-1] DEBUG o.s.s.w.a.AnonymousAuthenticationFilter -- Set SecurityContextHolder to anonymous SecurityContext
14:18:32.134 [http-nio-8888-exec-1] DEBUG o.s.web.servlet.DispatcherServlet -- Completed 200 OK
14:19:59.461 [http-nio-8888-exec-5] INFO  Spring Security Debugger -- 

************************************************************

Request received for GET '/api/v1/task':

org.apache.catalina.connector.RequestFacade@6b77dac2

servletPath:/api/v1/task
pathInfo:null
headers: 
host: localhost:8888
connection: keep-alive
pragma: no-cache
cache-control: no-cache
sec-ch-ua-platform: "macOS"
user-agent: Mozilla/5.0 (Macintosh; Intel Mac OS X 10_15_7) AppleWebKit/537.36 (KHTML, like Gecko) Chrome/147.0.0.0 Safari/537.36
sec-ch-ua: "Google Chrome";v="147", "Not.A/Brand";v="8", "Chromium";v="147"
sec-ch-ua-mobile: ?0
accept: */*
origin: http://localhost:3000
sec-fetch-site: same-site
sec-fetch-mode: cors
sec-fetch-dest: empty
referer: http://localhost:3000/
accept-encoding: gzip, deflate, br, zstd
accept-language: ko-KR,ko;q=0.9,en-US;q=0.8,en;q=0.7


Security filter chain: [
  DisableEncodeUrlFilter
  WebAsyncManagerIntegrationFilter
  SecurityContextHolderFilter
  HeaderWriterFilter
  CorsFilter
  CsrfFilter
  LogoutFilter
  JwtAuthenticationFilter
  RequestCacheAwareFilter
  SecurityContextHolderAwareRequestFilter
  AnonymousAuthenticationFilter
  ExceptionTranslationFilter
  AuthorizationFilter
]


************************************************************


14:19:59.461 [http-nio-8888-exec-2] INFO  Spring Security Debugger -- 

************************************************************

Request received for GET '/api/v1/task':

org.apache.catalina.connector.RequestFacade@57863936

servletPath:/api/v1/task
pathInfo:null
headers: 
host: localhost:8888
connection: keep-alive
pragma: no-cache
cache-control: no-cache
sec-ch-ua-platform: "macOS"
user-agent: Mozilla/5.0 (Macintosh; Intel Mac OS X 10_15_7) AppleWebKit/537.36 (KHTML, like Gecko) Chrome/147.0.0.0 Safari/537.36
sec-ch-ua: "Google Chrome";v="147", "Not.A/Brand";v="8", "Chromium";v="147"
sec-ch-ua-mobile: ?0
accept: */*
origin: http://localhost:3000
sec-fetch-site: same-site
sec-fetch-mode: cors
sec-fetch-dest: empty
referer: http://localhost:3000/
accept-encoding: gzip, deflate, br, zstd
accept-language: ko-KR,ko;q=0.9,en-US;q=0.8,en;q=0.7


Security filter chain: [
  DisableEncodeUrlFilter
  WebAsyncManagerIntegrationFilter
  SecurityContextHolderFilter
  HeaderWriterFilter
  CorsFilter
  CsrfFilter
  LogoutFilter
  JwtAuthenticationFilter
  RequestCacheAwareFilter
  SecurityContextHolderAwareRequestFilter
  AnonymousAuthenticationFilter
  ExceptionTranslationFilter
  AuthorizationFilter
]


************************************************************


14:19:59.467 [http-nio-8888-exec-5] DEBUG o.s.security.web.FilterChainProxy -- Securing GET /api/v1/task
14:19:59.467 [http-nio-8888-exec-2] DEBUG o.s.security.web.FilterChainProxy -- Securing GET /api/v1/task
14:19:59.469 [http-nio-8888-exec-5] DEBUG o.s.security.web.FilterChainProxy -- Secured GET /api/v1/task
14:19:59.469 [http-nio-8888-exec-2] DEBUG o.s.security.web.FilterChainProxy -- Secured GET /api/v1/task
14:19:59.470 [http-nio-8888-exec-2] DEBUG o.s.web.servlet.DispatcherServlet -- GET "/api/v1/task", parameters={}
14:19:59.470 [http-nio-8888-exec-5] DEBUG o.s.web.servlet.DispatcherServlet -- GET "/api/v1/task", parameters={}
14:19:59.471 [http-nio-8888-exec-5] DEBUG o.s.w.s.m.m.a.RequestMappingHandlerMapping -- Mapped to com.example.demo.todo.api.TodoApi#getTasks()
14:19:59.471 [http-nio-8888-exec-2] DEBUG o.s.w.s.m.m.a.RequestMappingHandlerMapping -- Mapped to com.example.demo.todo.api.TodoApi#getTasks()
14:19:59.477 [http-nio-8888-exec-5] DEBUG o.s.w.s.m.m.a.RequestResponseBodyMethodProcessor -- Using 'application/json', given [*/*] and supported [application/json, application/*+json]
14:19:59.477 [http-nio-8888-exec-2] DEBUG o.s.w.s.m.m.a.RequestResponseBodyMethodProcessor -- Using 'application/json', given [*/*] and supported [application/json, application/*+json]
14:19:59.478 [http-nio-8888-exec-2] DEBUG o.s.w.s.m.m.a.RequestResponseBodyMethodProcessor -- Writing [com.example.demo.util.AjaxResponse@66b44618]
14:19:59.478 [http-nio-8888-exec-5] DEBUG o.s.w.s.m.m.a.RequestResponseBodyMethodProcessor -- Writing [com.example.demo.util.AjaxResponse@2273e7ac]
14:19:59.482 [http-nio-8888-exec-2] DEBUG o.s.s.w.a.AnonymousAuthenticationFilter -- Set SecurityContextHolder to anonymous SecurityContext
14:19:59.482 [http-nio-8888-exec-5] DEBUG o.s.s.w.a.AnonymousAuthenticationFilter -- Set SecurityContextHolder to anonymous SecurityContext
14:19:59.483 [http-nio-8888-exec-2] DEBUG o.s.web.servlet.DispatcherServlet -- Completed 200 OK
14:19:59.483 [http-nio-8888-exec-5] DEBUG o.s.web.servlet.DispatcherServlet -- Completed 200 OK
14:20:07.398 [http-nio-8888-exec-6] INFO  Spring Security Debugger -- 

************************************************************

Request received for OPTIONS '/api/v1/task':

org.apache.catalina.connector.RequestFacade@362748ba

servletPath:/api/v1/task
pathInfo:null
headers: 
host: localhost:8888
connection: keep-alive
accept: */*
access-control-request-method: POST
access-control-request-headers: content-type
origin: http://localhost:3000
user-agent: Mozilla/5.0 (Macintosh; Intel Mac OS X 10_15_7) AppleWebKit/537.36 (KHTML, like Gecko) Chrome/147.0.0.0 Safari/537.36
sec-fetch-mode: cors
sec-fetch-site: same-site
sec-fetch-dest: empty
referer: http://localhost:3000/
accept-encoding: gzip, deflate, br, zstd
accept-language: ko-KR,ko;q=0.9,en-US;q=0.8,en;q=0.7


Security filter chain: [
  DisableEncodeUrlFilter
  WebAsyncManagerIntegrationFilter
  SecurityContextHolderFilter
  HeaderWriterFilter
  CorsFilter
  CsrfFilter
  LogoutFilter
  JwtAuthenticationFilter
  RequestCacheAwareFilter
  SecurityContextHolderAwareRequestFilter
  AnonymousAuthenticationFilter
  ExceptionTranslationFilter
  AuthorizationFilter
]


************************************************************


14:20:07.399 [http-nio-8888-exec-6] DEBUG o.s.security.web.FilterChainProxy -- Securing OPTIONS /api/v1/task
14:20:07.398 [http-nio-8888-exec-4] INFO  Spring Security Debugger -- 

************************************************************

Request received for GET '/api/v1/task':

org.apache.catalina.connector.RequestFacade@7653dc3f

servletPath:/api/v1/task
pathInfo:null
headers: 
host: localhost:8888
connection: keep-alive
sec-ch-ua-platform: "macOS"
user-agent: Mozilla/5.0 (Macintosh; Intel Mac OS X 10_15_7) AppleWebKit/537.36 (KHTML, like Gecko) Chrome/147.0.0.0 Safari/537.36
sec-ch-ua: "Google Chrome";v="147", "Not.A/Brand";v="8", "Chromium";v="147"
sec-ch-ua-mobile: ?0
accept: */*
origin: http://localhost:3000
sec-fetch-site: same-site
sec-fetch-mode: cors
sec-fetch-dest: empty
referer: http://localhost:3000/
accept-encoding: gzip, deflate, br, zstd
accept-language: ko-KR,ko;q=0.9,en-US;q=0.8,en;q=0.7


Security filter chain: [
  DisableEncodeUrlFilter
  WebAsyncManagerIntegrationFilter
  SecurityContextHolderFilter
  HeaderWriterFilter
  CorsFilter
  CsrfFilter
  LogoutFilter
  JwtAuthenticationFilter
  RequestCacheAwareFilter
  SecurityContextHolderAwareRequestFilter
  AnonymousAuthenticationFilter
  ExceptionTranslationFilter
  AuthorizationFilter
]


************************************************************


14:20:07.400 [http-nio-8888-exec-4] DEBUG o.s.security.web.FilterChainProxy -- Securing GET /api/v1/task
14:20:07.400 [http-nio-8888-exec-4] DEBUG o.s.security.web.FilterChainProxy -- Secured GET /api/v1/task
14:20:07.401 [http-nio-8888-exec-4] DEBUG o.s.web.servlet.DispatcherServlet -- GET "/api/v1/task", parameters={}
14:20:07.401 [http-nio-8888-exec-4] DEBUG o.s.w.s.m.m.a.RequestMappingHandlerMapping -- Mapped to com.example.demo.todo.api.TodoApi#getTasks()
14:20:07.402 [http-nio-8888-exec-7] INFO  Spring Security Debugger -- 

************************************************************

Request received for POST '/api/v1/task':

org.apache.catalina.connector.RequestFacade@6a6c3f2b

servletPath:/api/v1/task
pathInfo:null
headers: 
host: localhost:8888
connection: keep-alive
content-length: 68
sec-ch-ua-platform: "macOS"
user-agent: Mozilla/5.0 (Macintosh; Intel Mac OS X 10_15_7) AppleWebKit/537.36 (KHTML, like Gecko) Chrome/147.0.0.0 Safari/537.36
sec-ch-ua: "Google Chrome";v="147", "Not.A/Brand";v="8", "Chromium";v="147"
content-type: application/json
sec-ch-ua-mobile: ?0
accept: */*
origin: http://localhost:3000
sec-fetch-site: same-site
sec-fetch-mode: cors
sec-fetch-dest: empty
referer: http://localhost:3000/
accept-encoding: gzip, deflate, br, zstd
accept-language: ko-KR,ko;q=0.9,en-US;q=0.8,en;q=0.7


Security filter chain: [
  DisableEncodeUrlFilter
  WebAsyncManagerIntegrationFilter
  SecurityContextHolderFilter
  HeaderWriterFilter
  CorsFilter
  CsrfFilter
  LogoutFilter
  JwtAuthenticationFilter
  RequestCacheAwareFilter
  SecurityContextHolderAwareRequestFilter
  AnonymousAuthenticationFilter
  ExceptionTranslationFilter
  AuthorizationFilter
]


************************************************************


14:20:07.403 [http-nio-8888-exec-7] DEBUG o.s.security.web.FilterChainProxy -- Securing POST /api/v1/task
14:20:07.403 [http-nio-8888-exec-7] DEBUG o.s.security.web.FilterChainProxy -- Secured POST /api/v1/task
14:20:07.406 [http-nio-8888-exec-7] DEBUG o.s.web.servlet.DispatcherServlet -- POST "/api/v1/task", parameters={}
14:20:07.403 [http-nio-8888-exec-4] DEBUG o.s.w.s.m.m.a.RequestResponseBodyMethodProcessor -- Using 'application/json', given [*/*] and supported [application/json, application/*+json]
14:20:07.409 [http-nio-8888-exec-7] DEBUG o.s.w.s.m.m.a.RequestMappingHandlerMapping -- Mapped to com.example.demo.todo.api.TodoApi#addTask(TodoVO)
14:20:07.409 [http-nio-8888-exec-4] DEBUG o.s.w.s.m.m.a.RequestResponseBodyMethodProcessor -- Writing [com.example.demo.util.AjaxResponse@6d09d2bb]
14:20:07.410 [http-nio-8888-exec-4] DEBUG o.s.s.w.a.AnonymousAuthenticationFilter -- Set SecurityContextHolder to anonymous SecurityContext
14:20:07.411 [http-nio-8888-exec-4] DEBUG o.s.web.servlet.DispatcherServlet -- Completed 200 OK
14:20:07.413 [http-nio-8888-exec-7] DEBUG o.s.w.s.m.m.a.RequestResponseBodyMethodProcessor -- Read "application/json;charset=UTF-8" to [{"task":"asdz","dueDate":"2026-01-01","priority":"2","isDone":false}]
14:20:07.416 [http-nio-8888-exec-7] DEBUG o.s.w.s.m.m.a.RequestResponseBodyMethodProcessor -- Using 'application/json', given [*/*] and supported [application/json, application/*+json]
14:20:07.417 [http-nio-8888-exec-7] DEBUG o.s.w.s.m.m.a.RequestResponseBodyMethodProcessor -- Writing [com.example.demo.util.AjaxResponse@6e442914]
14:20:07.418 [http-nio-8888-exec-7] DEBUG o.s.s.w.a.AnonymousAuthenticationFilter -- Set SecurityContextHolder to anonymous SecurityContext
14:20:07.418 [http-nio-8888-exec-7] DEBUG o.s.web.servlet.DispatcherServlet -- Completed 200 OK
14:20:09.757 [http-nio-8888-exec-8] INFO  Spring Security Debugger -- 

************************************************************

Request received for GET '/api/v1/task':

org.apache.catalina.connector.RequestFacade@275cc344

servletPath:/api/v1/task
pathInfo:null
headers: 
host: localhost:8888
connection: keep-alive
sec-ch-ua-platform: "macOS"
user-agent: Mozilla/5.0 (Macintosh; Intel Mac OS X 10_15_7) AppleWebKit/537.36 (KHTML, like Gecko) Chrome/147.0.0.0 Safari/537.36
sec-ch-ua: "Google Chrome";v="147", "Not.A/Brand";v="8", "Chromium";v="147"
sec-ch-ua-mobile: ?0
accept: */*
origin: http://localhost:3000
sec-fetch-site: same-site
sec-fetch-mode: cors
sec-fetch-dest: empty
referer: http://localhost:3000/
accept-encoding: gzip, deflate, br, zstd
accept-language: ko-KR,ko;q=0.9,en-US;q=0.8,en;q=0.7


Security filter chain: [
  DisableEncodeUrlFilter
  WebAsyncManagerIntegrationFilter
  SecurityContextHolderFilter
  HeaderWriterFilter
  CorsFilter
  CsrfFilter
  LogoutFilter
  JwtAuthenticationFilter
  RequestCacheAwareFilter
  SecurityContextHolderAwareRequestFilter
  AnonymousAuthenticationFilter
  ExceptionTranslationFilter
  AuthorizationFilter
]


************************************************************


14:20:09.760 [http-nio-8888-exec-8] DEBUG o.s.security.web.FilterChainProxy -- Securing GET /api/v1/task
14:20:09.763 [http-nio-8888-exec-8] DEBUG o.s.security.web.FilterChainProxy -- Secured GET /api/v1/task
14:20:09.764 [http-nio-8888-exec-8] DEBUG o.s.web.servlet.DispatcherServlet -- GET "/api/v1/task", parameters={}
14:20:09.765 [http-nio-8888-exec-8] DEBUG o.s.w.s.m.m.a.RequestMappingHandlerMapping -- Mapped to com.example.demo.todo.api.TodoApi#getTasks()
14:20:09.768 [http-nio-8888-exec-8] DEBUG o.s.w.s.m.m.a.RequestResponseBodyMethodProcessor -- Using 'application/json', given [*/*] and supported [application/json, application/*+json]
14:20:09.768 [http-nio-8888-exec-8] DEBUG o.s.w.s.m.m.a.RequestResponseBodyMethodProcessor -- Writing [com.example.demo.util.AjaxResponse@3e1c7c91]
14:20:09.770 [http-nio-8888-exec-8] DEBUG o.s.s.w.a.AnonymousAuthenticationFilter -- Set SecurityContextHolder to anonymous SecurityContext
14:20:09.771 [http-nio-8888-exec-8] DEBUG o.s.web.servlet.DispatcherServlet -- Completed 200 OK
14:20:09.776 [http-nio-8888-exec-9] INFO  Spring Security Debugger -- 

************************************************************

Request received for GET '/api/v1/task':

org.apache.catalina.connector.RequestFacade@1b9325ee

servletPath:/api/v1/task
pathInfo:null
headers: 
host: localhost:8888
connection: keep-alive
sec-ch-ua-platform: "macOS"
user-agent: Mozilla/5.0 (Macintosh; Intel Mac OS X 10_15_7) AppleWebKit/537.36 (KHTML, like Gecko) Chrome/147.0.0.0 Safari/537.36
sec-ch-ua: "Google Chrome";v="147", "Not.A/Brand";v="8", "Chromium";v="147"
sec-ch-ua-mobile: ?0
accept: */*
origin: http://localhost:3000
sec-fetch-site: same-site
sec-fetch-mode: cors
sec-fetch-dest: empty
referer: http://localhost:3000/
accept-encoding: gzip, deflate, br, zstd
accept-language: ko-KR,ko;q=0.9,en-US;q=0.8,en;q=0.7


Security filter chain: [
  DisableEncodeUrlFilter
  WebAsyncManagerIntegrationFilter
  SecurityContextHolderFilter
  HeaderWriterFilter
  CorsFilter
  CsrfFilter
  LogoutFilter
  JwtAuthenticationFilter
  RequestCacheAwareFilter
  SecurityContextHolderAwareRequestFilter
  AnonymousAuthenticationFilter
  ExceptionTranslationFilter
  AuthorizationFilter
]


************************************************************


14:20:09.778 [http-nio-8888-exec-9] DEBUG o.s.security.web.FilterChainProxy -- Securing GET /api/v1/task
14:20:09.779 [http-nio-8888-exec-9] DEBUG o.s.security.web.FilterChainProxy -- Secured GET /api/v1/task
14:20:09.779 [http-nio-8888-exec-9] DEBUG o.s.web.servlet.DispatcherServlet -- GET "/api/v1/task", parameters={}
14:20:09.780 [http-nio-8888-exec-9] DEBUG o.s.w.s.m.m.a.RequestMappingHandlerMapping -- Mapped to com.example.demo.todo.api.TodoApi#getTasks()
14:20:09.781 [http-nio-8888-exec-9] DEBUG o.s.w.s.m.m.a.RequestResponseBodyMethodProcessor -- Using 'application/json', given [*/*] and supported [application/json, application/*+json]
14:20:09.782 [http-nio-8888-exec-9] DEBUG o.s.w.s.m.m.a.RequestResponseBodyMethodProcessor -- Writing [com.example.demo.util.AjaxResponse@42869422]
14:20:09.783 [http-nio-8888-exec-9] DEBUG o.s.s.w.a.AnonymousAuthenticationFilter -- Set SecurityContextHolder to anonymous SecurityContext
14:20:09.784 [http-nio-8888-exec-9] DEBUG o.s.web.servlet.DispatcherServlet -- Completed 200 OK
14:20:35.355 [http-nio-8888-exec-10] INFO  Spring Security Debugger -- 

************************************************************

Request received for GET '/api/v1/task':

org.apache.catalina.connector.RequestFacade@1aeff4ad

servletPath:/api/v1/task
pathInfo:null
headers: 
host: localhost:8888
connection: keep-alive
sec-ch-ua-platform: "macOS"
user-agent: Mozilla/5.0 (Macintosh; Intel Mac OS X 10_15_7) AppleWebKit/537.36 (KHTML, like Gecko) Chrome/147.0.0.0 Safari/537.36
sec-ch-ua: "Google Chrome";v="147", "Not.A/Brand";v="8", "Chromium";v="147"
sec-ch-ua-mobile: ?0
accept: */*
origin: http://localhost:3000
sec-fetch-site: same-site
sec-fetch-mode: cors
sec-fetch-dest: empty
referer: http://localhost:3000/
accept-encoding: gzip, deflate, br, zstd
accept-language: ko-KR,ko;q=0.9,en-US;q=0.8,en;q=0.7


Security filter chain: [
  DisableEncodeUrlFilter
  WebAsyncManagerIntegrationFilter
  SecurityContextHolderFilter
  HeaderWriterFilter
  CorsFilter
  CsrfFilter
  LogoutFilter
  JwtAuthenticationFilter
  RequestCacheAwareFilter
  SecurityContextHolderAwareRequestFilter
  AnonymousAuthenticationFilter
  ExceptionTranslationFilter
  AuthorizationFilter
]


************************************************************


14:20:35.355 [http-nio-8888-exec-1] INFO  Spring Security Debugger -- 

************************************************************

Request received for OPTIONS '/api/v1/task':

org.apache.catalina.connector.RequestFacade@449ecb72

servletPath:/api/v1/task
pathInfo:null
headers: 
host: localhost:8888
connection: keep-alive
accept: */*
access-control-request-method: POST
access-control-request-headers: content-type
origin: http://localhost:3000
user-agent: Mozilla/5.0 (Macintosh; Intel Mac OS X 10_15_7) AppleWebKit/537.36 (KHTML, like Gecko) Chrome/147.0.0.0 Safari/537.36
sec-fetch-mode: cors
sec-fetch-site: same-site
sec-fetch-dest: empty
referer: http://localhost:3000/
accept-encoding: gzip, deflate, br, zstd
accept-language: ko-KR,ko;q=0.9,en-US;q=0.8,en;q=0.7


Security filter chain: [
  DisableEncodeUrlFilter
  WebAsyncManagerIntegrationFilter
  SecurityContextHolderFilter
  HeaderWriterFilter
  CorsFilter
  CsrfFilter
  LogoutFilter
  JwtAuthenticationFilter
  RequestCacheAwareFilter
  SecurityContextHolderAwareRequestFilter
  AnonymousAuthenticationFilter
  ExceptionTranslationFilter
  AuthorizationFilter
]


************************************************************


14:20:35.359 [http-nio-8888-exec-1] DEBUG o.s.security.web.FilterChainProxy -- Securing OPTIONS /api/v1/task
14:20:35.359 [http-nio-8888-exec-10] DEBUG o.s.security.web.FilterChainProxy -- Securing GET /api/v1/task
14:20:35.363 [http-nio-8888-exec-10] DEBUG o.s.security.web.FilterChainProxy -- Secured GET /api/v1/task
14:20:35.366 [http-nio-8888-exec-10] DEBUG o.s.web.servlet.DispatcherServlet -- GET "/api/v1/task", parameters={}
14:20:35.367 [http-nio-8888-exec-10] DEBUG o.s.w.s.m.m.a.RequestMappingHandlerMapping -- Mapped to com.example.demo.todo.api.TodoApi#getTasks()
14:20:35.368 [http-nio-8888-exec-1] INFO  Spring Security Debugger -- 

************************************************************

Request received for POST '/api/v1/task':

org.apache.catalina.connector.RequestFacade@2b1088e9

servletPath:/api/v1/task
pathInfo:null
headers: 
host: localhost:8888
connection: keep-alive
content-length: 71
sec-ch-ua-platform: "macOS"
user-agent: Mozilla/5.0 (Macintosh; Intel Mac OS X 10_15_7) AppleWebKit/537.36 (KHTML, like Gecko) Chrome/147.0.0.0 Safari/537.36
sec-ch-ua: "Google Chrome";v="147", "Not.A/Brand";v="8", "Chromium";v="147"
content-type: application/json
sec-ch-ua-mobile: ?0
accept: */*
origin: http://localhost:3000
sec-fetch-site: same-site
sec-fetch-mode: cors
sec-fetch-dest: empty
referer: http://localhost:3000/
accept-encoding: gzip, deflate, br, zstd
accept-language: ko-KR,ko;q=0.9,en-US;q=0.8,en;q=0.7


Security filter chain: [
  DisableEncodeUrlFilter
  WebAsyncManagerIntegrationFilter
  SecurityContextHolderFilter
  HeaderWriterFilter
  CorsFilter
  CsrfFilter
  LogoutFilter
  JwtAuthenticationFilter
  RequestCacheAwareFilter
  SecurityContextHolderAwareRequestFilter
  AnonymousAuthenticationFilter
  ExceptionTranslationFilter
  AuthorizationFilter
]


************************************************************


14:20:35.368 [http-nio-8888-exec-1] DEBUG o.s.security.web.FilterChainProxy -- Securing POST /api/v1/task
14:20:35.370 [http-nio-8888-exec-1] DEBUG o.s.security.web.FilterChainProxy -- Secured POST /api/v1/task
14:20:35.370 [http-nio-8888-exec-1] DEBUG o.s.web.servlet.DispatcherServlet -- POST "/api/v1/task", parameters={}
14:20:35.371 [http-nio-8888-exec-1] DEBUG o.s.w.s.m.m.a.RequestMappingHandlerMapping -- Mapped to com.example.demo.todo.api.TodoApi#addTask(TodoVO)
14:20:35.374 [http-nio-8888-exec-10] DEBUG o.s.w.s.m.m.a.RequestResponseBodyMethodProcessor -- Using 'application/json', given [*/*] and supported [application/json, application/*+json]
14:20:35.375 [http-nio-8888-exec-10] DEBUG o.s.w.s.m.m.a.RequestResponseBodyMethodProcessor -- Writing [com.example.demo.util.AjaxResponse@1f927e4b]
14:20:35.376 [http-nio-8888-exec-1] DEBUG o.s.w.s.m.m.a.RequestResponseBodyMethodProcessor -- Read "application/json;charset=UTF-8" to [{"task":"Working","dueDate":"2026-12-31","priority":"1","isDone":false}]
14:20:35.377 [http-nio-8888-exec-10] DEBUG o.s.s.w.a.AnonymousAuthenticationFilter -- Set SecurityContextHolder to anonymous SecurityContext
14:20:35.377 [http-nio-8888-exec-10] DEBUG o.s.web.servlet.DispatcherServlet -- Completed 200 OK
14:20:35.380 [http-nio-8888-exec-1] DEBUG o.s.w.s.m.m.a.RequestResponseBodyMethodProcessor -- Using 'application/json', given [*/*] and supported [application/json, application/*+json]
14:20:35.380 [http-nio-8888-exec-1] DEBUG o.s.w.s.m.m.a.RequestResponseBodyMethodProcessor -- Writing [com.example.demo.util.AjaxResponse@1d4563fb]
14:20:35.381 [http-nio-8888-exec-1] DEBUG o.s.s.w.a.AnonymousAuthenticationFilter -- Set SecurityContextHolder to anonymous SecurityContext
14:20:35.381 [http-nio-8888-exec-1] DEBUG o.s.web.servlet.DispatcherServlet -- Completed 200 OK
14:20:41.077 [http-nio-8888-exec-5] INFO  Spring Security Debugger -- 

************************************************************

Request received for OPTIONS '/api/v1/task':

org.apache.catalina.connector.RequestFacade@54536c53

servletPath:/api/v1/task
pathInfo:null
headers: 
host: localhost:8888
connection: keep-alive
accept: */*
access-control-request-method: POST
access-control-request-headers: content-type
origin: http://localhost:3000
user-agent: Mozilla/5.0 (Macintosh; Intel Mac OS X 10_15_7) AppleWebKit/537.36 (KHTML, like Gecko) Chrome/147.0.0.0 Safari/537.36
sec-fetch-mode: cors
sec-fetch-site: same-site
sec-fetch-dest: empty
referer: http://localhost:3000/
accept-encoding: gzip, deflate, br, zstd
accept-language: ko-KR,ko;q=0.9,en-US;q=0.8,en;q=0.7


Security filter chain: [
  DisableEncodeUrlFilter
  WebAsyncManagerIntegrationFilter
  SecurityContextHolderFilter
  HeaderWriterFilter
  CorsFilter
  CsrfFilter
  LogoutFilter
  JwtAuthenticationFilter
  RequestCacheAwareFilter
  SecurityContextHolderAwareRequestFilter
  AnonymousAuthenticationFilter
  ExceptionTranslationFilter
  AuthorizationFilter
]


************************************************************


14:20:41.078 [http-nio-8888-exec-3] INFO  Spring Security Debugger -- 

************************************************************

Request received for GET '/api/v1/task':

org.apache.catalina.connector.RequestFacade@450d09b3

servletPath:/api/v1/task
pathInfo:null
headers: 
host: localhost:8888
connection: keep-alive
sec-ch-ua-platform: "macOS"
user-agent: Mozilla/5.0 (Macintosh; Intel Mac OS X 10_15_7) AppleWebKit/537.36 (KHTML, like Gecko) Chrome/147.0.0.0 Safari/537.36
sec-ch-ua: "Google Chrome";v="147", "Not.A/Brand";v="8", "Chromium";v="147"
sec-ch-ua-mobile: ?0
accept: */*
origin: http://localhost:3000
sec-fetch-site: same-site
sec-fetch-mode: cors
sec-fetch-dest: empty
referer: http://localhost:3000/
accept-encoding: gzip, deflate, br, zstd
accept-language: ko-KR,ko;q=0.9,en-US;q=0.8,en;q=0.7


Security filter chain: [
  DisableEncodeUrlFilter
  WebAsyncManagerIntegrationFilter
  SecurityContextHolderFilter
  HeaderWriterFilter
  CorsFilter
  CsrfFilter
  LogoutFilter
  JwtAuthenticationFilter
  RequestCacheAwareFilter
  SecurityContextHolderAwareRequestFilter
  AnonymousAuthenticationFilter
  ExceptionTranslationFilter
  AuthorizationFilter
]


************************************************************


14:20:41.079 [http-nio-8888-exec-3] DEBUG o.s.security.web.FilterChainProxy -- Securing GET /api/v1/task
14:20:41.079 [http-nio-8888-exec-5] DEBUG o.s.security.web.FilterChainProxy -- Securing OPTIONS /api/v1/task
14:20:41.080 [http-nio-8888-exec-3] DEBUG o.s.security.web.FilterChainProxy -- Secured GET /api/v1/task
14:20:41.080 [http-nio-8888-exec-3] DEBUG o.s.web.servlet.DispatcherServlet -- GET "/api/v1/task", parameters={}
14:20:41.081 [http-nio-8888-exec-3] DEBUG o.s.w.s.m.m.a.RequestMappingHandlerMapping -- Mapped to com.example.demo.todo.api.TodoApi#getTasks()
14:20:41.082 [http-nio-8888-exec-2] INFO  Spring Security Debugger -- 

************************************************************

Request received for POST '/api/v1/task':

org.apache.catalina.connector.RequestFacade@2864e68b

servletPath:/api/v1/task
pathInfo:null
headers: 
host: localhost:8888
connection: keep-alive
content-length: 67
sec-ch-ua-platform: "macOS"
user-agent: Mozilla/5.0 (Macintosh; Intel Mac OS X 10_15_7) AppleWebKit/537.36 (KHTML, like Gecko) Chrome/147.0.0.0 Safari/537.36
sec-ch-ua: "Google Chrome";v="147", "Not.A/Brand";v="8", "Chromium";v="147"
content-type: application/json
sec-ch-ua-mobile: ?0
accept: */*
origin: http://localhost:3000
sec-fetch-site: same-site
sec-fetch-mode: cors
sec-fetch-dest: empty
referer: http://localhost:3000/
accept-encoding: gzip, deflate, br, zstd
accept-language: ko-KR,ko;q=0.9,en-US;q=0.8,en;q=0.7


Security filter chain: [
  DisableEncodeUrlFilter
  WebAsyncManagerIntegrationFilter
  SecurityContextHolderFilter
  HeaderWriterFilter
  CorsFilter
  CsrfFilter
  LogoutFilter
  JwtAuthenticationFilter
  RequestCacheAwareFilter
  SecurityContextHolderAwareRequestFilter
  AnonymousAuthenticationFilter
  ExceptionTranslationFilter
  AuthorizationFilter
]


************************************************************


14:20:41.083 [http-nio-8888-exec-3] DEBUG o.s.w.s.m.m.a.RequestResponseBodyMethodProcessor -- Using 'application/json', given [*/*] and supported [application/json, application/*+json]
14:20:41.083 [http-nio-8888-exec-2] DEBUG o.s.security.web.FilterChainProxy -- Securing POST /api/v1/task
14:20:41.083 [http-nio-8888-exec-3] DEBUG o.s.w.s.m.m.a.RequestResponseBodyMethodProcessor -- Writing [com.example.demo.util.AjaxResponse@39d111f5]
14:20:41.084 [http-nio-8888-exec-2] DEBUG o.s.security.web.FilterChainProxy -- Secured POST /api/v1/task
14:20:41.084 [http-nio-8888-exec-2] DEBUG o.s.web.servlet.DispatcherServlet -- POST "/api/v1/task", parameters={}
14:20:41.086 [http-nio-8888-exec-3] DEBUG o.s.s.w.a.AnonymousAuthenticationFilter -- Set SecurityContextHolder to anonymous SecurityContext
14:20:41.086 [http-nio-8888-exec-2] DEBUG o.s.w.s.m.m.a.RequestMappingHandlerMapping -- Mapped to com.example.demo.todo.api.TodoApi#addTask(TodoVO)
14:20:41.086 [http-nio-8888-exec-3] DEBUG o.s.web.servlet.DispatcherServlet -- Completed 200 OK
14:20:41.089 [http-nio-8888-exec-2] DEBUG o.s.w.s.m.m.a.RequestResponseBodyMethodProcessor -- Read "application/json;charset=UTF-8" to [{"task":"123","dueDate":"2026-04-02","priority":"1","isDone":false}]
14:20:41.092 [http-nio-8888-exec-2] DEBUG o.s.w.s.m.m.a.RequestResponseBodyMethodProcessor -- Using 'application/json', given [*/*] and supported [application/json, application/*+json]
14:20:41.092 [http-nio-8888-exec-2] DEBUG o.s.w.s.m.m.a.RequestResponseBodyMethodProcessor -- Writing [com.example.demo.util.AjaxResponse@16164b06]
14:20:41.093 [http-nio-8888-exec-2] DEBUG o.s.s.w.a.AnonymousAuthenticationFilter -- Set SecurityContextHolder to anonymous SecurityContext
14:20:41.094 [http-nio-8888-exec-2] DEBUG o.s.web.servlet.DispatcherServlet -- Completed 200 OK
14:20:56.781 [http-nio-8888-exec-6] INFO  Spring Security Debugger -- 

************************************************************

Request received for GET '/api/v1/task':

org.apache.catalina.connector.RequestFacade@3038c8b7

servletPath:/api/v1/task
pathInfo:null
headers: 
host: localhost:8888
connection: keep-alive
sec-ch-ua-platform: "macOS"
user-agent: Mozilla/5.0 (Macintosh; Intel Mac OS X 10_15_7) AppleWebKit/537.36 (KHTML, like Gecko) Chrome/147.0.0.0 Safari/537.36
sec-ch-ua: "Google Chrome";v="147", "Not.A/Brand";v="8", "Chromium";v="147"
sec-ch-ua-mobile: ?0
accept: */*
origin: http://localhost:3000
sec-fetch-site: same-site
sec-fetch-mode: cors
sec-fetch-dest: empty
referer: http://localhost:3000/
accept-encoding: gzip, deflate, br, zstd
accept-language: ko-KR,ko;q=0.9,en-US;q=0.8,en;q=0.7


Security filter chain: [
  DisableEncodeUrlFilter
  WebAsyncManagerIntegrationFilter
  SecurityContextHolderFilter
  HeaderWriterFilter
  CorsFilter
  CsrfFilter
  LogoutFilter
  JwtAuthenticationFilter
  RequestCacheAwareFilter
  SecurityContextHolderAwareRequestFilter
  AnonymousAuthenticationFilter
  ExceptionTranslationFilter
  AuthorizationFilter
]


************************************************************


14:20:56.781 [http-nio-8888-exec-4] INFO  Spring Security Debugger -- 

************************************************************

Request received for OPTIONS '/api/v1/task':

org.apache.catalina.connector.RequestFacade@5a631489

servletPath:/api/v1/task
pathInfo:null
headers: 
host: localhost:8888
connection: keep-alive
accept: */*
access-control-request-method: POST
access-control-request-headers: content-type
origin: http://localhost:3000
user-agent: Mozilla/5.0 (Macintosh; Intel Mac OS X 10_15_7) AppleWebKit/537.36 (KHTML, like Gecko) Chrome/147.0.0.0 Safari/537.36
sec-fetch-mode: cors
sec-fetch-site: same-site
sec-fetch-dest: empty
referer: http://localhost:3000/
accept-encoding: gzip, deflate, br, zstd
accept-language: ko-KR,ko;q=0.9,en-US;q=0.8,en;q=0.7


Security filter chain: [
  DisableEncodeUrlFilter
  WebAsyncManagerIntegrationFilter
  SecurityContextHolderFilter
  HeaderWriterFilter
  CorsFilter
  CsrfFilter
  LogoutFilter
  JwtAuthenticationFilter
  RequestCacheAwareFilter
  SecurityContextHolderAwareRequestFilter
  AnonymousAuthenticationFilter
  ExceptionTranslationFilter
  AuthorizationFilter
]


************************************************************


14:20:56.783 [http-nio-8888-exec-4] DEBUG o.s.security.web.FilterChainProxy -- Securing OPTIONS /api/v1/task
14:20:56.783 [http-nio-8888-exec-6] DEBUG o.s.security.web.FilterChainProxy -- Securing GET /api/v1/task
14:20:56.784 [http-nio-8888-exec-6] DEBUG o.s.security.web.FilterChainProxy -- Secured GET /api/v1/task
14:20:56.784 [http-nio-8888-exec-6] DEBUG o.s.web.servlet.DispatcherServlet -- GET "/api/v1/task", parameters={}
14:20:56.785 [http-nio-8888-exec-6] DEBUG o.s.w.s.m.m.a.RequestMappingHandlerMapping -- Mapped to com.example.demo.todo.api.TodoApi#getTasks()
14:20:56.786 [http-nio-8888-exec-7] INFO  Spring Security Debugger -- 

************************************************************

Request received for POST '/api/v1/task':

org.apache.catalina.connector.RequestFacade@1f871b9f

servletPath:/api/v1/task
pathInfo:null
headers: 
host: localhost:8888
connection: keep-alive
content-length: 80
sec-ch-ua-platform: "macOS"
user-agent: Mozilla/5.0 (Macintosh; Intel Mac OS X 10_15_7) AppleWebKit/537.36 (KHTML, like Gecko) Chrome/147.0.0.0 Safari/537.36
sec-ch-ua: "Google Chrome";v="147", "Not.A/Brand";v="8", "Chromium";v="147"
content-type: application/json
sec-ch-ua-mobile: ?0
accept: */*
origin: http://localhost:3000
sec-fetch-site: same-site
sec-fetch-mode: cors
sec-fetch-dest: empty
referer: http://localhost:3000/
accept-encoding: gzip, deflate, br, zstd
accept-language: ko-KR,ko;q=0.9,en-US;q=0.8,en;q=0.7


Security filter chain: [
  DisableEncodeUrlFilter
  WebAsyncManagerIntegrationFilter
  SecurityContextHolderFilter
  HeaderWriterFilter
  CorsFilter
  CsrfFilter
  LogoutFilter
  JwtAuthenticationFilter
  RequestCacheAwareFilter
  SecurityContextHolderAwareRequestFilter
  AnonymousAuthenticationFilter
  ExceptionTranslationFilter
  AuthorizationFilter
]


************************************************************


14:20:56.786 [http-nio-8888-exec-7] DEBUG o.s.security.web.FilterChainProxy -- Securing POST /api/v1/task
14:20:56.787 [http-nio-8888-exec-7] DEBUG o.s.security.web.FilterChainProxy -- Secured POST /api/v1/task
14:20:56.787 [http-nio-8888-exec-7] DEBUG o.s.web.servlet.DispatcherServlet -- POST "/api/v1/task", parameters={}
14:20:56.787 [http-nio-8888-exec-6] DEBUG o.s.w.s.m.m.a.RequestResponseBodyMethodProcessor -- Using 'application/json', given [*/*] and supported [application/json, application/*+json]
14:20:56.788 [http-nio-8888-exec-7] DEBUG o.s.w.s.m.m.a.RequestMappingHandlerMapping -- Mapped to com.example.demo.todo.api.TodoApi#addTask(TodoVO)
14:20:56.790 [http-nio-8888-exec-6] DEBUG o.s.w.s.m.m.a.RequestResponseBodyMethodProcessor -- Writing [com.example.demo.util.AjaxResponse@11110f21]
14:20:56.792 [http-nio-8888-exec-6] DEBUG o.s.s.w.a.AnonymousAuthenticationFilter -- Set SecurityContextHolder to anonymous SecurityContext
14:20:56.793 [http-nio-8888-exec-6] DEBUG o.s.web.servlet.DispatcherServlet -- Completed 200 OK
14:20:56.793 [http-nio-8888-exec-7] DEBUG o.s.w.s.m.m.a.RequestResponseBodyMethodProcessor -- Read "application/json;charset=UTF-8" to [{"task":"OH IT\u0027sWORIKINGG","dueDate":"2026-12-31","priority":"1","isDone":false}]
14:20:56.796 [http-nio-8888-exec-7] DEBUG o.s.w.s.m.m.a.RequestResponseBodyMethodProcessor -- Using 'application/json', given [*/*] and supported [application/json, application/*+json]
14:20:56.796 [http-nio-8888-exec-7] DEBUG o.s.w.s.m.m.a.RequestResponseBodyMethodProcessor -- Writing [com.example.demo.util.AjaxResponse@74aa6bd9]
14:20:56.797 [http-nio-8888-exec-7] DEBUG o.s.s.w.a.AnonymousAuthenticationFilter -- Set SecurityContextHolder to anonymous SecurityContext
14:20:56.797 [http-nio-8888-exec-7] DEBUG o.s.web.servlet.DispatcherServlet -- Completed 200 OK
14:20:58.295 [http-nio-8888-exec-8] INFO  Spring Security Debugger -- 

************************************************************

Request received for GET '/api/v1/task':

org.apache.catalina.connector.RequestFacade@5a8ee3d6

servletPath:/api/v1/task
pathInfo:null
headers: 
host: localhost:8888
connection: keep-alive
sec-ch-ua-platform: "macOS"
user-agent: Mozilla/5.0 (Macintosh; Intel Mac OS X 10_15_7) AppleWebKit/537.36 (KHTML, like Gecko) Chrome/147.0.0.0 Safari/537.36
sec-ch-ua: "Google Chrome";v="147", "Not.A/Brand";v="8", "Chromium";v="147"
sec-ch-ua-mobile: ?0
accept: */*
origin: http://localhost:3000
sec-fetch-site: same-site
sec-fetch-mode: cors
sec-fetch-dest: empty
referer: http://localhost:3000/
accept-encoding: gzip, deflate, br, zstd
accept-language: ko-KR,ko;q=0.9,en-US;q=0.8,en;q=0.7


Security filter chain: [
  DisableEncodeUrlFilter
  WebAsyncManagerIntegrationFilter
  SecurityContextHolderFilter
  HeaderWriterFilter
  CorsFilter
  CsrfFilter
  LogoutFilter
  JwtAuthenticationFilter
  RequestCacheAwareFilter
  SecurityContextHolderAwareRequestFilter
  AnonymousAuthenticationFilter
  ExceptionTranslationFilter
  AuthorizationFilter
]


************************************************************


14:20:58.295 [http-nio-8888-exec-8] DEBUG o.s.security.web.FilterChainProxy -- Securing GET /api/v1/task
14:20:58.296 [http-nio-8888-exec-8] DEBUG o.s.security.web.FilterChainProxy -- Secured GET /api/v1/task
14:20:58.296 [http-nio-8888-exec-8] DEBUG o.s.web.servlet.DispatcherServlet -- GET "/api/v1/task", parameters={}
14:20:58.297 [http-nio-8888-exec-8] DEBUG o.s.w.s.m.m.a.RequestMappingHandlerMapping -- Mapped to com.example.demo.todo.api.TodoApi#getTasks()
14:20:58.312 [http-nio-8888-exec-8] DEBUG o.s.w.s.m.m.a.RequestResponseBodyMethodProcessor -- Using 'application/json', given [*/*] and supported [application/json, application/*+json]
14:20:58.313 [http-nio-8888-exec-8] DEBUG o.s.w.s.m.m.a.RequestResponseBodyMethodProcessor -- Writing [com.example.demo.util.AjaxResponse@23e1d94b]
14:20:58.314 [http-nio-8888-exec-8] DEBUG o.s.s.w.a.AnonymousAuthenticationFilter -- Set SecurityContextHolder to anonymous SecurityContext
14:20:58.315 [http-nio-8888-exec-8] DEBUG o.s.web.servlet.DispatcherServlet -- Completed 200 OK
14:20:58.316 [http-nio-8888-exec-9] INFO  Spring Security Debugger -- 

************************************************************

Request received for GET '/api/v1/task':

org.apache.catalina.connector.RequestFacade@3d8a8612

servletPath:/api/v1/task
pathInfo:null
headers: 
host: localhost:8888
connection: keep-alive
sec-ch-ua-platform: "macOS"
user-agent: Mozilla/5.0 (Macintosh; Intel Mac OS X 10_15_7) AppleWebKit/537.36 (KHTML, like Gecko) Chrome/147.0.0.0 Safari/537.36
sec-ch-ua: "Google Chrome";v="147", "Not.A/Brand";v="8", "Chromium";v="147"
sec-ch-ua-mobile: ?0
accept: */*
origin: http://localhost:3000
sec-fetch-site: same-site
sec-fetch-mode: cors
sec-fetch-dest: empty
referer: http://localhost:3000/
accept-encoding: gzip, deflate, br, zstd
accept-language: ko-KR,ko;q=0.9,en-US;q=0.8,en;q=0.7


Security filter chain: [
  DisableEncodeUrlFilter
  WebAsyncManagerIntegrationFilter
  SecurityContextHolderFilter
  HeaderWriterFilter
  CorsFilter
  CsrfFilter
  LogoutFilter
  JwtAuthenticationFilter
  RequestCacheAwareFilter
  SecurityContextHolderAwareRequestFilter
  AnonymousAuthenticationFilter
  ExceptionTranslationFilter
  AuthorizationFilter
]


************************************************************


14:20:58.316 [http-nio-8888-exec-9] DEBUG o.s.security.web.FilterChainProxy -- Securing GET /api/v1/task
14:20:58.317 [http-nio-8888-exec-9] DEBUG o.s.security.web.FilterChainProxy -- Secured GET /api/v1/task
14:20:58.317 [http-nio-8888-exec-9] DEBUG o.s.web.servlet.DispatcherServlet -- GET "/api/v1/task", parameters={}
14:20:58.317 [http-nio-8888-exec-9] DEBUG o.s.w.s.m.m.a.RequestMappingHandlerMapping -- Mapped to com.example.demo.todo.api.TodoApi#getTasks()
14:20:58.318 [http-nio-8888-exec-9] DEBUG o.s.w.s.m.m.a.RequestResponseBodyMethodProcessor -- Using 'application/json', given [*/*] and supported [application/json, application/*+json]
14:20:58.318 [http-nio-8888-exec-9] DEBUG o.s.w.s.m.m.a.RequestResponseBodyMethodProcessor -- Writing [com.example.demo.util.AjaxResponse@6c37ed37]
14:20:58.321 [http-nio-8888-exec-9] DEBUG o.s.s.w.a.AnonymousAuthenticationFilter -- Set SecurityContextHolder to anonymous SecurityContext
14:20:58.321 [http-nio-8888-exec-9] DEBUG o.s.web.servlet.DispatcherServlet -- Completed 200 OK
14:23:32.496 [http-nio-8888-exec-5] INFO  Spring Security Debugger -- 

************************************************************

Request received for GET '/api/v1/task':

org.apache.catalina.connector.RequestFacade@3a4da94d

servletPath:/api/v1/task
pathInfo:null
headers: 
host: localhost:8888
connection: keep-alive
sec-ch-ua-platform: "macOS"
user-agent: Mozilla/5.0 (Macintosh; Intel Mac OS X 10_15_7) AppleWebKit/537.36 (KHTML, like Gecko) Chrome/147.0.0.0 Safari/537.36
sec-ch-ua: "Google Chrome";v="147", "Not.A/Brand";v="8", "Chromium";v="147"
sec-ch-ua-mobile: ?0
accept: */*
origin: http://localhost:3000
sec-fetch-site: same-site
sec-fetch-mode: cors
sec-fetch-dest: empty
referer: http://localhost:3000/
accept-encoding: gzip, deflate, br, zstd
accept-language: ko-KR,ko;q=0.9,en-US;q=0.8,en;q=0.7


Security filter chain: [
  DisableEncodeUrlFilter
  WebAsyncManagerIntegrationFilter
  SecurityContextHolderFilter
  HeaderWriterFilter
  CorsFilter
  CsrfFilter
  LogoutFilter
  JwtAuthenticationFilter
  RequestCacheAwareFilter
  SecurityContextHolderAwareRequestFilter
  AnonymousAuthenticationFilter
  ExceptionTranslationFilter
  AuthorizationFilter
]


************************************************************


14:23:32.503 [http-nio-8888-exec-5] DEBUG o.s.security.web.FilterChainProxy -- Securing GET /api/v1/task
14:23:32.507 [http-nio-8888-exec-5] DEBUG o.s.security.web.FilterChainProxy -- Secured GET /api/v1/task
14:23:32.507 [http-nio-8888-exec-5] DEBUG o.s.web.servlet.DispatcherServlet -- GET "/api/v1/task", parameters={}
14:23:32.507 [http-nio-8888-exec-5] DEBUG o.s.w.s.m.m.a.RequestMappingHandlerMapping -- Mapped to com.example.demo.todo.api.TodoApi#getTasks()
14:23:32.510 [http-nio-8888-exec-5] DEBUG o.s.w.s.m.m.a.RequestResponseBodyMethodProcessor -- Using 'application/json', given [*/*] and supported [application/json, application/*+json]
14:23:32.511 [http-nio-8888-exec-5] DEBUG o.s.w.s.m.m.a.RequestResponseBodyMethodProcessor -- Writing [com.example.demo.util.AjaxResponse@6f39c50c]
14:23:32.512 [http-nio-8888-exec-5] DEBUG o.s.s.w.a.AnonymousAuthenticationFilter -- Set SecurityContextHolder to anonymous SecurityContext
14:23:32.513 [http-nio-8888-exec-5] DEBUG o.s.web.servlet.DispatcherServlet -- Completed 200 OK
14:23:32.514 [http-nio-8888-exec-3] INFO  Spring Security Debugger -- 

************************************************************

Request received for GET '/api/v1/task':

org.apache.catalina.connector.RequestFacade@7cc1dbe7

servletPath:/api/v1/task
pathInfo:null
headers: 
host: localhost:8888
connection: keep-alive
sec-ch-ua-platform: "macOS"
user-agent: Mozilla/5.0 (Macintosh; Intel Mac OS X 10_15_7) AppleWebKit/537.36 (KHTML, like Gecko) Chrome/147.0.0.0 Safari/537.36
sec-ch-ua: "Google Chrome";v="147", "Not.A/Brand";v="8", "Chromium";v="147"
sec-ch-ua-mobile: ?0
accept: */*
origin: http://localhost:3000
sec-fetch-site: same-site
sec-fetch-mode: cors
sec-fetch-dest: empty
referer: http://localhost:3000/
accept-encoding: gzip, deflate, br, zstd
accept-language: ko-KR,ko;q=0.9,en-US;q=0.8,en;q=0.7


Security filter chain: [
  DisableEncodeUrlFilter
  WebAsyncManagerIntegrationFilter
  SecurityContextHolderFilter
  HeaderWriterFilter
  CorsFilter
  CsrfFilter
  LogoutFilter
  JwtAuthenticationFilter
  RequestCacheAwareFilter
  SecurityContextHolderAwareRequestFilter
  AnonymousAuthenticationFilter
  ExceptionTranslationFilter
  AuthorizationFilter
]


************************************************************


14:23:32.514 [http-nio-8888-exec-3] DEBUG o.s.security.web.FilterChainProxy -- Securing GET /api/v1/task
14:23:32.514 [http-nio-8888-exec-3] DEBUG o.s.security.web.FilterChainProxy -- Secured GET /api/v1/task
14:23:32.515 [http-nio-8888-exec-3] DEBUG o.s.web.servlet.DispatcherServlet -- GET "/api/v1/task", parameters={}
14:23:32.515 [http-nio-8888-exec-3] DEBUG o.s.w.s.m.m.a.RequestMappingHandlerMapping -- Mapped to com.example.demo.todo.api.TodoApi#getTasks()
14:23:32.516 [http-nio-8888-exec-3] DEBUG o.s.w.s.m.m.a.RequestResponseBodyMethodProcessor -- Using 'application/json', given [*/*] and supported [application/json, application/*+json]
14:23:32.517 [http-nio-8888-exec-3] DEBUG o.s.w.s.m.m.a.RequestResponseBodyMethodProcessor -- Writing [com.example.demo.util.AjaxResponse@5bebf3aa]
14:23:32.519 [http-nio-8888-exec-3] DEBUG o.s.s.w.a.AnonymousAuthenticationFilter -- Set SecurityContextHolder to anonymous SecurityContext
14:23:32.520 [http-nio-8888-exec-3] DEBUG o.s.web.servlet.DispatcherServlet -- Completed 200 OK
14:24:19.352 [http-nio-8888-exec-4] INFO  Spring Security Debugger -- 

************************************************************

Request received for GET '/api/v1/task':

org.apache.catalina.connector.RequestFacade@673ba7f3

servletPath:/api/v1/task
pathInfo:null
headers: 
host: localhost:8888
connection: keep-alive
pragma: no-cache
cache-control: no-cache
sec-ch-ua-platform: "macOS"
user-agent: Mozilla/5.0 (Macintosh; Intel Mac OS X 10_15_7) AppleWebKit/537.36 (KHTML, like Gecko) Chrome/147.0.0.0 Safari/537.36
sec-ch-ua: "Google Chrome";v="147", "Not.A/Brand";v="8", "Chromium";v="147"
sec-ch-ua-mobile: ?0
accept: */*
origin: http://localhost:3000
sec-fetch-site: same-site
sec-fetch-mode: cors
sec-fetch-dest: empty
referer: http://localhost:3000/
accept-encoding: gzip, deflate, br, zstd
accept-language: ko-KR,ko;q=0.9,en-US;q=0.8,en;q=0.7


Security filter chain: [
  DisableEncodeUrlFilter
  WebAsyncManagerIntegrationFilter
  SecurityContextHolderFilter
  HeaderWriterFilter
  CorsFilter
  CsrfFilter
  LogoutFilter
  JwtAuthenticationFilter
  RequestCacheAwareFilter
  SecurityContextHolderAwareRequestFilter
  AnonymousAuthenticationFilter
  ExceptionTranslationFilter
  AuthorizationFilter
]


************************************************************


14:24:19.352 [http-nio-8888-exec-2] INFO  Spring Security Debugger -- 

************************************************************

Request received for GET '/api/v1/task':

org.apache.catalina.connector.RequestFacade@703f9f7b

servletPath:/api/v1/task
pathInfo:null
headers: 
host: localhost:8888
connection: keep-alive
pragma: no-cache
cache-control: no-cache
sec-ch-ua-platform: "macOS"
user-agent: Mozilla/5.0 (Macintosh; Intel Mac OS X 10_15_7) AppleWebKit/537.36 (KHTML, like Gecko) Chrome/147.0.0.0 Safari/537.36
sec-ch-ua: "Google Chrome";v="147", "Not.A/Brand";v="8", "Chromium";v="147"
sec-ch-ua-mobile: ?0
accept: */*
origin: http://localhost:3000
sec-fetch-site: same-site
sec-fetch-mode: cors
sec-fetch-dest: empty
referer: http://localhost:3000/
accept-encoding: gzip, deflate, br, zstd
accept-language: ko-KR,ko;q=0.9,en-US;q=0.8,en;q=0.7


Security filter chain: [
  DisableEncodeUrlFilter
  WebAsyncManagerIntegrationFilter
  SecurityContextHolderFilter
  HeaderWriterFilter
  CorsFilter
  CsrfFilter
  LogoutFilter
  JwtAuthenticationFilter
  RequestCacheAwareFilter
  SecurityContextHolderAwareRequestFilter
  AnonymousAuthenticationFilter
  ExceptionTranslationFilter
  AuthorizationFilter
]


************************************************************


14:24:19.356 [http-nio-8888-exec-4] DEBUG o.s.security.web.FilterChainProxy -- Securing GET /api/v1/task
14:24:19.356 [http-nio-8888-exec-2] DEBUG o.s.security.web.FilterChainProxy -- Securing GET /api/v1/task
14:24:19.359 [http-nio-8888-exec-2] DEBUG o.s.security.web.FilterChainProxy -- Secured GET /api/v1/task
14:24:19.359 [http-nio-8888-exec-4] DEBUG o.s.security.web.FilterChainProxy -- Secured GET /api/v1/task
14:24:19.360 [http-nio-8888-exec-2] DEBUG o.s.web.servlet.DispatcherServlet -- GET "/api/v1/task", parameters={}
14:24:19.360 [http-nio-8888-exec-4] DEBUG o.s.web.servlet.DispatcherServlet -- GET "/api/v1/task", parameters={}
14:24:19.360 [http-nio-8888-exec-2] DEBUG o.s.w.s.m.m.a.RequestMappingHandlerMapping -- Mapped to com.example.demo.todo.api.TodoApi#getTasks()
14:24:19.361 [http-nio-8888-exec-4] DEBUG o.s.w.s.m.m.a.RequestMappingHandlerMapping -- Mapped to com.example.demo.todo.api.TodoApi#getTasks()
14:24:19.364 [http-nio-8888-exec-2] DEBUG o.s.w.s.m.m.a.RequestResponseBodyMethodProcessor -- Using 'application/json', given [*/*] and supported [application/json, application/*+json]
14:24:19.364 [http-nio-8888-exec-4] DEBUG o.s.w.s.m.m.a.RequestResponseBodyMethodProcessor -- Using 'application/json', given [*/*] and supported [application/json, application/*+json]
14:24:19.365 [http-nio-8888-exec-2] DEBUG o.s.w.s.m.m.a.RequestResponseBodyMethodProcessor -- Writing [com.example.demo.util.AjaxResponse@34ff83e2]
14:24:19.365 [http-nio-8888-exec-4] DEBUG o.s.w.s.m.m.a.RequestResponseBodyMethodProcessor -- Writing [com.example.demo.util.AjaxResponse@f613d0f]
14:24:19.367 [http-nio-8888-exec-2] DEBUG o.s.s.w.a.AnonymousAuthenticationFilter -- Set SecurityContextHolder to anonymous SecurityContext
14:24:19.367 [http-nio-8888-exec-4] DEBUG o.s.s.w.a.AnonymousAuthenticationFilter -- Set SecurityContextHolder to anonymous SecurityContext
14:24:19.368 [http-nio-8888-exec-4] DEBUG o.s.web.servlet.DispatcherServlet -- Completed 200 OK
14:24:19.368 [http-nio-8888-exec-2] DEBUG o.s.web.servlet.DispatcherServlet -- Completed 200 OK
14:24:32.182 [http-nio-8888-exec-6] INFO  Spring Security Debugger -- 

************************************************************

Request received for OPTIONS '/api/v1/task':

org.apache.catalina.connector.RequestFacade@2169508e

servletPath:/api/v1/task
pathInfo:null
headers: 
host: localhost:8888
connection: keep-alive
accept: */*
access-control-request-method: POST
access-control-request-headers: content-type
origin: http://localhost:3000
user-agent: Mozilla/5.0 (Macintosh; Intel Mac OS X 10_15_7) AppleWebKit/537.36 (KHTML, like Gecko) Chrome/147.0.0.0 Safari/537.36
sec-fetch-mode: cors
sec-fetch-site: same-site
sec-fetch-dest: empty
referer: http://localhost:3000/
accept-encoding: gzip, deflate, br, zstd
accept-language: ko-KR,ko;q=0.9,en-US;q=0.8,en;q=0.7


Security filter chain: [
  DisableEncodeUrlFilter
  WebAsyncManagerIntegrationFilter
  SecurityContextHolderFilter
  HeaderWriterFilter
  CorsFilter
  CsrfFilter
  LogoutFilter
  JwtAuthenticationFilter
  RequestCacheAwareFilter
  SecurityContextHolderAwareRequestFilter
  AnonymousAuthenticationFilter
  ExceptionTranslationFilter
  AuthorizationFilter
]


************************************************************


14:24:32.183 [http-nio-8888-exec-6] DEBUG o.s.security.web.FilterChainProxy -- Securing OPTIONS /api/v1/task
14:24:32.186 [http-nio-8888-exec-7] INFO  Spring Security Debugger -- 

************************************************************

Request received for POST '/api/v1/task':

org.apache.catalina.connector.RequestFacade@7f349700

servletPath:/api/v1/task
pathInfo:null
headers: 
host: localhost:8888
connection: keep-alive
content-length: 84
sec-ch-ua-platform: "macOS"
user-agent: Mozilla/5.0 (Macintosh; Intel Mac OS X 10_15_7) AppleWebKit/537.36 (KHTML, like Gecko) Chrome/147.0.0.0 Safari/537.36
sec-ch-ua: "Google Chrome";v="147", "Not.A/Brand";v="8", "Chromium";v="147"
content-type: application/json
sec-ch-ua-mobile: ?0
accept: */*
origin: http://localhost:3000
sec-fetch-site: same-site
sec-fetch-mode: cors
sec-fetch-dest: empty
referer: http://localhost:3000/
accept-encoding: gzip, deflate, br, zstd
accept-language: ko-KR,ko;q=0.9,en-US;q=0.8,en;q=0.7


Security filter chain: [
  DisableEncodeUrlFilter
  WebAsyncManagerIntegrationFilter
  SecurityContextHolderFilter
  HeaderWriterFilter
  CorsFilter
  CsrfFilter
  LogoutFilter
  JwtAuthenticationFilter
  RequestCacheAwareFilter
  SecurityContextHolderAwareRequestFilter
  AnonymousAuthenticationFilter
  ExceptionTranslationFilter
  AuthorizationFilter
]


************************************************************


14:24:32.187 [http-nio-8888-exec-7] DEBUG o.s.security.web.FilterChainProxy -- Securing POST /api/v1/task
14:24:32.188 [http-nio-8888-exec-7] DEBUG o.s.security.web.FilterChainProxy -- Secured POST /api/v1/task
14:24:32.188 [http-nio-8888-exec-7] DEBUG o.s.web.servlet.DispatcherServlet -- POST "/api/v1/task", parameters={}
14:24:32.188 [http-nio-8888-exec-7] DEBUG o.s.w.s.m.m.a.RequestMappingHandlerMapping -- Mapped to com.example.demo.todo.api.TodoApi#addTask(TodoVO)
14:24:32.192 [http-nio-8888-exec-7] DEBUG o.s.w.s.m.m.a.RequestResponseBodyMethodProcessor -- Read "application/json;charset=UTF-8" to [{"task":"Waiting your Service","dueDate":"2026-12-31","priority":"2","isDone":false}]
14:24:32.196 [http-nio-8888-exec-7] DEBUG o.s.w.s.m.m.a.RequestResponseBodyMethodProcessor -- Using 'application/json', given [*/*] and supported [application/json, application/*+json]
14:24:32.196 [http-nio-8888-exec-7] DEBUG o.s.w.s.m.m.a.RequestResponseBodyMethodProcessor -- Writing [com.example.demo.util.AjaxResponse@30f71d7b]
14:24:32.197 [http-nio-8888-exec-7] DEBUG o.s.s.w.a.AnonymousAuthenticationFilter -- Set SecurityContextHolder to anonymous SecurityContext
14:24:32.198 [http-nio-8888-exec-7] DEBUG o.s.web.servlet.DispatcherServlet -- Completed 200 OK
14:24:32.200 [http-nio-8888-exec-8] INFO  Spring Security Debugger -- 

************************************************************

Request received for GET '/api/v1/task':

org.apache.catalina.connector.RequestFacade@3af78dfe

servletPath:/api/v1/task
pathInfo:null
headers: 
host: localhost:8888
connection: keep-alive
sec-ch-ua-platform: "macOS"
user-agent: Mozilla/5.0 (Macintosh; Intel Mac OS X 10_15_7) AppleWebKit/537.36 (KHTML, like Gecko) Chrome/147.0.0.0 Safari/537.36
sec-ch-ua: "Google Chrome";v="147", "Not.A/Brand";v="8", "Chromium";v="147"
sec-ch-ua-mobile: ?0
accept: */*
origin: http://localhost:3000
sec-fetch-site: same-site
sec-fetch-mode: cors
sec-fetch-dest: empty
referer: http://localhost:3000/
accept-encoding: gzip, deflate, br, zstd
accept-language: ko-KR,ko;q=0.9,en-US;q=0.8,en;q=0.7


Security filter chain: [
  DisableEncodeUrlFilter
  WebAsyncManagerIntegrationFilter
  SecurityContextHolderFilter
  HeaderWriterFilter
  CorsFilter
  CsrfFilter
  LogoutFilter
  JwtAuthenticationFilter
  RequestCacheAwareFilter
  SecurityContextHolderAwareRequestFilter
  AnonymousAuthenticationFilter
  ExceptionTranslationFilter
  AuthorizationFilter
]


************************************************************


14:24:32.201 [http-nio-8888-exec-8] DEBUG o.s.security.web.FilterChainProxy -- Securing GET /api/v1/task
14:24:32.202 [http-nio-8888-exec-8] DEBUG o.s.security.web.FilterChainProxy -- Secured GET /api/v1/task
14:24:32.203 [http-nio-8888-exec-8] DEBUG o.s.web.servlet.DispatcherServlet -- GET "/api/v1/task", parameters={}
14:24:32.203 [http-nio-8888-exec-8] DEBUG o.s.w.s.m.m.a.RequestMappingHandlerMapping -- Mapped to com.example.demo.todo.api.TodoApi#getTasks()
14:24:32.204 [http-nio-8888-exec-8] DEBUG o.s.w.s.m.m.a.RequestResponseBodyMethodProcessor -- Using 'application/json', given [*/*] and supported [application/json, application/*+json]
14:24:32.204 [http-nio-8888-exec-8] DEBUG o.s.w.s.m.m.a.RequestResponseBodyMethodProcessor -- Writing [com.example.demo.util.AjaxResponse@4887be08]
14:24:32.205 [http-nio-8888-exec-8] DEBUG o.s.s.w.a.AnonymousAuthenticationFilter -- Set SecurityContextHolder to anonymous SecurityContext
14:24:32.206 [http-nio-8888-exec-8] DEBUG o.s.web.servlet.DispatcherServlet -- Completed 200 OK
14:26:12.275 [http-nio-8888-exec-1] INFO  Spring Security Debugger -- 

************************************************************

Request received for OPTIONS '/api/v1/task':

org.apache.catalina.connector.RequestFacade@6c9b701c

servletPath:/api/v1/task
pathInfo:null
headers: 
host: localhost:8888
connection: keep-alive
accept: */*
access-control-request-method: POST
access-control-request-headers: content-type
origin: http://localhost:3000
user-agent: Mozilla/5.0 (Macintosh; Intel Mac OS X 10_15_7) AppleWebKit/537.36 (KHTML, like Gecko) Chrome/147.0.0.0 Safari/537.36
sec-fetch-mode: cors
sec-fetch-site: same-site
sec-fetch-dest: empty
referer: http://localhost:3000/
accept-encoding: gzip, deflate, br, zstd
accept-language: ko-KR,ko;q=0.9,en-US;q=0.8,en;q=0.7


Security filter chain: [
  DisableEncodeUrlFilter
  WebAsyncManagerIntegrationFilter
  SecurityContextHolderFilter
  HeaderWriterFilter
  CorsFilter
  CsrfFilter
  LogoutFilter
  JwtAuthenticationFilter
  RequestCacheAwareFilter
  SecurityContextHolderAwareRequestFilter
  AnonymousAuthenticationFilter
  ExceptionTranslationFilter
  AuthorizationFilter
]


************************************************************


14:26:12.282 [http-nio-8888-exec-1] DEBUG o.s.security.web.FilterChainProxy -- Securing OPTIONS /api/v1/task
14:26:12.296 [http-nio-8888-exec-5] INFO  Spring Security Debugger -- 

************************************************************

Request received for POST '/api/v1/task':

org.apache.catalina.connector.RequestFacade@524a11c0

servletPath:/api/v1/task
pathInfo:null
headers: 
host: localhost:8888
connection: keep-alive
content-length: 84
sec-ch-ua-platform: "macOS"
user-agent: Mozilla/5.0 (Macintosh; Intel Mac OS X 10_15_7) AppleWebKit/537.36 (KHTML, like Gecko) Chrome/147.0.0.0 Safari/537.36
sec-ch-ua: "Google Chrome";v="147", "Not.A/Brand";v="8", "Chromium";v="147"
content-type: application/json
sec-ch-ua-mobile: ?0
accept: */*
origin: http://localhost:3000
sec-fetch-site: same-site
sec-fetch-mode: cors
sec-fetch-dest: empty
referer: http://localhost:3000/
accept-encoding: gzip, deflate, br, zstd
accept-language: ko-KR,ko;q=0.9,en-US;q=0.8,en;q=0.7


Security filter chain: [
  DisableEncodeUrlFilter
  WebAsyncManagerIntegrationFilter
  SecurityContextHolderFilter
  HeaderWriterFilter
  CorsFilter
  CsrfFilter
  LogoutFilter
  JwtAuthenticationFilter
  RequestCacheAwareFilter
  SecurityContextHolderAwareRequestFilter
  AnonymousAuthenticationFilter
  ExceptionTranslationFilter
  AuthorizationFilter
]


************************************************************


14:26:12.296 [http-nio-8888-exec-5] DEBUG o.s.security.web.FilterChainProxy -- Securing POST /api/v1/task
14:26:12.299 [http-nio-8888-exec-5] DEBUG o.s.security.web.FilterChainProxy -- Secured POST /api/v1/task
14:26:12.301 [http-nio-8888-exec-5] DEBUG o.s.web.servlet.DispatcherServlet -- POST "/api/v1/task", parameters={}
14:26:12.302 [http-nio-8888-exec-5] DEBUG o.s.w.s.m.m.a.RequestMappingHandlerMapping -- Mapped to com.example.demo.todo.api.TodoApi#addTask(TodoVO)
14:26:12.306 [http-nio-8888-exec-5] DEBUG o.s.w.s.m.m.a.RequestResponseBodyMethodProcessor -- Read "application/json;charset=UTF-8" to [{"task":"youm a heart breaker","dueDate":"2026-04-01","priority":"1","isDone":false}]
14:26:12.311 [http-nio-8888-exec-5] DEBUG o.s.w.s.m.m.a.RequestResponseBodyMethodProcessor -- Using 'application/json', given [*/*] and supported [application/json, application/*+json]
14:26:12.311 [http-nio-8888-exec-5] DEBUG o.s.w.s.m.m.a.RequestResponseBodyMethodProcessor -- Writing [com.example.demo.util.AjaxResponse@1db4ce2e]
14:26:12.312 [http-nio-8888-exec-5] DEBUG o.s.s.w.a.AnonymousAuthenticationFilter -- Set SecurityContextHolder to anonymous SecurityContext
14:26:12.313 [http-nio-8888-exec-5] DEBUG o.s.web.servlet.DispatcherServlet -- Completed 200 OK
14:26:12.317 [http-nio-8888-exec-3] INFO  Spring Security Debugger -- 

************************************************************

Request received for GET '/api/v1/task':

org.apache.catalina.connector.RequestFacade@768629f5

servletPath:/api/v1/task
pathInfo:null
headers: 
host: localhost:8888
connection: keep-alive
sec-ch-ua-platform: "macOS"
user-agent: Mozilla/5.0 (Macintosh; Intel Mac OS X 10_15_7) AppleWebKit/537.36 (KHTML, like Gecko) Chrome/147.0.0.0 Safari/537.36
sec-ch-ua: "Google Chrome";v="147", "Not.A/Brand";v="8", "Chromium";v="147"
sec-ch-ua-mobile: ?0
accept: */*
origin: http://localhost:3000
sec-fetch-site: same-site
sec-fetch-mode: cors
sec-fetch-dest: empty
referer: http://localhost:3000/
accept-encoding: gzip, deflate, br, zstd
accept-language: ko-KR,ko;q=0.9,en-US;q=0.8,en;q=0.7


Security filter chain: [
  DisableEncodeUrlFilter
  WebAsyncManagerIntegrationFilter
  SecurityContextHolderFilter
  HeaderWriterFilter
  CorsFilter
  CsrfFilter
  LogoutFilter
  JwtAuthenticationFilter
  RequestCacheAwareFilter
  SecurityContextHolderAwareRequestFilter
  AnonymousAuthenticationFilter
  ExceptionTranslationFilter
  AuthorizationFilter
]


************************************************************


14:26:12.318 [http-nio-8888-exec-3] DEBUG o.s.security.web.FilterChainProxy -- Securing GET /api/v1/task
14:26:12.319 [http-nio-8888-exec-3] DEBUG o.s.security.web.FilterChainProxy -- Secured GET /api/v1/task
14:26:12.319 [http-nio-8888-exec-3] DEBUG o.s.web.servlet.DispatcherServlet -- GET "/api/v1/task", parameters={}
14:26:12.321 [http-nio-8888-exec-3] DEBUG o.s.w.s.m.m.a.RequestMappingHandlerMapping -- Mapped to com.example.demo.todo.api.TodoApi#getTasks()
14:26:12.322 [http-nio-8888-exec-3] DEBUG o.s.w.s.m.m.a.RequestResponseBodyMethodProcessor -- Using 'application/json', given [*/*] and supported [application/json, application/*+json]
14:26:12.324 [http-nio-8888-exec-3] DEBUG o.s.w.s.m.m.a.RequestResponseBodyMethodProcessor -- Writing [com.example.demo.util.AjaxResponse@4769c069]
14:26:12.325 [http-nio-8888-exec-3] DEBUG o.s.s.w.a.AnonymousAuthenticationFilter -- Set SecurityContextHolder to anonymous SecurityContext
14:26:12.325 [http-nio-8888-exec-3] DEBUG o.s.web.servlet.DispatcherServlet -- Completed 200 OK
14:32:47.690 [http-nio-8888-exec-6] INFO  Spring Security Debugger -- 

************************************************************

Request received for GET '/api/v1/task':

org.apache.catalina.connector.RequestFacade@2d07ae81

servletPath:/api/v1/task
pathInfo:null
headers: 
host: localhost:8888
connection: keep-alive
pragma: no-cache
cache-control: no-cache
sec-ch-ua-platform: "macOS"
user-agent: Mozilla/5.0 (Macintosh; Intel Mac OS X 10_15_7) AppleWebKit/537.36 (KHTML, like Gecko) Chrome/147.0.0.0 Safari/537.36
sec-ch-ua: "Google Chrome";v="147", "Not.A/Brand";v="8", "Chromium";v="147"
sec-ch-ua-mobile: ?0
accept: */*
origin: http://localhost:3000
sec-fetch-site: same-site
sec-fetch-mode: cors
sec-fetch-dest: empty
referer: http://localhost:3000/
accept-encoding: gzip, deflate, br, zstd
accept-language: ko-KR,ko;q=0.9,en-US;q=0.8,en;q=0.7


Security filter chain: [
  DisableEncodeUrlFilter
  WebAsyncManagerIntegrationFilter
  SecurityContextHolderFilter
  HeaderWriterFilter
  CorsFilter
  CsrfFilter
  LogoutFilter
  JwtAuthenticationFilter
  RequestCacheAwareFilter
  SecurityContextHolderAwareRequestFilter
  AnonymousAuthenticationFilter
  ExceptionTranslationFilter
  AuthorizationFilter
]


************************************************************


14:32:47.690 [http-nio-8888-exec-4] INFO  Spring Security Debugger -- 

************************************************************

Request received for GET '/api/v1/task':

org.apache.catalina.connector.RequestFacade@2c5eba52

servletPath:/api/v1/task
pathInfo:null
headers: 
host: localhost:8888
connection: keep-alive
pragma: no-cache
cache-control: no-cache
sec-ch-ua-platform: "macOS"
user-agent: Mozilla/5.0 (Macintosh; Intel Mac OS X 10_15_7) AppleWebKit/537.36 (KHTML, like Gecko) Chrome/147.0.0.0 Safari/537.36
sec-ch-ua: "Google Chrome";v="147", "Not.A/Brand";v="8", "Chromium";v="147"
sec-ch-ua-mobile: ?0
accept: */*
origin: http://localhost:3000
sec-fetch-site: same-site
sec-fetch-mode: cors
sec-fetch-dest: empty
referer: http://localhost:3000/
accept-encoding: gzip, deflate, br, zstd
accept-language: ko-KR,ko;q=0.9,en-US;q=0.8,en;q=0.7


Security filter chain: [
  DisableEncodeUrlFilter
  WebAsyncManagerIntegrationFilter
  SecurityContextHolderFilter
  HeaderWriterFilter
  CorsFilter
  CsrfFilter
  LogoutFilter
  JwtAuthenticationFilter
  RequestCacheAwareFilter
  SecurityContextHolderAwareRequestFilter
  AnonymousAuthenticationFilter
  ExceptionTranslationFilter
  AuthorizationFilter
]


************************************************************


14:32:47.700 [http-nio-8888-exec-4] DEBUG o.s.security.web.FilterChainProxy -- Securing GET /api/v1/task
14:32:47.700 [http-nio-8888-exec-6] DEBUG o.s.security.web.FilterChainProxy -- Securing GET /api/v1/task
14:32:47.703 [http-nio-8888-exec-4] DEBUG o.s.security.web.FilterChainProxy -- Secured GET /api/v1/task
14:32:47.703 [http-nio-8888-exec-6] DEBUG o.s.security.web.FilterChainProxy -- Secured GET /api/v1/task
14:32:47.703 [http-nio-8888-exec-4] DEBUG o.s.web.servlet.DispatcherServlet -- GET "/api/v1/task", parameters={}
14:32:47.703 [http-nio-8888-exec-6] DEBUG o.s.web.servlet.DispatcherServlet -- GET "/api/v1/task", parameters={}
14:32:47.704 [http-nio-8888-exec-4] DEBUG o.s.w.s.m.m.a.RequestMappingHandlerMapping -- Mapped to com.example.demo.todo.api.TodoApi#getTasks()
14:32:47.704 [http-nio-8888-exec-6] DEBUG o.s.w.s.m.m.a.RequestMappingHandlerMapping -- Mapped to com.example.demo.todo.api.TodoApi#getTasks()
14:32:47.711 [http-nio-8888-exec-6] DEBUG o.s.w.s.m.m.a.RequestResponseBodyMethodProcessor -- Using 'application/json', given [*/*] and supported [application/json, application/*+json]
14:32:47.711 [http-nio-8888-exec-4] DEBUG o.s.w.s.m.m.a.RequestResponseBodyMethodProcessor -- Using 'application/json', given [*/*] and supported [application/json, application/*+json]
14:32:47.725 [http-nio-8888-exec-6] DEBUG o.s.w.s.m.m.a.RequestResponseBodyMethodProcessor -- Writing [com.example.demo.util.AjaxResponse@5b0ca6e6]
14:32:47.725 [http-nio-8888-exec-4] DEBUG o.s.w.s.m.m.a.RequestResponseBodyMethodProcessor -- Writing [com.example.demo.util.AjaxResponse@6e5b240c]
14:32:47.726 [http-nio-8888-exec-6] DEBUG o.s.s.w.a.AnonymousAuthenticationFilter -- Set SecurityContextHolder to anonymous SecurityContext
14:32:47.726 [http-nio-8888-exec-4] DEBUG o.s.s.w.a.AnonymousAuthenticationFilter -- Set SecurityContextHolder to anonymous SecurityContext
14:32:47.726 [http-nio-8888-exec-4] DEBUG o.s.web.servlet.DispatcherServlet -- Completed 200 OK
14:32:47.726 [http-nio-8888-exec-6] DEBUG o.s.web.servlet.DispatcherServlet -- Completed 200 OK
14:32:49.829 [http-nio-8888-exec-7] INFO  Spring Security Debugger -- 

************************************************************

Request received for OPTIONS '/api/v1/task/task_3':

org.apache.catalina.connector.RequestFacade@178bb319

servletPath:/api/v1/task/task_3
pathInfo:null
headers: 
host: localhost:8888
connection: keep-alive
accept: */*
access-control-request-method: PUT
origin: http://localhost:3000
user-agent: Mozilla/5.0 (Macintosh; Intel Mac OS X 10_15_7) AppleWebKit/537.36 (KHTML, like Gecko) Chrome/147.0.0.0 Safari/537.36
sec-fetch-mode: cors
sec-fetch-site: same-site
sec-fetch-dest: empty
referer: http://localhost:3000/
accept-encoding: gzip, deflate, br, zstd
accept-language: ko-KR,ko;q=0.9,en-US;q=0.8,en;q=0.7


Security filter chain: [
  DisableEncodeUrlFilter
  WebAsyncManagerIntegrationFilter
  SecurityContextHolderFilter
  HeaderWriterFilter
  CorsFilter
  CsrfFilter
  LogoutFilter
  JwtAuthenticationFilter
  RequestCacheAwareFilter
  SecurityContextHolderAwareRequestFilter
  AnonymousAuthenticationFilter
  ExceptionTranslationFilter
  AuthorizationFilter
]


************************************************************


14:32:49.831 [http-nio-8888-exec-7] DEBUG o.s.security.web.FilterChainProxy -- Securing OPTIONS /api/v1/task/task_3
14:32:49.835 [http-nio-8888-exec-8] INFO  Spring Security Debugger -- 

************************************************************

Request received for PUT '/api/v1/task/task_3':

org.apache.catalina.connector.RequestFacade@5ebfe9b0

servletPath:/api/v1/task/task_3
pathInfo:null
headers: 
host: localhost:8888
connection: keep-alive
content-length: 0
sec-ch-ua-platform: "macOS"
user-agent: Mozilla/5.0 (Macintosh; Intel Mac OS X 10_15_7) AppleWebKit/537.36 (KHTML, like Gecko) Chrome/147.0.0.0 Safari/537.36
sec-ch-ua: "Google Chrome";v="147", "Not.A/Brand";v="8", "Chromium";v="147"
sec-ch-ua-mobile: ?0
accept: */*
origin: http://localhost:3000
sec-fetch-site: same-site
sec-fetch-mode: cors
sec-fetch-dest: empty
referer: http://localhost:3000/
accept-encoding: gzip, deflate, br, zstd
accept-language: ko-KR,ko;q=0.9,en-US;q=0.8,en;q=0.7


Security filter chain: [
  DisableEncodeUrlFilter
  WebAsyncManagerIntegrationFilter
  SecurityContextHolderFilter
  HeaderWriterFilter
  CorsFilter
  CsrfFilter
  LogoutFilter
  JwtAuthenticationFilter
  RequestCacheAwareFilter
  SecurityContextHolderAwareRequestFilter
  AnonymousAuthenticationFilter
  ExceptionTranslationFilter
  AuthorizationFilter
]


************************************************************


14:32:49.835 [http-nio-8888-exec-8] DEBUG o.s.security.web.FilterChainProxy -- Securing PUT /api/v1/task/task_3
14:32:49.836 [http-nio-8888-exec-8] DEBUG o.s.security.web.FilterChainProxy -- Secured PUT /api/v1/task/task_3
14:32:49.836 [http-nio-8888-exec-8] DEBUG o.s.web.servlet.DispatcherServlet -- PUT "/api/v1/task/task_3", parameters={}
14:32:49.837 [http-nio-8888-exec-8] DEBUG o.s.w.s.m.m.a.RequestMappingHandlerMapping -- Mapped to com.example.demo.todo.api.TodoApi#done(String)
14:32:49.863 [http-nio-8888-exec-8] DEBUG o.s.w.s.m.m.a.RequestResponseBodyMethodProcessor -- Using 'application/json', given [*/*] and supported [application/json, application/*+json]
14:32:49.863 [http-nio-8888-exec-8] DEBUG o.s.w.s.m.m.a.RequestResponseBodyMethodProcessor -- Writing [com.example.demo.util.AjaxResponse@730a1d2d]
14:32:49.864 [http-nio-8888-exec-8] DEBUG o.s.s.w.a.AnonymousAuthenticationFilter -- Set SecurityContextHolder to anonymous SecurityContext
14:32:49.864 [http-nio-8888-exec-8] DEBUG o.s.web.servlet.DispatcherServlet -- Completed 200 OK
14:32:49.866 [http-nio-8888-exec-9] INFO  Spring Security Debugger -- 

************************************************************

Request received for GET '/api/v1/task':

org.apache.catalina.connector.RequestFacade@6243926e

servletPath:/api/v1/task
pathInfo:null
headers: 
host: localhost:8888
connection: keep-alive
sec-ch-ua-platform: "macOS"
user-agent: Mozilla/5.0 (Macintosh; Intel Mac OS X 10_15_7) AppleWebKit/537.36 (KHTML, like Gecko) Chrome/147.0.0.0 Safari/537.36
sec-ch-ua: "Google Chrome";v="147", "Not.A/Brand";v="8", "Chromium";v="147"
sec-ch-ua-mobile: ?0
accept: */*
origin: http://localhost:3000
sec-fetch-site: same-site
sec-fetch-mode: cors
sec-fetch-dest: empty
referer: http://localhost:3000/
accept-encoding: gzip, deflate, br, zstd
accept-language: ko-KR,ko;q=0.9,en-US;q=0.8,en;q=0.7


Security filter chain: [
  DisableEncodeUrlFilter
  WebAsyncManagerIntegrationFilter
  SecurityContextHolderFilter
  HeaderWriterFilter
  CorsFilter
  CsrfFilter
  LogoutFilter
  JwtAuthenticationFilter
  RequestCacheAwareFilter
  SecurityContextHolderAwareRequestFilter
  AnonymousAuthenticationFilter
  ExceptionTranslationFilter
  AuthorizationFilter
]


************************************************************


14:32:49.867 [http-nio-8888-exec-9] DEBUG o.s.security.web.FilterChainProxy -- Securing GET /api/v1/task
14:32:49.867 [http-nio-8888-exec-9] DEBUG o.s.security.web.FilterChainProxy -- Secured GET /api/v1/task
14:32:49.867 [http-nio-8888-exec-9] DEBUG o.s.web.servlet.DispatcherServlet -- GET "/api/v1/task", parameters={}
14:32:49.868 [http-nio-8888-exec-9] DEBUG o.s.w.s.m.m.a.RequestMappingHandlerMapping -- Mapped to com.example.demo.todo.api.TodoApi#getTasks()
14:32:49.869 [http-nio-8888-exec-9] DEBUG o.s.w.s.m.m.a.RequestResponseBodyMethodProcessor -- Using 'application/json', given [*/*] and supported [application/json, application/*+json]
14:32:49.869 [http-nio-8888-exec-9] DEBUG o.s.w.s.m.m.a.RequestResponseBodyMethodProcessor -- Writing [com.example.demo.util.AjaxResponse@6a237705]
14:32:49.870 [http-nio-8888-exec-9] DEBUG o.s.s.w.a.AnonymousAuthenticationFilter -- Set SecurityContextHolder to anonymous SecurityContext
14:32:49.870 [http-nio-8888-exec-9] DEBUG o.s.web.servlet.DispatcherServlet -- Completed 200 OK
14:32:52.560 [http-nio-8888-exec-10] INFO  Spring Security Debugger -- 

************************************************************

Request received for PUT '/api/v1/task/task_3':

org.apache.catalina.connector.RequestFacade@2fb51392

servletPath:/api/v1/task/task_3
pathInfo:null
headers: 
host: localhost:8888
connection: keep-alive
content-length: 0
sec-ch-ua-platform: "macOS"
user-agent: Mozilla/5.0 (Macintosh; Intel Mac OS X 10_15_7) AppleWebKit/537.36 (KHTML, like Gecko) Chrome/147.0.0.0 Safari/537.36
sec-ch-ua: "Google Chrome";v="147", "Not.A/Brand";v="8", "Chromium";v="147"
sec-ch-ua-mobile: ?0
accept: */*
origin: http://localhost:3000
sec-fetch-site: same-site
sec-fetch-mode: cors
sec-fetch-dest: empty
referer: http://localhost:3000/
accept-encoding: gzip, deflate, br, zstd
accept-language: ko-KR,ko;q=0.9,en-US;q=0.8,en;q=0.7


Security filter chain: [
  DisableEncodeUrlFilter
  WebAsyncManagerIntegrationFilter
  SecurityContextHolderFilter
  HeaderWriterFilter
  CorsFilter
  CsrfFilter
  LogoutFilter
  JwtAuthenticationFilter
  RequestCacheAwareFilter
  SecurityContextHolderAwareRequestFilter
  AnonymousAuthenticationFilter
  ExceptionTranslationFilter
  AuthorizationFilter
]


************************************************************


14:32:52.560 [http-nio-8888-exec-10] DEBUG o.s.security.web.FilterChainProxy -- Securing PUT /api/v1/task/task_3
14:32:52.561 [http-nio-8888-exec-10] DEBUG o.s.security.web.FilterChainProxy -- Secured PUT /api/v1/task/task_3
14:32:52.562 [http-nio-8888-exec-10] DEBUG o.s.web.servlet.DispatcherServlet -- PUT "/api/v1/task/task_3", parameters={}
14:32:52.563 [http-nio-8888-exec-10] DEBUG o.s.w.s.m.m.a.RequestMappingHandlerMapping -- Mapped to com.example.demo.todo.api.TodoApi#done(String)
14:32:52.567 [http-nio-8888-exec-10] DEBUG o.s.w.s.m.m.a.RequestResponseBodyMethodProcessor -- Using 'application/json', given [*/*] and supported [application/json, application/*+json]
14:32:52.568 [http-nio-8888-exec-10] DEBUG o.s.w.s.m.m.a.RequestResponseBodyMethodProcessor -- Writing [com.example.demo.util.AjaxResponse@13a1e9b6]
14:32:52.569 [http-nio-8888-exec-10] DEBUG o.s.s.w.a.AnonymousAuthenticationFilter -- Set SecurityContextHolder to anonymous SecurityContext
14:32:52.570 [http-nio-8888-exec-10] DEBUG o.s.web.servlet.DispatcherServlet -- Completed 200 OK
14:32:52.573 [http-nio-8888-exec-1] INFO  Spring Security Debugger -- 

************************************************************

Request received for GET '/api/v1/task':

org.apache.catalina.connector.RequestFacade@5eece3a6

servletPath:/api/v1/task
pathInfo:null
headers: 
host: localhost:8888
connection: keep-alive
sec-ch-ua-platform: "macOS"
user-agent: Mozilla/5.0 (Macintosh; Intel Mac OS X 10_15_7) AppleWebKit/537.36 (KHTML, like Gecko) Chrome/147.0.0.0 Safari/537.36
sec-ch-ua: "Google Chrome";v="147", "Not.A/Brand";v="8", "Chromium";v="147"
sec-ch-ua-mobile: ?0
accept: */*
origin: http://localhost:3000
sec-fetch-site: same-site
sec-fetch-mode: cors
sec-fetch-dest: empty
referer: http://localhost:3000/
accept-encoding: gzip, deflate, br, zstd
accept-language: ko-KR,ko;q=0.9,en-US;q=0.8,en;q=0.7


Security filter chain: [
  DisableEncodeUrlFilter
  WebAsyncManagerIntegrationFilter
  SecurityContextHolderFilter
  HeaderWriterFilter
  CorsFilter
  CsrfFilter
  LogoutFilter
  JwtAuthenticationFilter
  RequestCacheAwareFilter
  SecurityContextHolderAwareRequestFilter
  AnonymousAuthenticationFilter
  ExceptionTranslationFilter
  AuthorizationFilter
]


************************************************************


14:32:52.573 [http-nio-8888-exec-1] DEBUG o.s.security.web.FilterChainProxy -- Securing GET /api/v1/task
14:32:52.574 [http-nio-8888-exec-1] DEBUG o.s.security.web.FilterChainProxy -- Secured GET /api/v1/task
14:32:52.574 [http-nio-8888-exec-1] DEBUG o.s.web.servlet.DispatcherServlet -- GET "/api/v1/task", parameters={}
14:32:52.575 [http-nio-8888-exec-1] DEBUG o.s.w.s.m.m.a.RequestMappingHandlerMapping -- Mapped to com.example.demo.todo.api.TodoApi#getTasks()
14:32:52.577 [http-nio-8888-exec-1] DEBUG o.s.w.s.m.m.a.RequestResponseBodyMethodProcessor -- Using 'application/json', given [*/*] and supported [application/json, application/*+json]
14:32:52.577 [http-nio-8888-exec-1] DEBUG o.s.w.s.m.m.a.RequestResponseBodyMethodProcessor -- Writing [com.example.demo.util.AjaxResponse@71946f52]
14:32:52.578 [http-nio-8888-exec-1] DEBUG o.s.s.w.a.AnonymousAuthenticationFilter -- Set SecurityContextHolder to anonymous SecurityContext
14:32:52.579 [http-nio-8888-exec-1] DEBUG o.s.web.servlet.DispatcherServlet -- Completed 200 OK
14:32:53.818 [http-nio-8888-exec-5] INFO  Spring Security Debugger -- 

************************************************************

Request received for GET '/api/v1/task':

org.apache.catalina.connector.RequestFacade@4ae40b14

servletPath:/api/v1/task
pathInfo:null
headers: 
host: localhost:8888
connection: keep-alive
pragma: no-cache
cache-control: no-cache
sec-ch-ua-platform: "macOS"
user-agent: Mozilla/5.0 (Macintosh; Intel Mac OS X 10_15_7) AppleWebKit/537.36 (KHTML, like Gecko) Chrome/147.0.0.0 Safari/537.36
sec-ch-ua: "Google Chrome";v="147", "Not.A/Brand";v="8", "Chromium";v="147"
sec-ch-ua-mobile: ?0
accept: */*
origin: http://localhost:3000
sec-fetch-site: same-site
sec-fetch-mode: cors
sec-fetch-dest: empty
referer: http://localhost:3000/
accept-encoding: gzip, deflate, br, zstd
accept-language: ko-KR,ko;q=0.9,en-US;q=0.8,en;q=0.7


Security filter chain: [
  DisableEncodeUrlFilter
  WebAsyncManagerIntegrationFilter
  SecurityContextHolderFilter
  HeaderWriterFilter
  CorsFilter
  CsrfFilter
  LogoutFilter
  JwtAuthenticationFilter
  RequestCacheAwareFilter
  SecurityContextHolderAwareRequestFilter
  AnonymousAuthenticationFilter
  ExceptionTranslationFilter
  AuthorizationFilter
]


************************************************************


14:32:53.820 [http-nio-8888-exec-5] DEBUG o.s.security.web.FilterChainProxy -- Securing GET /api/v1/task
14:32:53.820 [http-nio-8888-exec-3] INFO  Spring Security Debugger -- 

************************************************************

Request received for GET '/api/v1/task':

org.apache.catalina.connector.RequestFacade@35852580

servletPath:/api/v1/task
pathInfo:null
headers: 
host: localhost:8888
connection: keep-alive
pragma: no-cache
cache-control: no-cache
sec-ch-ua-platform: "macOS"
user-agent: Mozilla/5.0 (Macintosh; Intel Mac OS X 10_15_7) AppleWebKit/537.36 (KHTML, like Gecko) Chrome/147.0.0.0 Safari/537.36
sec-ch-ua: "Google Chrome";v="147", "Not.A/Brand";v="8", "Chromium";v="147"
sec-ch-ua-mobile: ?0
accept: */*
origin: http://localhost:3000
sec-fetch-site: same-site
sec-fetch-mode: cors
sec-fetch-dest: empty
referer: http://localhost:3000/
accept-encoding: gzip, deflate, br, zstd
accept-language: ko-KR,ko;q=0.9,en-US;q=0.8,en;q=0.7


Security filter chain: [
  DisableEncodeUrlFilter
  WebAsyncManagerIntegrationFilter
  SecurityContextHolderFilter
  HeaderWriterFilter
  CorsFilter
  CsrfFilter
  LogoutFilter
  JwtAuthenticationFilter
  RequestCacheAwareFilter
  SecurityContextHolderAwareRequestFilter
  AnonymousAuthenticationFilter
  ExceptionTranslationFilter
  AuthorizationFilter
]


************************************************************


14:32:53.820 [http-nio-8888-exec-3] DEBUG o.s.security.web.FilterChainProxy -- Securing GET /api/v1/task
14:32:53.821 [http-nio-8888-exec-5] DEBUG o.s.security.web.FilterChainProxy -- Secured GET /api/v1/task
14:32:53.821 [http-nio-8888-exec-5] DEBUG o.s.web.servlet.DispatcherServlet -- GET "/api/v1/task", parameters={}
14:32:53.821 [http-nio-8888-exec-3] DEBUG o.s.security.web.FilterChainProxy -- Secured GET /api/v1/task
14:32:53.821 [http-nio-8888-exec-3] DEBUG o.s.web.servlet.DispatcherServlet -- GET "/api/v1/task", parameters={}
14:32:53.822 [http-nio-8888-exec-3] DEBUG o.s.w.s.m.m.a.RequestMappingHandlerMapping -- Mapped to com.example.demo.todo.api.TodoApi#getTasks()
14:32:53.822 [http-nio-8888-exec-5] DEBUG o.s.w.s.m.m.a.RequestMappingHandlerMapping -- Mapped to com.example.demo.todo.api.TodoApi#getTasks()
14:32:53.823 [http-nio-8888-exec-3] DEBUG o.s.w.s.m.m.a.RequestResponseBodyMethodProcessor -- Using 'application/json', given [*/*] and supported [application/json, application/*+json]
14:32:53.823 [http-nio-8888-exec-3] DEBUG o.s.w.s.m.m.a.RequestResponseBodyMethodProcessor -- Writing [com.example.demo.util.AjaxResponse@31f7f639]
14:32:53.824 [http-nio-8888-exec-5] DEBUG o.s.w.s.m.m.a.RequestResponseBodyMethodProcessor -- Using 'application/json', given [*/*] and supported [application/json, application/*+json]
14:32:53.824 [http-nio-8888-exec-5] DEBUG o.s.w.s.m.m.a.RequestResponseBodyMethodProcessor -- Writing [com.example.demo.util.AjaxResponse@6bd4b6e1]
14:32:53.824 [http-nio-8888-exec-5] DEBUG o.s.s.w.a.AnonymousAuthenticationFilter -- Set SecurityContextHolder to anonymous SecurityContext
14:32:53.825 [http-nio-8888-exec-5] DEBUG o.s.web.servlet.DispatcherServlet -- Completed 200 OK
14:32:53.824 [http-nio-8888-exec-3] DEBUG o.s.s.w.a.AnonymousAuthenticationFilter -- Set SecurityContextHolder to anonymous SecurityContext
14:32:53.825 [http-nio-8888-exec-3] DEBUG o.s.web.servlet.DispatcherServlet -- Completed 200 OK
14:34:21.669 [http-nio-8888-exec-4] INFO  Spring Security Debugger -- 

************************************************************

Request received for OPTIONS '/api/v1/task/task_0':

org.apache.catalina.connector.RequestFacade@54e5020b

servletPath:/api/v1/task/task_0
pathInfo:null
headers: 
host: localhost:8888
connection: keep-alive
accept: */*
access-control-request-method: PUT
origin: http://localhost:3000
user-agent: Mozilla/5.0 (Macintosh; Intel Mac OS X 10_15_7) AppleWebKit/537.36 (KHTML, like Gecko) Chrome/147.0.0.0 Safari/537.36
sec-fetch-mode: cors
sec-fetch-site: same-site
sec-fetch-dest: empty
referer: http://localhost:3000/
accept-encoding: gzip, deflate, br, zstd
accept-language: ko-KR,ko;q=0.9,en-US;q=0.8,en;q=0.7


Security filter chain: [
  DisableEncodeUrlFilter
  WebAsyncManagerIntegrationFilter
  SecurityContextHolderFilter
  HeaderWriterFilter
  CorsFilter
  CsrfFilter
  LogoutFilter
  JwtAuthenticationFilter
  RequestCacheAwareFilter
  SecurityContextHolderAwareRequestFilter
  AnonymousAuthenticationFilter
  ExceptionTranslationFilter
  AuthorizationFilter
]


************************************************************


14:34:21.701 [http-nio-8888-exec-4] DEBUG o.s.security.web.FilterChainProxy -- Securing OPTIONS /api/v1/task/task_0
14:34:21.717 [http-nio-8888-exec-7] INFO  Spring Security Debugger -- 

************************************************************

Request received for PUT '/api/v1/task/task_0':

org.apache.catalina.connector.RequestFacade@3058f692

servletPath:/api/v1/task/task_0
pathInfo:null
headers: 
host: localhost:8888
connection: keep-alive
content-length: 0
sec-ch-ua-platform: "macOS"
user-agent: Mozilla/5.0 (Macintosh; Intel Mac OS X 10_15_7) AppleWebKit/537.36 (KHTML, like Gecko) Chrome/147.0.0.0 Safari/537.36
sec-ch-ua: "Google Chrome";v="147", "Not.A/Brand";v="8", "Chromium";v="147"
sec-ch-ua-mobile: ?0
accept: */*
origin: http://localhost:3000
sec-fetch-site: same-site
sec-fetch-mode: cors
sec-fetch-dest: empty
referer: http://localhost:3000/
accept-encoding: gzip, deflate, br, zstd
accept-language: ko-KR,ko;q=0.9,en-US;q=0.8,en;q=0.7


Security filter chain: [
  DisableEncodeUrlFilter
  WebAsyncManagerIntegrationFilter
  SecurityContextHolderFilter
  HeaderWriterFilter
  CorsFilter
  CsrfFilter
  LogoutFilter
  JwtAuthenticationFilter
  RequestCacheAwareFilter
  SecurityContextHolderAwareRequestFilter
  AnonymousAuthenticationFilter
  ExceptionTranslationFilter
  AuthorizationFilter
]


************************************************************


14:34:21.717 [http-nio-8888-exec-7] DEBUG o.s.security.web.FilterChainProxy -- Securing PUT /api/v1/task/task_0
14:34:21.717 [http-nio-8888-exec-7] DEBUG o.s.security.web.FilterChainProxy -- Secured PUT /api/v1/task/task_0
14:34:21.718 [http-nio-8888-exec-7] DEBUG o.s.web.servlet.DispatcherServlet -- PUT "/api/v1/task/task_0", parameters={}
14:34:21.719 [http-nio-8888-exec-7] DEBUG o.s.w.s.m.m.a.RequestMappingHandlerMapping -- Mapped to com.example.demo.todo.api.TodoApi#done(String)
14:34:21.725 [http-nio-8888-exec-7] DEBUG o.s.w.s.m.m.a.RequestResponseBodyMethodProcessor -- Using 'application/json', given [*/*] and supported [application/json, application/*+json]
14:34:21.725 [http-nio-8888-exec-7] DEBUG o.s.w.s.m.m.a.RequestResponseBodyMethodProcessor -- Writing [com.example.demo.util.AjaxResponse@6b0ffb0e]
14:34:21.726 [http-nio-8888-exec-7] DEBUG o.s.s.w.a.AnonymousAuthenticationFilter -- Set SecurityContextHolder to anonymous SecurityContext
14:34:21.727 [http-nio-8888-exec-7] DEBUG o.s.web.servlet.DispatcherServlet -- Completed 200 OK
14:34:21.731 [http-nio-8888-exec-8] INFO  Spring Security Debugger -- 

************************************************************

Request received for GET '/api/v1/task':

org.apache.catalina.connector.RequestFacade@1eadb0bb

servletPath:/api/v1/task
pathInfo:null
headers: 
host: localhost:8888
connection: keep-alive
sec-ch-ua-platform: "macOS"
user-agent: Mozilla/5.0 (Macintosh; Intel Mac OS X 10_15_7) AppleWebKit/537.36 (KHTML, like Gecko) Chrome/147.0.0.0 Safari/537.36
sec-ch-ua: "Google Chrome";v="147", "Not.A/Brand";v="8", "Chromium";v="147"
sec-ch-ua-mobile: ?0
accept: */*
origin: http://localhost:3000
sec-fetch-site: same-site
sec-fetch-mode: cors
sec-fetch-dest: empty
referer: http://localhost:3000/
accept-encoding: gzip, deflate, br, zstd
accept-language: ko-KR,ko;q=0.9,en-US;q=0.8,en;q=0.7


Security filter chain: [
  DisableEncodeUrlFilter
  WebAsyncManagerIntegrationFilter
  SecurityContextHolderFilter
  HeaderWriterFilter
  CorsFilter
  CsrfFilter
  LogoutFilter
  JwtAuthenticationFilter
  RequestCacheAwareFilter
  SecurityContextHolderAwareRequestFilter
  AnonymousAuthenticationFilter
  ExceptionTranslationFilter
  AuthorizationFilter
]


************************************************************


14:34:21.731 [http-nio-8888-exec-8] DEBUG o.s.security.web.FilterChainProxy -- Securing GET /api/v1/task
14:34:21.731 [http-nio-8888-exec-8] DEBUG o.s.security.web.FilterChainProxy -- Secured GET /api/v1/task
14:34:21.732 [http-nio-8888-exec-8] DEBUG o.s.web.servlet.DispatcherServlet -- GET "/api/v1/task", parameters={}
14:34:21.732 [http-nio-8888-exec-8] DEBUG o.s.w.s.m.m.a.RequestMappingHandlerMapping -- Mapped to com.example.demo.todo.api.TodoApi#getTasks()
14:34:21.734 [http-nio-8888-exec-8] DEBUG o.s.w.s.m.m.a.RequestResponseBodyMethodProcessor -- Using 'application/json', given [*/*] and supported [application/json, application/*+json]
14:34:21.734 [http-nio-8888-exec-8] DEBUG o.s.w.s.m.m.a.RequestResponseBodyMethodProcessor -- Writing [com.example.demo.util.AjaxResponse@205d2057]
14:34:21.734 [http-nio-8888-exec-8] DEBUG o.s.s.w.a.AnonymousAuthenticationFilter -- Set SecurityContextHolder to anonymous SecurityContext
14:34:21.735 [http-nio-8888-exec-8] DEBUG o.s.web.servlet.DispatcherServlet -- Completed 200 OK
14:34:26.191 [http-nio-8888-exec-9] INFO  Spring Security Debugger -- 

************************************************************

Request received for OPTIONS '/api/v1/task/task_1':

org.apache.catalina.connector.RequestFacade@4ab40090

servletPath:/api/v1/task/task_1
pathInfo:null
headers: 
host: localhost:8888
connection: keep-alive
accept: */*
access-control-request-method: PUT
origin: http://localhost:3000
user-agent: Mozilla/5.0 (Macintosh; Intel Mac OS X 10_15_7) AppleWebKit/537.36 (KHTML, like Gecko) Chrome/147.0.0.0 Safari/537.36
sec-fetch-mode: cors
sec-fetch-site: same-site
sec-fetch-dest: empty
referer: http://localhost:3000/
accept-encoding: gzip, deflate, br, zstd
accept-language: ko-KR,ko;q=0.9,en-US;q=0.8,en;q=0.7


Security filter chain: [
  DisableEncodeUrlFilter
  WebAsyncManagerIntegrationFilter
  SecurityContextHolderFilter
  HeaderWriterFilter
  CorsFilter
  CsrfFilter
  LogoutFilter
  JwtAuthenticationFilter
  RequestCacheAwareFilter
  SecurityContextHolderAwareRequestFilter
  AnonymousAuthenticationFilter
  ExceptionTranslationFilter
  AuthorizationFilter
]


************************************************************


14:34:26.192 [http-nio-8888-exec-9] DEBUG o.s.security.web.FilterChainProxy -- Securing OPTIONS /api/v1/task/task_1
14:34:26.196 [http-nio-8888-exec-10] INFO  Spring Security Debugger -- 

************************************************************

Request received for PUT '/api/v1/task/task_1':

org.apache.catalina.connector.RequestFacade@768e2df3

servletPath:/api/v1/task/task_1
pathInfo:null
headers: 
host: localhost:8888
connection: keep-alive
content-length: 0
sec-ch-ua-platform: "macOS"
user-agent: Mozilla/5.0 (Macintosh; Intel Mac OS X 10_15_7) AppleWebKit/537.36 (KHTML, like Gecko) Chrome/147.0.0.0 Safari/537.36
sec-ch-ua: "Google Chrome";v="147", "Not.A/Brand";v="8", "Chromium";v="147"
sec-ch-ua-mobile: ?0
accept: */*
origin: http://localhost:3000
sec-fetch-site: same-site
sec-fetch-mode: cors
sec-fetch-dest: empty
referer: http://localhost:3000/
accept-encoding: gzip, deflate, br, zstd
accept-language: ko-KR,ko;q=0.9,en-US;q=0.8,en;q=0.7


Security filter chain: [
  DisableEncodeUrlFilter
  WebAsyncManagerIntegrationFilter
  SecurityContextHolderFilter
  HeaderWriterFilter
  CorsFilter
  CsrfFilter
  LogoutFilter
  JwtAuthenticationFilter
  RequestCacheAwareFilter
  SecurityContextHolderAwareRequestFilter
  AnonymousAuthenticationFilter
  ExceptionTranslationFilter
  AuthorizationFilter
]


************************************************************


14:34:26.196 [http-nio-8888-exec-10] DEBUG o.s.security.web.FilterChainProxy -- Securing PUT /api/v1/task/task_1
14:34:26.196 [http-nio-8888-exec-10] DEBUG o.s.security.web.FilterChainProxy -- Secured PUT /api/v1/task/task_1
14:34:26.197 [http-nio-8888-exec-10] DEBUG o.s.web.servlet.DispatcherServlet -- PUT "/api/v1/task/task_1", parameters={}
14:34:26.197 [http-nio-8888-exec-10] DEBUG o.s.w.s.m.m.a.RequestMappingHandlerMapping -- Mapped to com.example.demo.todo.api.TodoApi#done(String)
14:34:26.201 [http-nio-8888-exec-10] DEBUG o.s.w.s.m.m.a.RequestResponseBodyMethodProcessor -- Using 'application/json', given [*/*] and supported [application/json, application/*+json]
14:34:26.202 [http-nio-8888-exec-10] DEBUG o.s.w.s.m.m.a.RequestResponseBodyMethodProcessor -- Writing [com.example.demo.util.AjaxResponse@7a62754f]
14:34:26.204 [http-nio-8888-exec-10] DEBUG o.s.s.w.a.AnonymousAuthenticationFilter -- Set SecurityContextHolder to anonymous SecurityContext
14:34:26.205 [http-nio-8888-exec-10] DEBUG o.s.web.servlet.DispatcherServlet -- Completed 200 OK
14:34:26.208 [http-nio-8888-exec-1] INFO  Spring Security Debugger -- 

************************************************************

Request received for GET '/api/v1/task':

org.apache.catalina.connector.RequestFacade@47789020

servletPath:/api/v1/task
pathInfo:null
headers: 
host: localhost:8888
connection: keep-alive
sec-ch-ua-platform: "macOS"
user-agent: Mozilla/5.0 (Macintosh; Intel Mac OS X 10_15_7) AppleWebKit/537.36 (KHTML, like Gecko) Chrome/147.0.0.0 Safari/537.36
sec-ch-ua: "Google Chrome";v="147", "Not.A/Brand";v="8", "Chromium";v="147"
sec-ch-ua-mobile: ?0
accept: */*
origin: http://localhost:3000
sec-fetch-site: same-site
sec-fetch-mode: cors
sec-fetch-dest: empty
referer: http://localhost:3000/
accept-encoding: gzip, deflate, br, zstd
accept-language: ko-KR,ko;q=0.9,en-US;q=0.8,en;q=0.7


Security filter chain: [
  DisableEncodeUrlFilter
  WebAsyncManagerIntegrationFilter
  SecurityContextHolderFilter
  HeaderWriterFilter
  CorsFilter
  CsrfFilter
  LogoutFilter
  JwtAuthenticationFilter
  RequestCacheAwareFilter
  SecurityContextHolderAwareRequestFilter
  AnonymousAuthenticationFilter
  ExceptionTranslationFilter
  AuthorizationFilter
]


************************************************************


14:34:26.208 [http-nio-8888-exec-1] DEBUG o.s.security.web.FilterChainProxy -- Securing GET /api/v1/task
14:34:26.209 [http-nio-8888-exec-1] DEBUG o.s.security.web.FilterChainProxy -- Secured GET /api/v1/task
14:34:26.209 [http-nio-8888-exec-1] DEBUG o.s.web.servlet.DispatcherServlet -- GET "/api/v1/task", parameters={}
14:34:26.209 [http-nio-8888-exec-1] DEBUG o.s.w.s.m.m.a.RequestMappingHandlerMapping -- Mapped to com.example.demo.todo.api.TodoApi#getTasks()
14:34:26.211 [http-nio-8888-exec-1] DEBUG o.s.w.s.m.m.a.RequestResponseBodyMethodProcessor -- Using 'application/json', given [*/*] and supported [application/json, application/*+json]
14:34:26.212 [http-nio-8888-exec-1] DEBUG o.s.w.s.m.m.a.RequestResponseBodyMethodProcessor -- Writing [com.example.demo.util.AjaxResponse@70d41343]
14:34:26.213 [http-nio-8888-exec-1] DEBUG o.s.s.w.a.AnonymousAuthenticationFilter -- Set SecurityContextHolder to anonymous SecurityContext
14:34:26.214 [http-nio-8888-exec-1] DEBUG o.s.web.servlet.DispatcherServlet -- Completed 200 OK
14:34:30.112 [http-nio-8888-exec-5] INFO  Spring Security Debugger -- 

************************************************************

Request received for OPTIONS '/api/v1/task/task_4':

org.apache.catalina.connector.RequestFacade@69926e4a

servletPath:/api/v1/task/task_4
pathInfo:null
headers: 
host: localhost:8888
connection: keep-alive
accept: */*
access-control-request-method: PUT
origin: http://localhost:3000
user-agent: Mozilla/5.0 (Macintosh; Intel Mac OS X 10_15_7) AppleWebKit/537.36 (KHTML, like Gecko) Chrome/147.0.0.0 Safari/537.36
sec-fetch-mode: cors
sec-fetch-site: same-site
sec-fetch-dest: empty
referer: http://localhost:3000/
accept-encoding: gzip, deflate, br, zstd
accept-language: ko-KR,ko;q=0.9,en-US;q=0.8,en;q=0.7


Security filter chain: [
  DisableEncodeUrlFilter
  WebAsyncManagerIntegrationFilter
  SecurityContextHolderFilter
  HeaderWriterFilter
  CorsFilter
  CsrfFilter
  LogoutFilter
  JwtAuthenticationFilter
  RequestCacheAwareFilter
  SecurityContextHolderAwareRequestFilter
  AnonymousAuthenticationFilter
  ExceptionTranslationFilter
  AuthorizationFilter
]


************************************************************


14:34:30.113 [http-nio-8888-exec-5] DEBUG o.s.security.web.FilterChainProxy -- Securing OPTIONS /api/v1/task/task_4
14:34:30.116 [http-nio-8888-exec-3] INFO  Spring Security Debugger -- 

************************************************************

Request received for PUT '/api/v1/task/task_4':

org.apache.catalina.connector.RequestFacade@7679b873

servletPath:/api/v1/task/task_4
pathInfo:null
headers: 
host: localhost:8888
connection: keep-alive
content-length: 0
sec-ch-ua-platform: "macOS"
user-agent: Mozilla/5.0 (Macintosh; Intel Mac OS X 10_15_7) AppleWebKit/537.36 (KHTML, like Gecko) Chrome/147.0.0.0 Safari/537.36
sec-ch-ua: "Google Chrome";v="147", "Not.A/Brand";v="8", "Chromium";v="147"
sec-ch-ua-mobile: ?0
accept: */*
origin: http://localhost:3000
sec-fetch-site: same-site
sec-fetch-mode: cors
sec-fetch-dest: empty
referer: http://localhost:3000/
accept-encoding: gzip, deflate, br, zstd
accept-language: ko-KR,ko;q=0.9,en-US;q=0.8,en;q=0.7


Security filter chain: [
  DisableEncodeUrlFilter
  WebAsyncManagerIntegrationFilter
  SecurityContextHolderFilter
  HeaderWriterFilter
  CorsFilter
  CsrfFilter
  LogoutFilter
  JwtAuthenticationFilter
  RequestCacheAwareFilter
  SecurityContextHolderAwareRequestFilter
  AnonymousAuthenticationFilter
  ExceptionTranslationFilter
  AuthorizationFilter
]


************************************************************


14:34:30.116 [http-nio-8888-exec-3] DEBUG o.s.security.web.FilterChainProxy -- Securing PUT /api/v1/task/task_4
14:34:30.117 [http-nio-8888-exec-3] DEBUG o.s.security.web.FilterChainProxy -- Secured PUT /api/v1/task/task_4
14:34:30.117 [http-nio-8888-exec-3] DEBUG o.s.web.servlet.DispatcherServlet -- PUT "/api/v1/task/task_4", parameters={}
14:34:30.117 [http-nio-8888-exec-3] DEBUG o.s.w.s.m.m.a.RequestMappingHandlerMapping -- Mapped to com.example.demo.todo.api.TodoApi#done(String)
14:34:30.121 [http-nio-8888-exec-3] DEBUG o.s.w.s.m.m.a.RequestResponseBodyMethodProcessor -- Using 'application/json', given [*/*] and supported [application/json, application/*+json]
14:34:30.121 [http-nio-8888-exec-3] DEBUG o.s.w.s.m.m.a.RequestResponseBodyMethodProcessor -- Writing [com.example.demo.util.AjaxResponse@7f9a545d]
14:34:30.122 [http-nio-8888-exec-3] DEBUG o.s.s.w.a.AnonymousAuthenticationFilter -- Set SecurityContextHolder to anonymous SecurityContext
14:34:30.122 [http-nio-8888-exec-3] DEBUG o.s.web.servlet.DispatcherServlet -- Completed 200 OK
14:34:30.124 [http-nio-8888-exec-2] INFO  Spring Security Debugger -- 

************************************************************

Request received for GET '/api/v1/task':

org.apache.catalina.connector.RequestFacade@3b207b48

servletPath:/api/v1/task
pathInfo:null
headers: 
host: localhost:8888
connection: keep-alive
sec-ch-ua-platform: "macOS"
user-agent: Mozilla/5.0 (Macintosh; Intel Mac OS X 10_15_7) AppleWebKit/537.36 (KHTML, like Gecko) Chrome/147.0.0.0 Safari/537.36
sec-ch-ua: "Google Chrome";v="147", "Not.A/Brand";v="8", "Chromium";v="147"
sec-ch-ua-mobile: ?0
accept: */*
origin: http://localhost:3000
sec-fetch-site: same-site
sec-fetch-mode: cors
sec-fetch-dest: empty
referer: http://localhost:3000/
accept-encoding: gzip, deflate, br, zstd
accept-language: ko-KR,ko;q=0.9,en-US;q=0.8,en;q=0.7


Security filter chain: [
  DisableEncodeUrlFilter
  WebAsyncManagerIntegrationFilter
  SecurityContextHolderFilter
  HeaderWriterFilter
  CorsFilter
  CsrfFilter
  LogoutFilter
  JwtAuthenticationFilter
  RequestCacheAwareFilter
  SecurityContextHolderAwareRequestFilter
  AnonymousAuthenticationFilter
  ExceptionTranslationFilter
  AuthorizationFilter
]


************************************************************


14:34:30.125 [http-nio-8888-exec-2] DEBUG o.s.security.web.FilterChainProxy -- Securing GET /api/v1/task
14:34:30.125 [http-nio-8888-exec-2] DEBUG o.s.security.web.FilterChainProxy -- Secured GET /api/v1/task
14:34:30.125 [http-nio-8888-exec-2] DEBUG o.s.web.servlet.DispatcherServlet -- GET "/api/v1/task", parameters={}
14:34:30.126 [http-nio-8888-exec-2] DEBUG o.s.w.s.m.m.a.RequestMappingHandlerMapping -- Mapped to com.example.demo.todo.api.TodoApi#getTasks()
14:34:30.127 [http-nio-8888-exec-2] DEBUG o.s.w.s.m.m.a.RequestResponseBodyMethodProcessor -- Using 'application/json', given [*/*] and supported [application/json, application/*+json]
14:34:30.128 [http-nio-8888-exec-2] DEBUG o.s.w.s.m.m.a.RequestResponseBodyMethodProcessor -- Writing [com.example.demo.util.AjaxResponse@1f4a4951]
14:34:30.129 [http-nio-8888-exec-2] DEBUG o.s.s.w.a.AnonymousAuthenticationFilter -- Set SecurityContextHolder to anonymous SecurityContext
14:34:30.129 [http-nio-8888-exec-2] DEBUG o.s.web.servlet.DispatcherServlet -- Completed 200 OK
14:34:32.060 [http-nio-8888-exec-6] INFO  Spring Security Debugger -- 

************************************************************

Request received for OPTIONS '/api/v1/task/task_5':

org.apache.catalina.connector.RequestFacade@42fdc2a1

servletPath:/api/v1/task/task_5
pathInfo:null
headers: 
host: localhost:8888
connection: keep-alive
accept: */*
access-control-request-method: PUT
origin: http://localhost:3000
user-agent: Mozilla/5.0 (Macintosh; Intel Mac OS X 10_15_7) AppleWebKit/537.36 (KHTML, like Gecko) Chrome/147.0.0.0 Safari/537.36
sec-fetch-mode: cors
sec-fetch-site: same-site
sec-fetch-dest: empty
referer: http://localhost:3000/
accept-encoding: gzip, deflate, br, zstd
accept-language: ko-KR,ko;q=0.9,en-US;q=0.8,en;q=0.7


Security filter chain: [
  DisableEncodeUrlFilter
  WebAsyncManagerIntegrationFilter
  SecurityContextHolderFilter
  HeaderWriterFilter
  CorsFilter
  CsrfFilter
  LogoutFilter
  JwtAuthenticationFilter
  RequestCacheAwareFilter
  SecurityContextHolderAwareRequestFilter
  AnonymousAuthenticationFilter
  ExceptionTranslationFilter
  AuthorizationFilter
]


************************************************************


14:34:32.061 [http-nio-8888-exec-6] DEBUG o.s.security.web.FilterChainProxy -- Securing OPTIONS /api/v1/task/task_5
14:34:32.064 [http-nio-8888-exec-4] INFO  Spring Security Debugger -- 

************************************************************

Request received for PUT '/api/v1/task/task_5':

org.apache.catalina.connector.RequestFacade@52eac4dd

servletPath:/api/v1/task/task_5
pathInfo:null
headers: 
host: localhost:8888
connection: keep-alive
content-length: 0
sec-ch-ua-platform: "macOS"
user-agent: Mozilla/5.0 (Macintosh; Intel Mac OS X 10_15_7) AppleWebKit/537.36 (KHTML, like Gecko) Chrome/147.0.0.0 Safari/537.36
sec-ch-ua: "Google Chrome";v="147", "Not.A/Brand";v="8", "Chromium";v="147"
sec-ch-ua-mobile: ?0
accept: */*
origin: http://localhost:3000
sec-fetch-site: same-site
sec-fetch-mode: cors
sec-fetch-dest: empty
referer: http://localhost:3000/
accept-encoding: gzip, deflate, br, zstd
accept-language: ko-KR,ko;q=0.9,en-US;q=0.8,en;q=0.7


Security filter chain: [
  DisableEncodeUrlFilter
  WebAsyncManagerIntegrationFilter
  SecurityContextHolderFilter
  HeaderWriterFilter
  CorsFilter
  CsrfFilter
  LogoutFilter
  JwtAuthenticationFilter
  RequestCacheAwareFilter
  SecurityContextHolderAwareRequestFilter
  AnonymousAuthenticationFilter
  ExceptionTranslationFilter
  AuthorizationFilter
]


************************************************************


14:34:32.065 [http-nio-8888-exec-4] DEBUG o.s.security.web.FilterChainProxy -- Securing PUT /api/v1/task/task_5
14:34:32.066 [http-nio-8888-exec-4] DEBUG o.s.security.web.FilterChainProxy -- Secured PUT /api/v1/task/task_5
14:34:32.066 [http-nio-8888-exec-4] DEBUG o.s.web.servlet.DispatcherServlet -- PUT "/api/v1/task/task_5", parameters={}
14:34:32.066 [http-nio-8888-exec-4] DEBUG o.s.w.s.m.m.a.RequestMappingHandlerMapping -- Mapped to com.example.demo.todo.api.TodoApi#done(String)
14:34:32.072 [http-nio-8888-exec-4] DEBUG o.s.w.s.m.m.a.RequestResponseBodyMethodProcessor -- Using 'application/json', given [*/*] and supported [application/json, application/*+json]
14:34:32.073 [http-nio-8888-exec-4] DEBUG o.s.w.s.m.m.a.RequestResponseBodyMethodProcessor -- Writing [com.example.demo.util.AjaxResponse@bbf78f8]
14:34:32.074 [http-nio-8888-exec-4] DEBUG o.s.s.w.a.AnonymousAuthenticationFilter -- Set SecurityContextHolder to anonymous SecurityContext
14:34:32.074 [http-nio-8888-exec-4] DEBUG o.s.web.servlet.DispatcherServlet -- Completed 200 OK
14:34:32.077 [http-nio-8888-exec-7] INFO  Spring Security Debugger -- 

************************************************************

Request received for GET '/api/v1/task':

org.apache.catalina.connector.RequestFacade@631b2fd1

servletPath:/api/v1/task
pathInfo:null
headers: 
host: localhost:8888
connection: keep-alive
sec-ch-ua-platform: "macOS"
user-agent: Mozilla/5.0 (Macintosh; Intel Mac OS X 10_15_7) AppleWebKit/537.36 (KHTML, like Gecko) Chrome/147.0.0.0 Safari/537.36
sec-ch-ua: "Google Chrome";v="147", "Not.A/Brand";v="8", "Chromium";v="147"
sec-ch-ua-mobile: ?0
accept: */*
origin: http://localhost:3000
sec-fetch-site: same-site
sec-fetch-mode: cors
sec-fetch-dest: empty
referer: http://localhost:3000/
accept-encoding: gzip, deflate, br, zstd
accept-language: ko-KR,ko;q=0.9,en-US;q=0.8,en;q=0.7


Security filter chain: [
  DisableEncodeUrlFilter
  WebAsyncManagerIntegrationFilter
  SecurityContextHolderFilter
  HeaderWriterFilter
  CorsFilter
  CsrfFilter
  LogoutFilter
  JwtAuthenticationFilter
  RequestCacheAwareFilter
  SecurityContextHolderAwareRequestFilter
  AnonymousAuthenticationFilter
  ExceptionTranslationFilter
  AuthorizationFilter
]


************************************************************


14:34:32.077 [http-nio-8888-exec-7] DEBUG o.s.security.web.FilterChainProxy -- Securing GET /api/v1/task
14:34:32.078 [http-nio-8888-exec-7] DEBUG o.s.security.web.FilterChainProxy -- Secured GET /api/v1/task
14:34:32.078 [http-nio-8888-exec-7] DEBUG o.s.web.servlet.DispatcherServlet -- GET "/api/v1/task", parameters={}
14:34:32.079 [http-nio-8888-exec-7] DEBUG o.s.w.s.m.m.a.RequestMappingHandlerMapping -- Mapped to com.example.demo.todo.api.TodoApi#getTasks()
14:34:32.080 [http-nio-8888-exec-7] DEBUG o.s.w.s.m.m.a.RequestResponseBodyMethodProcessor -- Using 'application/json', given [*/*] and supported [application/json, application/*+json]
14:34:32.081 [http-nio-8888-exec-7] DEBUG o.s.w.s.m.m.a.RequestResponseBodyMethodProcessor -- Writing [com.example.demo.util.AjaxResponse@29c24bd0]
14:34:32.082 [http-nio-8888-exec-7] DEBUG o.s.s.w.a.AnonymousAuthenticationFilter -- Set SecurityContextHolder to anonymous SecurityContext
14:34:32.082 [http-nio-8888-exec-7] DEBUG o.s.web.servlet.DispatcherServlet -- Completed 200 OK
14:34:34.244 [http-nio-8888-exec-8] INFO  Spring Security Debugger -- 

************************************************************

Request received for OPTIONS '/api/v1/task/task_2':

org.apache.catalina.connector.RequestFacade@54b5701f

servletPath:/api/v1/task/task_2
pathInfo:null
headers: 
host: localhost:8888
connection: keep-alive
accept: */*
access-control-request-method: PUT
origin: http://localhost:3000
user-agent: Mozilla/5.0 (Macintosh; Intel Mac OS X 10_15_7) AppleWebKit/537.36 (KHTML, like Gecko) Chrome/147.0.0.0 Safari/537.36
sec-fetch-mode: cors
sec-fetch-site: same-site
sec-fetch-dest: empty
referer: http://localhost:3000/
accept-encoding: gzip, deflate, br, zstd
accept-language: ko-KR,ko;q=0.9,en-US;q=0.8,en;q=0.7


Security filter chain: [
  DisableEncodeUrlFilter
  WebAsyncManagerIntegrationFilter
  SecurityContextHolderFilter
  HeaderWriterFilter
  CorsFilter
  CsrfFilter
  LogoutFilter
  JwtAuthenticationFilter
  RequestCacheAwareFilter
  SecurityContextHolderAwareRequestFilter
  AnonymousAuthenticationFilter
  ExceptionTranslationFilter
  AuthorizationFilter
]


************************************************************


14:34:34.245 [http-nio-8888-exec-8] DEBUG o.s.security.web.FilterChainProxy -- Securing OPTIONS /api/v1/task/task_2
14:34:34.248 [http-nio-8888-exec-9] INFO  Spring Security Debugger -- 

************************************************************

Request received for PUT '/api/v1/task/task_2':

org.apache.catalina.connector.RequestFacade@4d3b8f85

servletPath:/api/v1/task/task_2
pathInfo:null
headers: 
host: localhost:8888
connection: keep-alive
content-length: 0
sec-ch-ua-platform: "macOS"
user-agent: Mozilla/5.0 (Macintosh; Intel Mac OS X 10_15_7) AppleWebKit/537.36 (KHTML, like Gecko) Chrome/147.0.0.0 Safari/537.36
sec-ch-ua: "Google Chrome";v="147", "Not.A/Brand";v="8", "Chromium";v="147"
sec-ch-ua-mobile: ?0
accept: */*
origin: http://localhost:3000
sec-fetch-site: same-site
sec-fetch-mode: cors
sec-fetch-dest: empty
referer: http://localhost:3000/
accept-encoding: gzip, deflate, br, zstd
accept-language: ko-KR,ko;q=0.9,en-US;q=0.8,en;q=0.7


Security filter chain: [
  DisableEncodeUrlFilter
  WebAsyncManagerIntegrationFilter
  SecurityContextHolderFilter
  HeaderWriterFilter
  CorsFilter
  CsrfFilter
  LogoutFilter
  JwtAuthenticationFilter
  RequestCacheAwareFilter
  SecurityContextHolderAwareRequestFilter
  AnonymousAuthenticationFilter
  ExceptionTranslationFilter
  AuthorizationFilter
]


************************************************************


14:34:34.248 [http-nio-8888-exec-9] DEBUG o.s.security.web.FilterChainProxy -- Securing PUT /api/v1/task/task_2
14:34:34.249 [http-nio-8888-exec-9] DEBUG o.s.security.web.FilterChainProxy -- Secured PUT /api/v1/task/task_2
14:34:34.249 [http-nio-8888-exec-9] DEBUG o.s.web.servlet.DispatcherServlet -- PUT "/api/v1/task/task_2", parameters={}
14:34:34.249 [http-nio-8888-exec-9] DEBUG o.s.w.s.m.m.a.RequestMappingHandlerMapping -- Mapped to com.example.demo.todo.api.TodoApi#done(String)
14:34:34.252 [http-nio-8888-exec-9] DEBUG o.s.w.s.m.m.a.RequestResponseBodyMethodProcessor -- Using 'application/json', given [*/*] and supported [application/json, application/*+json]
14:34:34.253 [http-nio-8888-exec-9] DEBUG o.s.w.s.m.m.a.RequestResponseBodyMethodProcessor -- Writing [com.example.demo.util.AjaxResponse@3315a4ae]
14:34:34.254 [http-nio-8888-exec-9] DEBUG o.s.s.w.a.AnonymousAuthenticationFilter -- Set SecurityContextHolder to anonymous SecurityContext
14:34:34.255 [http-nio-8888-exec-9] DEBUG o.s.web.servlet.DispatcherServlet -- Completed 200 OK
14:34:34.257 [http-nio-8888-exec-10] INFO  Spring Security Debugger -- 

************************************************************

Request received for GET '/api/v1/task':

org.apache.catalina.connector.RequestFacade@7d4cd012

servletPath:/api/v1/task
pathInfo:null
headers: 
host: localhost:8888
connection: keep-alive
sec-ch-ua-platform: "macOS"
user-agent: Mozilla/5.0 (Macintosh; Intel Mac OS X 10_15_7) AppleWebKit/537.36 (KHTML, like Gecko) Chrome/147.0.0.0 Safari/537.36
sec-ch-ua: "Google Chrome";v="147", "Not.A/Brand";v="8", "Chromium";v="147"
sec-ch-ua-mobile: ?0
accept: */*
origin: http://localhost:3000
sec-fetch-site: same-site
sec-fetch-mode: cors
sec-fetch-dest: empty
referer: http://localhost:3000/
accept-encoding: gzip, deflate, br, zstd
accept-language: ko-KR,ko;q=0.9,en-US;q=0.8,en;q=0.7


Security filter chain: [
  DisableEncodeUrlFilter
  WebAsyncManagerIntegrationFilter
  SecurityContextHolderFilter
  HeaderWriterFilter
  CorsFilter
  CsrfFilter
  LogoutFilter
  JwtAuthenticationFilter
  RequestCacheAwareFilter
  SecurityContextHolderAwareRequestFilter
  AnonymousAuthenticationFilter
  ExceptionTranslationFilter
  AuthorizationFilter
]


************************************************************


14:34:34.257 [http-nio-8888-exec-10] DEBUG o.s.security.web.FilterChainProxy -- Securing GET /api/v1/task
14:34:34.258 [http-nio-8888-exec-10] DEBUG o.s.security.web.FilterChainProxy -- Secured GET /api/v1/task
14:34:34.258 [http-nio-8888-exec-10] DEBUG o.s.web.servlet.DispatcherServlet -- GET "/api/v1/task", parameters={}
14:34:34.259 [http-nio-8888-exec-10] DEBUG o.s.w.s.m.m.a.RequestMappingHandlerMapping -- Mapped to com.example.demo.todo.api.TodoApi#getTasks()
14:34:34.260 [http-nio-8888-exec-10] DEBUG o.s.w.s.m.m.a.RequestResponseBodyMethodProcessor -- Using 'application/json', given [*/*] and supported [application/json, application/*+json]
14:34:34.261 [http-nio-8888-exec-10] DEBUG o.s.w.s.m.m.a.RequestResponseBodyMethodProcessor -- Writing [com.example.demo.util.AjaxResponse@613c6a54]
14:34:34.262 [http-nio-8888-exec-10] DEBUG o.s.s.w.a.AnonymousAuthenticationFilter -- Set SecurityContextHolder to anonymous SecurityContext
14:34:34.262 [http-nio-8888-exec-10] DEBUG o.s.web.servlet.DispatcherServlet -- Completed 200 OK
14:34:37.609 [http-nio-8888-exec-1] INFO  Spring Security Debugger -- 

************************************************************

Request received for OPTIONS '/api/v1/task/task_7':

org.apache.catalina.connector.RequestFacade@499c2f2c

servletPath:/api/v1/task/task_7
pathInfo:null
headers: 
host: localhost:8888
connection: keep-alive
accept: */*
access-control-request-method: PUT
origin: http://localhost:3000
user-agent: Mozilla/5.0 (Macintosh; Intel Mac OS X 10_15_7) AppleWebKit/537.36 (KHTML, like Gecko) Chrome/147.0.0.0 Safari/537.36
sec-fetch-mode: cors
sec-fetch-site: same-site
sec-fetch-dest: empty
referer: http://localhost:3000/
accept-encoding: gzip, deflate, br, zstd
accept-language: ko-KR,ko;q=0.9,en-US;q=0.8,en;q=0.7


Security filter chain: [
  DisableEncodeUrlFilter
  WebAsyncManagerIntegrationFilter
  SecurityContextHolderFilter
  HeaderWriterFilter
  CorsFilter
  CsrfFilter
  LogoutFilter
  JwtAuthenticationFilter
  RequestCacheAwareFilter
  SecurityContextHolderAwareRequestFilter
  AnonymousAuthenticationFilter
  ExceptionTranslationFilter
  AuthorizationFilter
]


************************************************************


14:34:37.612 [http-nio-8888-exec-1] DEBUG o.s.security.web.FilterChainProxy -- Securing OPTIONS /api/v1/task/task_7
14:34:37.615 [http-nio-8888-exec-5] INFO  Spring Security Debugger -- 

************************************************************

Request received for PUT '/api/v1/task/task_7':

org.apache.catalina.connector.RequestFacade@52ec08e8

servletPath:/api/v1/task/task_7
pathInfo:null
headers: 
host: localhost:8888
connection: keep-alive
content-length: 0
sec-ch-ua-platform: "macOS"
user-agent: Mozilla/5.0 (Macintosh; Intel Mac OS X 10_15_7) AppleWebKit/537.36 (KHTML, like Gecko) Chrome/147.0.0.0 Safari/537.36
sec-ch-ua: "Google Chrome";v="147", "Not.A/Brand";v="8", "Chromium";v="147"
sec-ch-ua-mobile: ?0
accept: */*
origin: http://localhost:3000
sec-fetch-site: same-site
sec-fetch-mode: cors
sec-fetch-dest: empty
referer: http://localhost:3000/
accept-encoding: gzip, deflate, br, zstd
accept-language: ko-KR,ko;q=0.9,en-US;q=0.8,en;q=0.7


Security filter chain: [
  DisableEncodeUrlFilter
  WebAsyncManagerIntegrationFilter
  SecurityContextHolderFilter
  HeaderWriterFilter
  CorsFilter
  CsrfFilter
  LogoutFilter
  JwtAuthenticationFilter
  RequestCacheAwareFilter
  SecurityContextHolderAwareRequestFilter
  AnonymousAuthenticationFilter
  ExceptionTranslationFilter
  AuthorizationFilter
]


************************************************************


14:34:37.615 [http-nio-8888-exec-5] DEBUG o.s.security.web.FilterChainProxy -- Securing PUT /api/v1/task/task_7
14:34:37.616 [http-nio-8888-exec-5] DEBUG o.s.security.web.FilterChainProxy -- Secured PUT /api/v1/task/task_7
14:34:37.616 [http-nio-8888-exec-5] DEBUG o.s.web.servlet.DispatcherServlet -- PUT "/api/v1/task/task_7", parameters={}
14:34:37.617 [http-nio-8888-exec-5] DEBUG o.s.w.s.m.m.a.RequestMappingHandlerMapping -- Mapped to com.example.demo.todo.api.TodoApi#done(String)
14:34:37.620 [http-nio-8888-exec-5] DEBUG o.s.w.s.m.m.a.RequestResponseBodyMethodProcessor -- Using 'application/json', given [*/*] and supported [application/json, application/*+json]
14:34:37.621 [http-nio-8888-exec-5] DEBUG o.s.w.s.m.m.a.RequestResponseBodyMethodProcessor -- Writing [com.example.demo.util.AjaxResponse@383a150a]
14:34:37.622 [http-nio-8888-exec-5] DEBUG o.s.s.w.a.AnonymousAuthenticationFilter -- Set SecurityContextHolder to anonymous SecurityContext
14:34:37.622 [http-nio-8888-exec-5] DEBUG o.s.web.servlet.DispatcherServlet -- Completed 200 OK
14:34:37.624 [http-nio-8888-exec-3] INFO  Spring Security Debugger -- 

************************************************************

Request received for GET '/api/v1/task':

org.apache.catalina.connector.RequestFacade@632fc70b

servletPath:/api/v1/task
pathInfo:null
headers: 
host: localhost:8888
connection: keep-alive
sec-ch-ua-platform: "macOS"
user-agent: Mozilla/5.0 (Macintosh; Intel Mac OS X 10_15_7) AppleWebKit/537.36 (KHTML, like Gecko) Chrome/147.0.0.0 Safari/537.36
sec-ch-ua: "Google Chrome";v="147", "Not.A/Brand";v="8", "Chromium";v="147"
sec-ch-ua-mobile: ?0
accept: */*
origin: http://localhost:3000
sec-fetch-site: same-site
sec-fetch-mode: cors
sec-fetch-dest: empty
referer: http://localhost:3000/
accept-encoding: gzip, deflate, br, zstd
accept-language: ko-KR,ko;q=0.9,en-US;q=0.8,en;q=0.7


Security filter chain: [
  DisableEncodeUrlFilter
  WebAsyncManagerIntegrationFilter
  SecurityContextHolderFilter
  HeaderWriterFilter
  CorsFilter
  CsrfFilter
  LogoutFilter
  JwtAuthenticationFilter
  RequestCacheAwareFilter
  SecurityContextHolderAwareRequestFilter
  AnonymousAuthenticationFilter
  ExceptionTranslationFilter
  AuthorizationFilter
]


************************************************************


14:34:37.625 [http-nio-8888-exec-3] DEBUG o.s.security.web.FilterChainProxy -- Securing GET /api/v1/task
14:34:37.626 [http-nio-8888-exec-3] DEBUG o.s.security.web.FilterChainProxy -- Secured GET /api/v1/task
14:34:37.626 [http-nio-8888-exec-3] DEBUG o.s.web.servlet.DispatcherServlet -- GET "/api/v1/task", parameters={}
14:34:37.626 [http-nio-8888-exec-3] DEBUG o.s.w.s.m.m.a.RequestMappingHandlerMapping -- Mapped to com.example.demo.todo.api.TodoApi#getTasks()
14:34:37.627 [http-nio-8888-exec-3] DEBUG o.s.w.s.m.m.a.RequestResponseBodyMethodProcessor -- Using 'application/json', given [*/*] and supported [application/json, application/*+json]
14:34:37.628 [http-nio-8888-exec-3] DEBUG o.s.w.s.m.m.a.RequestResponseBodyMethodProcessor -- Writing [com.example.demo.util.AjaxResponse@6de7a369]
14:34:37.629 [http-nio-8888-exec-3] DEBUG o.s.s.w.a.AnonymousAuthenticationFilter -- Set SecurityContextHolder to anonymous SecurityContext
14:34:37.629 [http-nio-8888-exec-3] DEBUG o.s.web.servlet.DispatcherServlet -- Completed 200 OK
14:34:43.271 [http-nio-8888-exec-2] INFO  Spring Security Debugger -- 

************************************************************

Request received for GET '/api/v1/task':

org.apache.catalina.connector.RequestFacade@1382c984

servletPath:/api/v1/task
pathInfo:null
headers: 
host: localhost:8888
connection: keep-alive
sec-ch-ua-platform: "macOS"
user-agent: Mozilla/5.0 (Macintosh; Intel Mac OS X 10_15_7) AppleWebKit/537.36 (KHTML, like Gecko) Chrome/147.0.0.0 Safari/537.36
sec-ch-ua: "Google Chrome";v="147", "Not.A/Brand";v="8", "Chromium";v="147"
sec-ch-ua-mobile: ?0
accept: */*
origin: http://localhost:3000
sec-fetch-site: same-site
sec-fetch-mode: cors
sec-fetch-dest: empty
referer: http://localhost:3000/
accept-encoding: gzip, deflate, br, zstd
accept-language: ko-KR,ko;q=0.9,en-US;q=0.8,en;q=0.7


Security filter chain: [
  DisableEncodeUrlFilter
  WebAsyncManagerIntegrationFilter
  SecurityContextHolderFilter
  HeaderWriterFilter
  CorsFilter
  CsrfFilter
  LogoutFilter
  JwtAuthenticationFilter
  RequestCacheAwareFilter
  SecurityContextHolderAwareRequestFilter
  AnonymousAuthenticationFilter
  ExceptionTranslationFilter
  AuthorizationFilter
]


************************************************************


14:34:43.272 [http-nio-8888-exec-2] DEBUG o.s.security.web.FilterChainProxy -- Securing GET /api/v1/task
14:34:43.273 [http-nio-8888-exec-2] DEBUG o.s.security.web.FilterChainProxy -- Secured GET /api/v1/task
14:34:43.273 [http-nio-8888-exec-2] DEBUG o.s.web.servlet.DispatcherServlet -- GET "/api/v1/task", parameters={}
14:34:43.273 [http-nio-8888-exec-2] DEBUG o.s.w.s.m.m.a.RequestMappingHandlerMapping -- Mapped to com.example.demo.todo.api.TodoApi#getTasks()
14:34:43.275 [http-nio-8888-exec-2] DEBUG o.s.w.s.m.m.a.RequestResponseBodyMethodProcessor -- Using 'application/json', given [*/*] and supported [application/json, application/*+json]
14:34:43.276 [http-nio-8888-exec-2] DEBUG o.s.w.s.m.m.a.RequestResponseBodyMethodProcessor -- Writing [com.example.demo.util.AjaxResponse@5b2ab885]
14:34:43.277 [http-nio-8888-exec-2] DEBUG o.s.s.w.a.AnonymousAuthenticationFilter -- Set SecurityContextHolder to anonymous SecurityContext
14:34:43.277 [http-nio-8888-exec-2] DEBUG o.s.web.servlet.DispatcherServlet -- Completed 200 OK
14:34:43.278 [http-nio-8888-exec-6] INFO  Spring Security Debugger -- 

************************************************************

Request received for GET '/api/v1/task':

org.apache.catalina.connector.RequestFacade@297b1750

servletPath:/api/v1/task
pathInfo:null
headers: 
host: localhost:8888
connection: keep-alive
sec-ch-ua-platform: "macOS"
user-agent: Mozilla/5.0 (Macintosh; Intel Mac OS X 10_15_7) AppleWebKit/537.36 (KHTML, like Gecko) Chrome/147.0.0.0 Safari/537.36
sec-ch-ua: "Google Chrome";v="147", "Not.A/Brand";v="8", "Chromium";v="147"
sec-ch-ua-mobile: ?0
accept: */*
origin: http://localhost:3000
sec-fetch-site: same-site
sec-fetch-mode: cors
sec-fetch-dest: empty
referer: http://localhost:3000/
accept-encoding: gzip, deflate, br, zstd
accept-language: ko-KR,ko;q=0.9,en-US;q=0.8,en;q=0.7


Security filter chain: [
  DisableEncodeUrlFilter
  WebAsyncManagerIntegrationFilter
  SecurityContextHolderFilter
  HeaderWriterFilter
  CorsFilter
  CsrfFilter
  LogoutFilter
  JwtAuthenticationFilter
  RequestCacheAwareFilter
  SecurityContextHolderAwareRequestFilter
  AnonymousAuthenticationFilter
  ExceptionTranslationFilter
  AuthorizationFilter
]


************************************************************


14:34:43.279 [http-nio-8888-exec-6] DEBUG o.s.security.web.FilterChainProxy -- Securing GET /api/v1/task
14:34:43.279 [http-nio-8888-exec-6] DEBUG o.s.security.web.FilterChainProxy -- Secured GET /api/v1/task
14:34:43.279 [http-nio-8888-exec-6] DEBUG o.s.web.servlet.DispatcherServlet -- GET "/api/v1/task", parameters={}
14:34:43.280 [http-nio-8888-exec-6] DEBUG o.s.w.s.m.m.a.RequestMappingHandlerMapping -- Mapped to com.example.demo.todo.api.TodoApi#getTasks()
14:34:43.281 [http-nio-8888-exec-6] DEBUG o.s.w.s.m.m.a.RequestResponseBodyMethodProcessor -- Using 'application/json', given [*/*] and supported [application/json, application/*+json]
14:34:43.281 [http-nio-8888-exec-6] DEBUG o.s.w.s.m.m.a.RequestResponseBodyMethodProcessor -- Writing [com.example.demo.util.AjaxResponse@3918d758]
14:34:43.282 [http-nio-8888-exec-6] DEBUG o.s.s.w.a.AnonymousAuthenticationFilter -- Set SecurityContextHolder to anonymous SecurityContext
14:34:43.282 [http-nio-8888-exec-6] DEBUG o.s.web.servlet.DispatcherServlet -- Completed 200 OK
14:34:44.480 [http-nio-8888-exec-4] INFO  Spring Security Debugger -- 

************************************************************

Request received for GET '/api/v1/task':

org.apache.catalina.connector.RequestFacade@3cf346c7

servletPath:/api/v1/task
pathInfo:null
headers: 
host: localhost:8888
connection: keep-alive
sec-ch-ua-platform: "macOS"
user-agent: Mozilla/5.0 (Macintosh; Intel Mac OS X 10_15_7) AppleWebKit/537.36 (KHTML, like Gecko) Chrome/147.0.0.0 Safari/537.36
sec-ch-ua: "Google Chrome";v="147", "Not.A/Brand";v="8", "Chromium";v="147"
sec-ch-ua-mobile: ?0
accept: */*
origin: http://localhost:3000
sec-fetch-site: same-site
sec-fetch-mode: cors
sec-fetch-dest: empty
referer: http://localhost:3000/
accept-encoding: gzip, deflate, br, zstd
accept-language: ko-KR,ko;q=0.9,en-US;q=0.8,en;q=0.7


Security filter chain: [
  DisableEncodeUrlFilter
  WebAsyncManagerIntegrationFilter
  SecurityContextHolderFilter
  HeaderWriterFilter
  CorsFilter
  CsrfFilter
  LogoutFilter
  JwtAuthenticationFilter
  RequestCacheAwareFilter
  SecurityContextHolderAwareRequestFilter
  AnonymousAuthenticationFilter
  ExceptionTranslationFilter
  AuthorizationFilter
]


************************************************************


14:34:44.481 [http-nio-8888-exec-4] DEBUG o.s.security.web.FilterChainProxy -- Securing GET /api/v1/task
14:34:44.481 [http-nio-8888-exec-4] DEBUG o.s.security.web.FilterChainProxy -- Secured GET /api/v1/task
14:34:44.481 [http-nio-8888-exec-4] DEBUG o.s.web.servlet.DispatcherServlet -- GET "/api/v1/task", parameters={}
14:34:44.482 [http-nio-8888-exec-4] DEBUG o.s.w.s.m.m.a.RequestMappingHandlerMapping -- Mapped to com.example.demo.todo.api.TodoApi#getTasks()
14:34:44.484 [http-nio-8888-exec-4] DEBUG o.s.w.s.m.m.a.RequestResponseBodyMethodProcessor -- Using 'application/json', given [*/*] and supported [application/json, application/*+json]
14:34:44.484 [http-nio-8888-exec-4] DEBUG o.s.w.s.m.m.a.RequestResponseBodyMethodProcessor -- Writing [com.example.demo.util.AjaxResponse@407aee08]
14:34:44.486 [http-nio-8888-exec-4] DEBUG o.s.s.w.a.AnonymousAuthenticationFilter -- Set SecurityContextHolder to anonymous SecurityContext
14:34:44.486 [http-nio-8888-exec-4] DEBUG o.s.web.servlet.DispatcherServlet -- Completed 200 OK
14:34:44.487 [http-nio-8888-exec-7] INFO  Spring Security Debugger -- 

************************************************************

Request received for GET '/api/v1/task':

org.apache.catalina.connector.RequestFacade@5e59d41c

servletPath:/api/v1/task
pathInfo:null
headers: 
host: localhost:8888
connection: keep-alive
sec-ch-ua-platform: "macOS"
user-agent: Mozilla/5.0 (Macintosh; Intel Mac OS X 10_15_7) AppleWebKit/537.36 (KHTML, like Gecko) Chrome/147.0.0.0 Safari/537.36
sec-ch-ua: "Google Chrome";v="147", "Not.A/Brand";v="8", "Chromium";v="147"
sec-ch-ua-mobile: ?0
accept: */*
origin: http://localhost:3000
sec-fetch-site: same-site
sec-fetch-mode: cors
sec-fetch-dest: empty
referer: http://localhost:3000/
accept-encoding: gzip, deflate, br, zstd
accept-language: ko-KR,ko;q=0.9,en-US;q=0.8,en;q=0.7


Security filter chain: [
  DisableEncodeUrlFilter
  WebAsyncManagerIntegrationFilter
  SecurityContextHolderFilter
  HeaderWriterFilter
  CorsFilter
  CsrfFilter
  LogoutFilter
  JwtAuthenticationFilter
  RequestCacheAwareFilter
  SecurityContextHolderAwareRequestFilter
  AnonymousAuthenticationFilter
  ExceptionTranslationFilter
  AuthorizationFilter
]


************************************************************


14:34:44.487 [http-nio-8888-exec-7] DEBUG o.s.security.web.FilterChainProxy -- Securing GET /api/v1/task
14:34:44.488 [http-nio-8888-exec-7] DEBUG o.s.security.web.FilterChainProxy -- Secured GET /api/v1/task
14:34:44.488 [http-nio-8888-exec-7] DEBUG o.s.web.servlet.DispatcherServlet -- GET "/api/v1/task", parameters={}
14:34:44.489 [http-nio-8888-exec-7] DEBUG o.s.w.s.m.m.a.RequestMappingHandlerMapping -- Mapped to com.example.demo.todo.api.TodoApi#getTasks()
14:34:44.490 [http-nio-8888-exec-7] DEBUG o.s.w.s.m.m.a.RequestResponseBodyMethodProcessor -- Using 'application/json', given [*/*] and supported [application/json, application/*+json]
14:34:44.490 [http-nio-8888-exec-7] DEBUG o.s.w.s.m.m.a.RequestResponseBodyMethodProcessor -- Writing [com.example.demo.util.AjaxResponse@4a9a9352]
14:34:44.491 [http-nio-8888-exec-7] DEBUG o.s.s.w.a.AnonymousAuthenticationFilter -- Set SecurityContextHolder to anonymous SecurityContext
14:34:44.491 [http-nio-8888-exec-7] DEBUG o.s.web.servlet.DispatcherServlet -- Completed 200 OK
14:36:09.953 [http-nio-8888-exec-10] INFO  Spring Security Debugger -- 

************************************************************

Request received for GET '/api/v1/task':

org.apache.catalina.connector.RequestFacade@665a2235

servletPath:/api/v1/task
pathInfo:null
headers: 
host: localhost:8888
connection: keep-alive
sec-ch-ua: "Google Chrome";v="147", "Not.A/Brand";v="8", "Chromium";v="147"
sec-ch-ua-mobile: ?0
sec-ch-ua-platform: "macOS"
upgrade-insecure-requests: 1
user-agent: Mozilla/5.0 (Macintosh; Intel Mac OS X 10_15_7) AppleWebKit/537.36 (KHTML, like Gecko) Chrome/147.0.0.0 Safari/537.36
accept: text/html,application/xhtml+xml,application/xml;q=0.9,image/avif,image/webp,image/apng,*/*;q=0.8,application/signed-exchange;v=b3;q=0.7
sec-fetch-site: none
sec-fetch-mode: navigate
sec-fetch-user: ?1
sec-fetch-dest: document
accept-encoding: gzip, deflate, br, zstd
accept-language: ko-KR,ko;q=0.9,en-US;q=0.8,en;q=0.7


Security filter chain: [
  DisableEncodeUrlFilter
  WebAsyncManagerIntegrationFilter
  SecurityContextHolderFilter
  HeaderWriterFilter
  CorsFilter
  CsrfFilter
  LogoutFilter
  JwtAuthenticationFilter
  RequestCacheAwareFilter
  SecurityContextHolderAwareRequestFilter
  AnonymousAuthenticationFilter
  ExceptionTranslationFilter
  AuthorizationFilter
]


************************************************************


14:36:09.981 [http-nio-8888-exec-10] DEBUG o.s.security.web.FilterChainProxy -- Securing GET /api/v1/task
14:36:09.984 [http-nio-8888-exec-10] DEBUG o.s.security.web.FilterChainProxy -- Secured GET /api/v1/task
14:36:09.984 [http-nio-8888-exec-10] DEBUG o.s.web.servlet.DispatcherServlet -- GET "/api/v1/task", parameters={}
14:36:09.985 [http-nio-8888-exec-10] DEBUG o.s.w.s.m.m.a.RequestMappingHandlerMapping -- Mapped to com.example.demo.todo.api.TodoApi#getTasks()
14:36:09.992 [http-nio-8888-exec-10] DEBUG o.s.w.s.m.m.a.RequestResponseBodyMethodProcessor -- Using 'application/json;q=0.8', given [text/html, application/xhtml+xml, image/avif, image/webp, image/apng, application/xml;q=0.9, */*;q=0.8, application/signed-exchange;v=b3;q=0.7] and supported [application/json, application/*+json]
14:36:09.994 [http-nio-8888-exec-10] DEBUG o.s.w.s.m.m.a.RequestResponseBodyMethodProcessor -- Writing [com.example.demo.util.AjaxResponse@ffbebbc]
14:36:10.012 [http-nio-8888-exec-10] DEBUG o.s.s.w.a.AnonymousAuthenticationFilter -- Set SecurityContextHolder to anonymous SecurityContext
14:36:10.013 [http-nio-8888-exec-10] DEBUG o.s.web.servlet.DispatcherServlet -- Completed 200 OK
14:36:10.098 [http-nio-8888-exec-1] INFO  Spring Security Debugger -- 

************************************************************

Request received for GET '/favicon.ico':

org.apache.catalina.connector.RequestFacade@1b2037b2

servletPath:/favicon.ico
pathInfo:null
headers: 
host: localhost:8888
connection: keep-alive
sec-ch-ua-platform: "macOS"
user-agent: Mozilla/5.0 (Macintosh; Intel Mac OS X 10_15_7) AppleWebKit/537.36 (KHTML, like Gecko) Chrome/147.0.0.0 Safari/537.36
sec-ch-ua: "Google Chrome";v="147", "Not.A/Brand";v="8", "Chromium";v="147"
sec-ch-ua-mobile: ?0
accept: image/avif,image/webp,image/apng,image/svg+xml,image/*,*/*;q=0.8
sec-fetch-site: same-origin
sec-fetch-mode: no-cors
sec-fetch-dest: image
referer: http://localhost:8888/api/v1/task
accept-encoding: gzip, deflate, br, zstd
accept-language: ko-KR,ko;q=0.9,en-US;q=0.8,en;q=0.7


Security filter chain: [] empty (bypassed by security='none') 


************************************************************


14:36:10.099 [http-nio-8888-exec-1] DEBUG o.s.web.servlet.DispatcherServlet -- GET "/favicon.ico", parameters={}
14:36:10.099 [http-nio-8888-exec-1] WARN  o.s.web.servlet.PageNotFound -- No mapping for GET /favicon.ico
14:36:10.100 [http-nio-8888-exec-1] WARN  o.s.web.servlet.PageNotFound -- No endpoint GET /favicon.ico.
14:36:10.100 [http-nio-8888-exec-1] DEBUG o.s.w.s.m.s.DefaultHandlerExceptionResolver -- Resolved [org.springframework.web.servlet.NoHandlerFoundException: No endpoint GET /favicon.ico.]
14:36:10.100 [http-nio-8888-exec-1] DEBUG o.s.web.servlet.DispatcherServlet -- Completed 404 NOT_FOUND
14:36:10.101 [http-nio-8888-exec-1] INFO  Spring Security Debugger -- 

************************************************************

Request received for GET '/error':

org.apache.catalina.core.ApplicationHttpRequest@185a5d66

servletPath:/error
pathInfo:null
headers: 
host: localhost:8888
connection: keep-alive
sec-ch-ua-platform: "macOS"
user-agent: Mozilla/5.0 (Macintosh; Intel Mac OS X 10_15_7) AppleWebKit/537.36 (KHTML, like Gecko) Chrome/147.0.0.0 Safari/537.36
sec-ch-ua: "Google Chrome";v="147", "Not.A/Brand";v="8", "Chromium";v="147"
sec-ch-ua-mobile: ?0
accept: image/avif,image/webp,image/apng,image/svg+xml,image/*,*/*;q=0.8
sec-fetch-site: same-origin
sec-fetch-mode: no-cors
sec-fetch-dest: image
referer: http://localhost:8888/api/v1/task
accept-encoding: gzip, deflate, br, zstd
accept-language: ko-KR,ko;q=0.9,en-US;q=0.8,en;q=0.7


Security filter chain: [] empty (bypassed by security='none') 


************************************************************


14:36:10.102 [http-nio-8888-exec-1] DEBUG o.s.web.servlet.DispatcherServlet -- "ERROR" dispatch for GET "/error", parameters={}
14:36:10.102 [http-nio-8888-exec-1] DEBUG o.s.w.s.m.m.a.RequestMappingHandlerMapping -- Mapped to org.springframework.boot.autoconfigure.web.servlet.error.BasicErrorController#error(HttpServletRequest)
14:36:10.103 [http-nio-8888-exec-1] DEBUG o.s.w.s.m.m.a.HttpEntityMethodProcessor -- Using 'application/json;q=0.8', given [image/avif, image/webp, image/apng, image/svg+xml, image/*, */*;q=0.8] and supported [application/json, application/*+json]
14:36:10.104 [http-nio-8888-exec-1] DEBUG o.s.w.s.m.m.a.HttpEntityMethodProcessor -- Writing [{timestamp=Wed Apr 29 14:36:10 KST 2026, status=404, error=Not Found, path=/favicon.ico}]
14:36:10.105 [http-nio-8888-exec-1] DEBUG o.s.web.servlet.DispatcherServlet -- Exiting from "ERROR" dispatch, status 404
14:37:43.911 [http-nio-8888-exec-2] INFO  Spring Security Debugger -- 

************************************************************

Request received for GET '/api/v1/task':

org.apache.catalina.connector.RequestFacade@63e87293

servletPath:/api/v1/task
pathInfo:null
headers: 
host: localhost:8888
connection: keep-alive
pragma: no-cache
cache-control: no-cache
sec-ch-ua-platform: "macOS"
user-agent: Mozilla/5.0 (Macintosh; Intel Mac OS X 10_15_7) AppleWebKit/537.36 (KHTML, like Gecko) Chrome/147.0.0.0 Safari/537.36
sec-ch-ua: "Google Chrome";v="147", "Not.A/Brand";v="8", "Chromium";v="147"
sec-ch-ua-mobile: ?0
accept: */*
origin: http://localhost:3000
sec-fetch-site: same-site
sec-fetch-mode: cors
sec-fetch-dest: empty
referer: http://localhost:3000/
accept-encoding: gzip, deflate, br, zstd
accept-language: ko-KR,ko;q=0.9,en-US;q=0.8,en;q=0.7


Security filter chain: [
  DisableEncodeUrlFilter
  WebAsyncManagerIntegrationFilter
  SecurityContextHolderFilter
  HeaderWriterFilter
  CorsFilter
  CsrfFilter
  LogoutFilter
  JwtAuthenticationFilter
  RequestCacheAwareFilter
  SecurityContextHolderAwareRequestFilter
  AnonymousAuthenticationFilter
  ExceptionTranslationFilter
  AuthorizationFilter
]


************************************************************


14:37:43.911 [http-nio-8888-exec-6] INFO  Spring Security Debugger -- 

************************************************************

Request received for GET '/api/v1/task':

org.apache.catalina.connector.RequestFacade@71d6d0b

servletPath:/api/v1/task
pathInfo:null
headers: 
host: localhost:8888
connection: keep-alive
pragma: no-cache
cache-control: no-cache
sec-ch-ua-platform: "macOS"
user-agent: Mozilla/5.0 (Macintosh; Intel Mac OS X 10_15_7) AppleWebKit/537.36 (KHTML, like Gecko) Chrome/147.0.0.0 Safari/537.36
sec-ch-ua: "Google Chrome";v="147", "Not.A/Brand";v="8", "Chromium";v="147"
sec-ch-ua-mobile: ?0
accept: */*
origin: http://localhost:3000
sec-fetch-site: same-site
sec-fetch-mode: cors
sec-fetch-dest: empty
referer: http://localhost:3000/
accept-encoding: gzip, deflate, br, zstd
accept-language: ko-KR,ko;q=0.9,en-US;q=0.8,en;q=0.7


Security filter chain: [
  DisableEncodeUrlFilter
  WebAsyncManagerIntegrationFilter
  SecurityContextHolderFilter
  HeaderWriterFilter
  CorsFilter
  CsrfFilter
  LogoutFilter
  JwtAuthenticationFilter
  RequestCacheAwareFilter
  SecurityContextHolderAwareRequestFilter
  AnonymousAuthenticationFilter
  ExceptionTranslationFilter
  AuthorizationFilter
]


************************************************************


14:37:43.917 [http-nio-8888-exec-6] DEBUG o.s.security.web.FilterChainProxy -- Securing GET /api/v1/task
14:37:43.917 [http-nio-8888-exec-2] DEBUG o.s.security.web.FilterChainProxy -- Securing GET /api/v1/task
14:37:43.920 [http-nio-8888-exec-6] DEBUG o.s.security.web.FilterChainProxy -- Secured GET /api/v1/task
14:37:43.920 [http-nio-8888-exec-2] DEBUG o.s.security.web.FilterChainProxy -- Secured GET /api/v1/task
14:37:43.920 [http-nio-8888-exec-6] DEBUG o.s.web.servlet.DispatcherServlet -- GET "/api/v1/task", parameters={}
14:37:43.922 [http-nio-8888-exec-2] DEBUG o.s.web.servlet.DispatcherServlet -- GET "/api/v1/task", parameters={}
14:37:43.923 [http-nio-8888-exec-2] DEBUG o.s.w.s.m.m.a.RequestMappingHandlerMapping -- Mapped to com.example.demo.todo.api.TodoApi#getTasks()
14:37:43.923 [http-nio-8888-exec-6] DEBUG o.s.w.s.m.m.a.RequestMappingHandlerMapping -- Mapped to com.example.demo.todo.api.TodoApi#getTasks()
14:37:43.926 [http-nio-8888-exec-6] DEBUG o.s.w.s.m.m.a.RequestResponseBodyMethodProcessor -- Using 'application/json', given [*/*] and supported [application/json, application/*+json]
14:37:43.926 [http-nio-8888-exec-2] DEBUG o.s.w.s.m.m.a.RequestResponseBodyMethodProcessor -- Using 'application/json', given [*/*] and supported [application/json, application/*+json]
14:37:43.926 [http-nio-8888-exec-2] DEBUG o.s.w.s.m.m.a.RequestResponseBodyMethodProcessor -- Writing [com.example.demo.util.AjaxResponse@2ea5bf7e]
14:37:43.926 [http-nio-8888-exec-6] DEBUG o.s.w.s.m.m.a.RequestResponseBodyMethodProcessor -- Writing [com.example.demo.util.AjaxResponse@2bd95f83]
14:37:43.928 [http-nio-8888-exec-2] DEBUG o.s.s.w.a.AnonymousAuthenticationFilter -- Set SecurityContextHolder to anonymous SecurityContext
14:37:43.928 [http-nio-8888-exec-6] DEBUG o.s.s.w.a.AnonymousAuthenticationFilter -- Set SecurityContextHolder to anonymous SecurityContext
14:37:43.929 [http-nio-8888-exec-2] DEBUG o.s.web.servlet.DispatcherServlet -- Completed 200 OK
14:37:43.929 [http-nio-8888-exec-6] DEBUG o.s.web.servlet.DispatcherServlet -- Completed 200 OK
14:37:46.829 [http-nio-8888-exec-9] INFO  Spring Security Debugger -- 

************************************************************

Request received for OPTIONS '/api/v1/task':

org.apache.catalina.connector.RequestFacade@42ff6696

servletPath:/api/v1/task
pathInfo:null
headers: 
host: localhost:8888
connection: keep-alive
accept: */*
access-control-request-method: PUT
origin: http://localhost:3000
user-agent: Mozilla/5.0 (Macintosh; Intel Mac OS X 10_15_7) AppleWebKit/537.36 (KHTML, like Gecko) Chrome/147.0.0.0 Safari/537.36
sec-fetch-mode: cors
sec-fetch-site: same-site
sec-fetch-dest: empty
referer: http://localhost:3000/
accept-encoding: gzip, deflate, br, zstd
accept-language: ko-KR,ko;q=0.9,en-US;q=0.8,en;q=0.7


Security filter chain: [
  DisableEncodeUrlFilter
  WebAsyncManagerIntegrationFilter
  SecurityContextHolderFilter
  HeaderWriterFilter
  CorsFilter
  CsrfFilter
  LogoutFilter
  JwtAuthenticationFilter
  RequestCacheAwareFilter
  SecurityContextHolderAwareRequestFilter
  AnonymousAuthenticationFilter
  ExceptionTranslationFilter
  AuthorizationFilter
]


************************************************************


14:37:46.830 [http-nio-8888-exec-9] DEBUG o.s.security.web.FilterChainProxy -- Securing OPTIONS /api/v1/task
14:37:46.833 [http-nio-8888-exec-8] INFO  Spring Security Debugger -- 

************************************************************

Request received for PUT '/api/v1/task':

org.apache.catalina.connector.RequestFacade@7775ecd1

servletPath:/api/v1/task
pathInfo:null
headers: 
host: localhost:8888
connection: keep-alive
content-length: 0
sec-ch-ua-platform: "macOS"
user-agent: Mozilla/5.0 (Macintosh; Intel Mac OS X 10_15_7) AppleWebKit/537.36 (KHTML, like Gecko) Chrome/147.0.0.0 Safari/537.36
sec-ch-ua: "Google Chrome";v="147", "Not.A/Brand";v="8", "Chromium";v="147"
sec-ch-ua-mobile: ?0
accept: */*
origin: http://localhost:3000
sec-fetch-site: same-site
sec-fetch-mode: cors
sec-fetch-dest: empty
referer: http://localhost:3000/
accept-encoding: gzip, deflate, br, zstd
accept-language: ko-KR,ko;q=0.9,en-US;q=0.8,en;q=0.7


Security filter chain: [
  DisableEncodeUrlFilter
  WebAsyncManagerIntegrationFilter
  SecurityContextHolderFilter
  HeaderWriterFilter
  CorsFilter
  CsrfFilter
  LogoutFilter
  JwtAuthenticationFilter
  RequestCacheAwareFilter
  SecurityContextHolderAwareRequestFilter
  AnonymousAuthenticationFilter
  ExceptionTranslationFilter
  AuthorizationFilter
]


************************************************************


14:37:46.833 [http-nio-8888-exec-8] DEBUG o.s.security.web.FilterChainProxy -- Securing PUT /api/v1/task
14:37:46.834 [http-nio-8888-exec-8] DEBUG o.s.security.web.FilterChainProxy -- Secured PUT /api/v1/task
14:37:46.834 [http-nio-8888-exec-8] DEBUG o.s.web.servlet.DispatcherServlet -- PUT "/api/v1/task", parameters={}
14:37:46.834 [http-nio-8888-exec-8] DEBUG o.s.w.s.m.m.a.RequestMappingHandlerMapping -- Mapped to com.example.demo.todo.api.TodoApi#allDone()
14:37:46.852 [http-nio-8888-exec-8] DEBUG o.s.w.s.m.m.a.RequestResponseBodyMethodProcessor -- Using 'application/json', given [*/*] and supported [application/json, application/*+json]
14:37:46.852 [http-nio-8888-exec-8] DEBUG o.s.w.s.m.m.a.RequestResponseBodyMethodProcessor -- Writing [com.example.demo.util.AjaxResponse@4db875b6]
14:37:46.855 [http-nio-8888-exec-8] DEBUG o.s.s.w.a.AnonymousAuthenticationFilter -- Set SecurityContextHolder to anonymous SecurityContext
14:37:46.856 [http-nio-8888-exec-8] DEBUG o.s.web.servlet.DispatcherServlet -- Completed 200 OK
14:37:46.858 [http-nio-8888-exec-10] INFO  Spring Security Debugger -- 

************************************************************

Request received for GET '/api/v1/task':

org.apache.catalina.connector.RequestFacade@142c6611

servletPath:/api/v1/task
pathInfo:null
headers: 
host: localhost:8888
connection: keep-alive
sec-ch-ua-platform: "macOS"
user-agent: Mozilla/5.0 (Macintosh; Intel Mac OS X 10_15_7) AppleWebKit/537.36 (KHTML, like Gecko) Chrome/147.0.0.0 Safari/537.36
sec-ch-ua: "Google Chrome";v="147", "Not.A/Brand";v="8", "Chromium";v="147"
sec-ch-ua-mobile: ?0
accept: */*
origin: http://localhost:3000
sec-fetch-site: same-site
sec-fetch-mode: cors
sec-fetch-dest: empty
referer: http://localhost:3000/
accept-encoding: gzip, deflate, br, zstd
accept-language: ko-KR,ko;q=0.9,en-US;q=0.8,en;q=0.7


Security filter chain: [
  DisableEncodeUrlFilter
  WebAsyncManagerIntegrationFilter
  SecurityContextHolderFilter
  HeaderWriterFilter
  CorsFilter
  CsrfFilter
  LogoutFilter
  JwtAuthenticationFilter
  RequestCacheAwareFilter
  SecurityContextHolderAwareRequestFilter
  AnonymousAuthenticationFilter
  ExceptionTranslationFilter
  AuthorizationFilter
]


************************************************************


14:37:46.858 [http-nio-8888-exec-10] DEBUG o.s.security.web.FilterChainProxy -- Securing GET /api/v1/task
14:37:46.859 [http-nio-8888-exec-10] DEBUG o.s.security.web.FilterChainProxy -- Secured GET /api/v1/task
14:37:46.860 [http-nio-8888-exec-10] DEBUG o.s.web.servlet.DispatcherServlet -- GET "/api/v1/task", parameters={}
14:37:46.860 [http-nio-8888-exec-10] DEBUG o.s.w.s.m.m.a.RequestMappingHandlerMapping -- Mapped to com.example.demo.todo.api.TodoApi#getTasks()
14:37:46.864 [http-nio-8888-exec-10] DEBUG o.s.w.s.m.m.a.RequestResponseBodyMethodProcessor -- Using 'application/json', given [*/*] and supported [application/json, application/*+json]
14:37:46.864 [http-nio-8888-exec-10] DEBUG o.s.w.s.m.m.a.RequestResponseBodyMethodProcessor -- Writing [com.example.demo.util.AjaxResponse@21bc037d]
14:37:46.865 [http-nio-8888-exec-10] DEBUG o.s.s.w.a.AnonymousAuthenticationFilter -- Set SecurityContextHolder to anonymous SecurityContext
14:37:46.865 [http-nio-8888-exec-10] DEBUG o.s.web.servlet.DispatcherServlet -- Completed 200 OK
14:37:48.486 [http-nio-8888-exec-1] INFO  Spring Security Debugger -- 

************************************************************

Request received for GET '/api/v1/task':

org.apache.catalina.connector.RequestFacade@48440b25

servletPath:/api/v1/task
pathInfo:null
headers: 
host: localhost:8888
connection: keep-alive
sec-ch-ua-platform: "macOS"
user-agent: Mozilla/5.0 (Macintosh; Intel Mac OS X 10_15_7) AppleWebKit/537.36 (KHTML, like Gecko) Chrome/147.0.0.0 Safari/537.36
sec-ch-ua: "Google Chrome";v="147", "Not.A/Brand";v="8", "Chromium";v="147"
sec-ch-ua-mobile: ?0
accept: */*
origin: http://localhost:3000
sec-fetch-site: same-site
sec-fetch-mode: cors
sec-fetch-dest: empty
referer: http://localhost:3000/
accept-encoding: gzip, deflate, br, zstd
accept-language: ko-KR,ko;q=0.9,en-US;q=0.8,en;q=0.7


Security filter chain: [
  DisableEncodeUrlFilter
  WebAsyncManagerIntegrationFilter
  SecurityContextHolderFilter
  HeaderWriterFilter
  CorsFilter
  CsrfFilter
  LogoutFilter
  JwtAuthenticationFilter
  RequestCacheAwareFilter
  SecurityContextHolderAwareRequestFilter
  AnonymousAuthenticationFilter
  ExceptionTranslationFilter
  AuthorizationFilter
]


************************************************************


14:37:48.486 [http-nio-8888-exec-1] DEBUG o.s.security.web.FilterChainProxy -- Securing GET /api/v1/task
14:37:48.487 [http-nio-8888-exec-1] DEBUG o.s.security.web.FilterChainProxy -- Secured GET /api/v1/task
14:37:48.488 [http-nio-8888-exec-1] DEBUG o.s.web.servlet.DispatcherServlet -- GET "/api/v1/task", parameters={}
14:37:48.489 [http-nio-8888-exec-1] DEBUG o.s.w.s.m.m.a.RequestMappingHandlerMapping -- Mapped to com.example.demo.todo.api.TodoApi#getTasks()
14:37:48.490 [http-nio-8888-exec-1] DEBUG o.s.w.s.m.m.a.RequestResponseBodyMethodProcessor -- Using 'application/json', given [*/*] and supported [application/json, application/*+json]
14:37:48.492 [http-nio-8888-exec-1] DEBUG o.s.w.s.m.m.a.RequestResponseBodyMethodProcessor -- Writing [com.example.demo.util.AjaxResponse@6009b84e]
14:37:48.493 [http-nio-8888-exec-1] DEBUG o.s.s.w.a.AnonymousAuthenticationFilter -- Set SecurityContextHolder to anonymous SecurityContext
14:37:48.494 [http-nio-8888-exec-1] DEBUG o.s.web.servlet.DispatcherServlet -- Completed 200 OK
14:37:48.495 [http-nio-8888-exec-3] INFO  Spring Security Debugger -- 

************************************************************

Request received for GET '/api/v1/task':

org.apache.catalina.connector.RequestFacade@56e63486

servletPath:/api/v1/task
pathInfo:null
headers: 
host: localhost:8888
connection: keep-alive
sec-ch-ua-platform: "macOS"
user-agent: Mozilla/5.0 (Macintosh; Intel Mac OS X 10_15_7) AppleWebKit/537.36 (KHTML, like Gecko) Chrome/147.0.0.0 Safari/537.36
sec-ch-ua: "Google Chrome";v="147", "Not.A/Brand";v="8", "Chromium";v="147"
sec-ch-ua-mobile: ?0
accept: */*
origin: http://localhost:3000
sec-fetch-site: same-site
sec-fetch-mode: cors
sec-fetch-dest: empty
referer: http://localhost:3000/
accept-encoding: gzip, deflate, br, zstd
accept-language: ko-KR,ko;q=0.9,en-US;q=0.8,en;q=0.7


Security filter chain: [
  DisableEncodeUrlFilter
  WebAsyncManagerIntegrationFilter
  SecurityContextHolderFilter
  HeaderWriterFilter
  CorsFilter
  CsrfFilter
  LogoutFilter
  JwtAuthenticationFilter
  RequestCacheAwareFilter
  SecurityContextHolderAwareRequestFilter
  AnonymousAuthenticationFilter
  ExceptionTranslationFilter
  AuthorizationFilter
]


************************************************************


14:37:48.495 [http-nio-8888-exec-3] DEBUG o.s.security.web.FilterChainProxy -- Securing GET /api/v1/task
14:37:48.496 [http-nio-8888-exec-3] DEBUG o.s.security.web.FilterChainProxy -- Secured GET /api/v1/task
14:37:48.496 [http-nio-8888-exec-3] DEBUG o.s.web.servlet.DispatcherServlet -- GET "/api/v1/task", parameters={}
14:37:48.497 [http-nio-8888-exec-3] DEBUG o.s.w.s.m.m.a.RequestMappingHandlerMapping -- Mapped to com.example.demo.todo.api.TodoApi#getTasks()
14:37:48.499 [http-nio-8888-exec-3] DEBUG o.s.w.s.m.m.a.RequestResponseBodyMethodProcessor -- Using 'application/json', given [*/*] and supported [application/json, application/*+json]
14:37:48.499 [http-nio-8888-exec-3] DEBUG o.s.w.s.m.m.a.RequestResponseBodyMethodProcessor -- Writing [com.example.demo.util.AjaxResponse@7bf3aabb]
14:37:48.500 [http-nio-8888-exec-3] DEBUG o.s.s.w.a.AnonymousAuthenticationFilter -- Set SecurityContextHolder to anonymous SecurityContext
14:37:48.501 [http-nio-8888-exec-3] DEBUG o.s.web.servlet.DispatcherServlet -- Completed 200 OK
14:37:49.180 [http-nio-8888-exec-2] INFO  Spring Security Debugger -- 

************************************************************

Request received for GET '/api/v1/task':

org.apache.catalina.connector.RequestFacade@2b6e9dc7

servletPath:/api/v1/task
pathInfo:null
headers: 
host: localhost:8888
connection: keep-alive
pragma: no-cache
cache-control: no-cache
sec-ch-ua-platform: "macOS"
user-agent: Mozilla/5.0 (Macintosh; Intel Mac OS X 10_15_7) AppleWebKit/537.36 (KHTML, like Gecko) Chrome/147.0.0.0 Safari/537.36
sec-ch-ua: "Google Chrome";v="147", "Not.A/Brand";v="8", "Chromium";v="147"
sec-ch-ua-mobile: ?0
accept: */*
origin: http://localhost:3000
sec-fetch-site: same-site
sec-fetch-mode: cors
sec-fetch-dest: empty
referer: http://localhost:3000/
accept-encoding: gzip, deflate, br, zstd
accept-language: ko-KR,ko;q=0.9,en-US;q=0.8,en;q=0.7


Security filter chain: [
  DisableEncodeUrlFilter
  WebAsyncManagerIntegrationFilter
  SecurityContextHolderFilter
  HeaderWriterFilter
  CorsFilter
  CsrfFilter
  LogoutFilter
  JwtAuthenticationFilter
  RequestCacheAwareFilter
  SecurityContextHolderAwareRequestFilter
  AnonymousAuthenticationFilter
  ExceptionTranslationFilter
  AuthorizationFilter
]


************************************************************


14:37:49.180 [http-nio-8888-exec-5] INFO  Spring Security Debugger -- 

************************************************************

Request received for GET '/api/v1/task':

org.apache.catalina.connector.RequestFacade@7697cf52

servletPath:/api/v1/task
pathInfo:null
headers: 
host: localhost:8888
connection: keep-alive
pragma: no-cache
cache-control: no-cache
sec-ch-ua-platform: "macOS"
user-agent: Mozilla/5.0 (Macintosh; Intel Mac OS X 10_15_7) AppleWebKit/537.36 (KHTML, like Gecko) Chrome/147.0.0.0 Safari/537.36
sec-ch-ua: "Google Chrome";v="147", "Not.A/Brand";v="8", "Chromium";v="147"
sec-ch-ua-mobile: ?0
accept: */*
origin: http://localhost:3000
sec-fetch-site: same-site
sec-fetch-mode: cors
sec-fetch-dest: empty
referer: http://localhost:3000/
accept-encoding: gzip, deflate, br, zstd
accept-language: ko-KR,ko;q=0.9,en-US;q=0.8,en;q=0.7


Security filter chain: [
  DisableEncodeUrlFilter
  WebAsyncManagerIntegrationFilter
  SecurityContextHolderFilter
  HeaderWriterFilter
  CorsFilter
  CsrfFilter
  LogoutFilter
  JwtAuthenticationFilter
  RequestCacheAwareFilter
  SecurityContextHolderAwareRequestFilter
  AnonymousAuthenticationFilter
  ExceptionTranslationFilter
  AuthorizationFilter
]


************************************************************


14:37:49.180 [http-nio-8888-exec-2] DEBUG o.s.security.web.FilterChainProxy -- Securing GET /api/v1/task
14:37:49.181 [http-nio-8888-exec-5] DEBUG o.s.security.web.FilterChainProxy -- Securing GET /api/v1/task
14:37:49.182 [http-nio-8888-exec-2] DEBUG o.s.security.web.FilterChainProxy -- Secured GET /api/v1/task
14:37:49.182 [http-nio-8888-exec-5] DEBUG o.s.security.web.FilterChainProxy -- Secured GET /api/v1/task
14:37:49.182 [http-nio-8888-exec-5] DEBUG o.s.web.servlet.DispatcherServlet -- GET "/api/v1/task", parameters={}
14:37:49.182 [http-nio-8888-exec-2] DEBUG o.s.web.servlet.DispatcherServlet -- GET "/api/v1/task", parameters={}
14:37:49.182 [http-nio-8888-exec-5] DEBUG o.s.w.s.m.m.a.RequestMappingHandlerMapping -- Mapped to com.example.demo.todo.api.TodoApi#getTasks()
14:37:49.182 [http-nio-8888-exec-2] DEBUG o.s.w.s.m.m.a.RequestMappingHandlerMapping -- Mapped to com.example.demo.todo.api.TodoApi#getTasks()
14:37:49.184 [http-nio-8888-exec-5] DEBUG o.s.w.s.m.m.a.RequestResponseBodyMethodProcessor -- Using 'application/json', given [*/*] and supported [application/json, application/*+json]
14:37:49.184 [http-nio-8888-exec-2] DEBUG o.s.w.s.m.m.a.RequestResponseBodyMethodProcessor -- Using 'application/json', given [*/*] and supported [application/json, application/*+json]
14:37:49.184 [http-nio-8888-exec-5] DEBUG o.s.w.s.m.m.a.RequestResponseBodyMethodProcessor -- Writing [com.example.demo.util.AjaxResponse@c0d0ff4]
14:37:49.185 [http-nio-8888-exec-2] DEBUG o.s.w.s.m.m.a.RequestResponseBodyMethodProcessor -- Writing [com.example.demo.util.AjaxResponse@258ee6bf]
14:37:49.185 [http-nio-8888-exec-2] DEBUG o.s.s.w.a.AnonymousAuthenticationFilter -- Set SecurityContextHolder to anonymous SecurityContext
14:37:49.185 [http-nio-8888-exec-5] DEBUG o.s.s.w.a.AnonymousAuthenticationFilter -- Set SecurityContextHolder to anonymous SecurityContext
14:37:49.186 [http-nio-8888-exec-2] DEBUG o.s.web.servlet.DispatcherServlet -- Completed 200 OK
14:37:49.186 [http-nio-8888-exec-5] DEBUG o.s.web.servlet.DispatcherServlet -- Completed 200 OK
14:37:57.157 [http-nio-8888-exec-6] INFO  Spring Security Debugger -- 

************************************************************

Request received for GET '/api/v1/task':

org.apache.catalina.connector.RequestFacade@5a691c3f

servletPath:/api/v1/task
pathInfo:null
headers: 
host: localhost:8888
connection: keep-alive
sec-ch-ua-platform: "macOS"
user-agent: Mozilla/5.0 (Macintosh; Intel Mac OS X 10_15_7) AppleWebKit/537.36 (KHTML, like Gecko) Chrome/147.0.0.0 Safari/537.36
sec-ch-ua: "Google Chrome";v="147", "Not.A/Brand";v="8", "Chromium";v="147"
sec-ch-ua-mobile: ?0
accept: */*
origin: http://localhost:3000
sec-fetch-site: same-site
sec-fetch-mode: cors
sec-fetch-dest: empty
referer: http://localhost:3000/
accept-encoding: gzip, deflate, br, zstd
accept-language: ko-KR,ko;q=0.9,en-US;q=0.8,en;q=0.7


Security filter chain: [
  DisableEncodeUrlFilter
  WebAsyncManagerIntegrationFilter
  SecurityContextHolderFilter
  HeaderWriterFilter
  CorsFilter
  CsrfFilter
  LogoutFilter
  JwtAuthenticationFilter
  RequestCacheAwareFilter
  SecurityContextHolderAwareRequestFilter
  AnonymousAuthenticationFilter
  ExceptionTranslationFilter
  AuthorizationFilter
]


************************************************************


14:37:57.161 [http-nio-8888-exec-6] DEBUG o.s.security.web.FilterChainProxy -- Securing GET /api/v1/task
14:37:57.164 [http-nio-8888-exec-6] DEBUG o.s.security.web.FilterChainProxy -- Secured GET /api/v1/task
14:37:57.165 [http-nio-8888-exec-6] DEBUG o.s.web.servlet.DispatcherServlet -- GET "/api/v1/task", parameters={}
14:37:57.165 [http-nio-8888-exec-6] DEBUG o.s.w.s.m.m.a.RequestMappingHandlerMapping -- Mapped to com.example.demo.todo.api.TodoApi#getTasks()
14:37:57.170 [http-nio-8888-exec-6] DEBUG o.s.w.s.m.m.a.RequestResponseBodyMethodProcessor -- Using 'application/json', given [*/*] and supported [application/json, application/*+json]
14:37:57.171 [http-nio-8888-exec-6] DEBUG o.s.w.s.m.m.a.RequestResponseBodyMethodProcessor -- Writing [com.example.demo.util.AjaxResponse@25b4b23d]
14:37:57.172 [http-nio-8888-exec-6] DEBUG o.s.s.w.a.AnonymousAuthenticationFilter -- Set SecurityContextHolder to anonymous SecurityContext
14:37:57.173 [http-nio-8888-exec-6] DEBUG o.s.web.servlet.DispatcherServlet -- Completed 200 OK
14:37:57.173 [http-nio-8888-exec-7] INFO  Spring Security Debugger -- 

************************************************************

Request received for GET '/api/v1/task':

org.apache.catalina.connector.RequestFacade@70454877

servletPath:/api/v1/task
pathInfo:null
headers: 
host: localhost:8888
connection: keep-alive
sec-ch-ua-platform: "macOS"
user-agent: Mozilla/5.0 (Macintosh; Intel Mac OS X 10_15_7) AppleWebKit/537.36 (KHTML, like Gecko) Chrome/147.0.0.0 Safari/537.36
sec-ch-ua: "Google Chrome";v="147", "Not.A/Brand";v="8", "Chromium";v="147"
sec-ch-ua-mobile: ?0
accept: */*
origin: http://localhost:3000
sec-fetch-site: same-site
sec-fetch-mode: cors
sec-fetch-dest: empty
referer: http://localhost:3000/
accept-encoding: gzip, deflate, br, zstd
accept-language: ko-KR,ko;q=0.9,en-US;q=0.8,en;q=0.7


Security filter chain: [
  DisableEncodeUrlFilter
  WebAsyncManagerIntegrationFilter
  SecurityContextHolderFilter
  HeaderWriterFilter
  CorsFilter
  CsrfFilter
  LogoutFilter
  JwtAuthenticationFilter
  RequestCacheAwareFilter
  SecurityContextHolderAwareRequestFilter
  AnonymousAuthenticationFilter
  ExceptionTranslationFilter
  AuthorizationFilter
]


************************************************************


14:37:57.173 [http-nio-8888-exec-7] DEBUG o.s.security.web.FilterChainProxy -- Securing GET /api/v1/task
14:37:57.174 [http-nio-8888-exec-7] DEBUG o.s.security.web.FilterChainProxy -- Secured GET /api/v1/task
14:37:57.174 [http-nio-8888-exec-7] DEBUG o.s.web.servlet.DispatcherServlet -- GET "/api/v1/task", parameters={}
14:37:57.174 [http-nio-8888-exec-7] DEBUG o.s.w.s.m.m.a.RequestMappingHandlerMapping -- Mapped to com.example.demo.todo.api.TodoApi#getTasks()
14:37:57.175 [http-nio-8888-exec-7] DEBUG o.s.w.s.m.m.a.RequestResponseBodyMethodProcessor -- Using 'application/json', given [*/*] and supported [application/json, application/*+json]
14:37:57.175 [http-nio-8888-exec-7] DEBUG o.s.w.s.m.m.a.RequestResponseBodyMethodProcessor -- Writing [com.example.demo.util.AjaxResponse@4b621164]
14:37:57.177 [http-nio-8888-exec-7] DEBUG o.s.s.w.a.AnonymousAuthenticationFilter -- Set SecurityContextHolder to anonymous SecurityContext
14:37:57.178 [http-nio-8888-exec-7] DEBUG o.s.web.servlet.DispatcherServlet -- Completed 200 OK
14:40:49.745 [http-nio-8888-exec-8] INFO  Spring Security Debugger -- 

************************************************************

Request received for GET '/api/v1/task':

org.apache.catalina.connector.RequestFacade@3272d196

servletPath:/api/v1/task
pathInfo:null
headers: 
host: localhost:8888
connection: keep-alive
pragma: no-cache
cache-control: no-cache
sec-ch-ua-platform: "macOS"
user-agent: Mozilla/5.0 (Macintosh; Intel Mac OS X 10_15_7) AppleWebKit/537.36 (KHTML, like Gecko) Chrome/147.0.0.0 Safari/537.36
sec-ch-ua: "Google Chrome";v="147", "Not.A/Brand";v="8", "Chromium";v="147"
sec-ch-ua-mobile: ?0
accept: */*
origin: http://localhost:3000
sec-fetch-site: same-site
sec-fetch-mode: cors
sec-fetch-dest: empty
referer: http://localhost:3000/
accept-encoding: gzip, deflate, br, zstd
accept-language: ko-KR,ko;q=0.9,en-US;q=0.8,en;q=0.7


Security filter chain: [
  DisableEncodeUrlFilter
  WebAsyncManagerIntegrationFilter
  SecurityContextHolderFilter
  HeaderWriterFilter
  CorsFilter
  CsrfFilter
  LogoutFilter
  JwtAuthenticationFilter
  RequestCacheAwareFilter
  SecurityContextHolderAwareRequestFilter
  AnonymousAuthenticationFilter
  ExceptionTranslationFilter
  AuthorizationFilter
]


************************************************************


14:40:49.745 [http-nio-8888-exec-10] INFO  Spring Security Debugger -- 

************************************************************

Request received for GET '/api/v1/task':

org.apache.catalina.connector.RequestFacade@71cabafd

servletPath:/api/v1/task
pathInfo:null
headers: 
host: localhost:8888
connection: keep-alive
pragma: no-cache
cache-control: no-cache
sec-ch-ua-platform: "macOS"
user-agent: Mozilla/5.0 (Macintosh; Intel Mac OS X 10_15_7) AppleWebKit/537.36 (KHTML, like Gecko) Chrome/147.0.0.0 Safari/537.36
sec-ch-ua: "Google Chrome";v="147", "Not.A/Brand";v="8", "Chromium";v="147"
sec-ch-ua-mobile: ?0
accept: */*
origin: http://localhost:3000
sec-fetch-site: same-site
sec-fetch-mode: cors
sec-fetch-dest: empty
referer: http://localhost:3000/
accept-encoding: gzip, deflate, br, zstd
accept-language: ko-KR,ko;q=0.9,en-US;q=0.8,en;q=0.7


Security filter chain: [
  DisableEncodeUrlFilter
  WebAsyncManagerIntegrationFilter
  SecurityContextHolderFilter
  HeaderWriterFilter
  CorsFilter
  CsrfFilter
  LogoutFilter
  JwtAuthenticationFilter
  RequestCacheAwareFilter
  SecurityContextHolderAwareRequestFilter
  AnonymousAuthenticationFilter
  ExceptionTranslationFilter
  AuthorizationFilter
]


************************************************************


14:40:49.750 [http-nio-8888-exec-10] DEBUG o.s.security.web.FilterChainProxy -- Securing GET /api/v1/task
14:40:49.750 [http-nio-8888-exec-8] DEBUG o.s.security.web.FilterChainProxy -- Securing GET /api/v1/task
14:40:49.752 [http-nio-8888-exec-10] DEBUG o.s.security.web.FilterChainProxy -- Secured GET /api/v1/task
14:40:49.752 [http-nio-8888-exec-8] DEBUG o.s.security.web.FilterChainProxy -- Secured GET /api/v1/task
14:40:49.755 [http-nio-8888-exec-10] DEBUG o.s.web.servlet.DispatcherServlet -- GET "/api/v1/task", parameters={}
14:40:49.756 [http-nio-8888-exec-8] DEBUG o.s.web.servlet.DispatcherServlet -- GET "/api/v1/task", parameters={}
14:40:49.757 [http-nio-8888-exec-8] DEBUG o.s.w.s.m.m.a.RequestMappingHandlerMapping -- Mapped to com.example.demo.todo.api.TodoApi#getTasks()
14:40:49.757 [http-nio-8888-exec-10] DEBUG o.s.w.s.m.m.a.RequestMappingHandlerMapping -- Mapped to com.example.demo.todo.api.TodoApi#getTasks()
14:40:49.761 [http-nio-8888-exec-8] DEBUG o.s.w.s.m.m.a.RequestResponseBodyMethodProcessor -- Using 'application/json', given [*/*] and supported [application/json, application/*+json]
14:40:49.761 [http-nio-8888-exec-10] DEBUG o.s.w.s.m.m.a.RequestResponseBodyMethodProcessor -- Using 'application/json', given [*/*] and supported [application/json, application/*+json]
14:40:49.762 [http-nio-8888-exec-10] DEBUG o.s.w.s.m.m.a.RequestResponseBodyMethodProcessor -- Writing [com.example.demo.util.AjaxResponse@6a1463b]
14:40:49.762 [http-nio-8888-exec-8] DEBUG o.s.w.s.m.m.a.RequestResponseBodyMethodProcessor -- Writing [com.example.demo.util.AjaxResponse@6ab9a06d]
14:40:49.765 [http-nio-8888-exec-8] DEBUG o.s.s.w.a.AnonymousAuthenticationFilter -- Set SecurityContextHolder to anonymous SecurityContext
14:40:49.765 [http-nio-8888-exec-8] DEBUG o.s.web.servlet.DispatcherServlet -- Completed 200 OK
14:40:49.765 [http-nio-8888-exec-10] DEBUG o.s.s.w.a.AnonymousAuthenticationFilter -- Set SecurityContextHolder to anonymous SecurityContext
14:40:49.766 [http-nio-8888-exec-10] DEBUG o.s.web.servlet.DispatcherServlet -- Completed 200 OK
14:40:53.231 [http-nio-8888-exec-1] INFO  Spring Security Debugger -- 

************************************************************

Request received for OPTIONS '/api/v1/task':

org.apache.catalina.connector.RequestFacade@7a8e8e5a

servletPath:/api/v1/task
pathInfo:null
headers: 
host: localhost:8888
connection: keep-alive
accept: */*
access-control-request-method: PUT
origin: http://localhost:3000
user-agent: Mozilla/5.0 (Macintosh; Intel Mac OS X 10_15_7) AppleWebKit/537.36 (KHTML, like Gecko) Chrome/147.0.0.0 Safari/537.36
sec-fetch-mode: cors
sec-fetch-site: same-site
sec-fetch-dest: empty
referer: http://localhost:3000/
accept-encoding: gzip, deflate, br, zstd
accept-language: ko-KR,ko;q=0.9,en-US;q=0.8,en;q=0.7


Security filter chain: [
  DisableEncodeUrlFilter
  WebAsyncManagerIntegrationFilter
  SecurityContextHolderFilter
  HeaderWriterFilter
  CorsFilter
  CsrfFilter
  LogoutFilter
  JwtAuthenticationFilter
  RequestCacheAwareFilter
  SecurityContextHolderAwareRequestFilter
  AnonymousAuthenticationFilter
  ExceptionTranslationFilter
  AuthorizationFilter
]


************************************************************


14:40:53.232 [http-nio-8888-exec-1] DEBUG o.s.security.web.FilterChainProxy -- Securing OPTIONS /api/v1/task
14:40:53.235 [http-nio-8888-exec-3] INFO  Spring Security Debugger -- 

************************************************************

Request received for PUT '/api/v1/task':

org.apache.catalina.connector.RequestFacade@66793d51

servletPath:/api/v1/task
pathInfo:null
headers: 
host: localhost:8888
connection: keep-alive
content-length: 0
sec-ch-ua-platform: "macOS"
user-agent: Mozilla/5.0 (Macintosh; Intel Mac OS X 10_15_7) AppleWebKit/537.36 (KHTML, like Gecko) Chrome/147.0.0.0 Safari/537.36
sec-ch-ua: "Google Chrome";v="147", "Not.A/Brand";v="8", "Chromium";v="147"
sec-ch-ua-mobile: ?0
accept: */*
origin: http://localhost:3000
sec-fetch-site: same-site
sec-fetch-mode: cors
sec-fetch-dest: empty
referer: http://localhost:3000/
accept-encoding: gzip, deflate, br, zstd
accept-language: ko-KR,ko;q=0.9,en-US;q=0.8,en;q=0.7


Security filter chain: [
  DisableEncodeUrlFilter
  WebAsyncManagerIntegrationFilter
  SecurityContextHolderFilter
  HeaderWriterFilter
  CorsFilter
  CsrfFilter
  LogoutFilter
  JwtAuthenticationFilter
  RequestCacheAwareFilter
  SecurityContextHolderAwareRequestFilter
  AnonymousAuthenticationFilter
  ExceptionTranslationFilter
  AuthorizationFilter
]


************************************************************


14:40:53.235 [http-nio-8888-exec-3] DEBUG o.s.security.web.FilterChainProxy -- Securing PUT /api/v1/task
14:40:53.236 [http-nio-8888-exec-3] DEBUG o.s.security.web.FilterChainProxy -- Secured PUT /api/v1/task
14:40:53.236 [http-nio-8888-exec-3] DEBUG o.s.web.servlet.DispatcherServlet -- PUT "/api/v1/task", parameters={}
14:40:53.236 [http-nio-8888-exec-3] DEBUG o.s.w.s.m.m.a.RequestMappingHandlerMapping -- Mapped to com.example.demo.todo.api.TodoApi#allDone()
14:40:53.242 [http-nio-8888-exec-3] DEBUG o.s.w.s.m.m.a.RequestResponseBodyMethodProcessor -- Using 'application/json', given [*/*] and supported [application/json, application/*+json]
14:40:53.242 [http-nio-8888-exec-3] DEBUG o.s.w.s.m.m.a.RequestResponseBodyMethodProcessor -- Writing [com.example.demo.util.AjaxResponse@36d5261c]
14:40:53.243 [http-nio-8888-exec-3] DEBUG o.s.s.w.a.AnonymousAuthenticationFilter -- Set SecurityContextHolder to anonymous SecurityContext
14:40:53.244 [http-nio-8888-exec-3] DEBUG o.s.web.servlet.DispatcherServlet -- Completed 200 OK
14:40:53.247 [http-nio-8888-exec-2] INFO  Spring Security Debugger -- 

************************************************************

Request received for GET '/api/v1/task':

org.apache.catalina.connector.RequestFacade@5d27477

servletPath:/api/v1/task
pathInfo:null
headers: 
host: localhost:8888
connection: keep-alive
sec-ch-ua-platform: "macOS"
user-agent: Mozilla/5.0 (Macintosh; Intel Mac OS X 10_15_7) AppleWebKit/537.36 (KHTML, like Gecko) Chrome/147.0.0.0 Safari/537.36
sec-ch-ua: "Google Chrome";v="147", "Not.A/Brand";v="8", "Chromium";v="147"
sec-ch-ua-mobile: ?0
accept: */*
origin: http://localhost:3000
sec-fetch-site: same-site
sec-fetch-mode: cors
sec-fetch-dest: empty
referer: http://localhost:3000/
accept-encoding: gzip, deflate, br, zstd
accept-language: ko-KR,ko;q=0.9,en-US;q=0.8,en;q=0.7


Security filter chain: [
  DisableEncodeUrlFilter
  WebAsyncManagerIntegrationFilter
  SecurityContextHolderFilter
  HeaderWriterFilter
  CorsFilter
  CsrfFilter
  LogoutFilter
  JwtAuthenticationFilter
  RequestCacheAwareFilter
  SecurityContextHolderAwareRequestFilter
  AnonymousAuthenticationFilter
  ExceptionTranslationFilter
  AuthorizationFilter
]


************************************************************


14:40:53.248 [http-nio-8888-exec-2] DEBUG o.s.security.web.FilterChainProxy -- Securing GET /api/v1/task
14:40:53.249 [http-nio-8888-exec-2] DEBUG o.s.security.web.FilterChainProxy -- Secured GET /api/v1/task
14:40:53.249 [http-nio-8888-exec-2] DEBUG o.s.web.servlet.DispatcherServlet -- GET "/api/v1/task", parameters={}
14:40:53.250 [http-nio-8888-exec-2] DEBUG o.s.w.s.m.m.a.RequestMappingHandlerMapping -- Mapped to com.example.demo.todo.api.TodoApi#getTasks()
14:40:53.251 [http-nio-8888-exec-2] DEBUG o.s.w.s.m.m.a.RequestResponseBodyMethodProcessor -- Using 'application/json', given [*/*] and supported [application/json, application/*+json]
14:40:53.253 [http-nio-8888-exec-2] DEBUG o.s.w.s.m.m.a.RequestResponseBodyMethodProcessor -- Writing [com.example.demo.util.AjaxResponse@68f65fc]
14:40:53.254 [http-nio-8888-exec-2] DEBUG o.s.s.w.a.AnonymousAuthenticationFilter -- Set SecurityContextHolder to anonymous SecurityContext
14:40:53.254 [http-nio-8888-exec-2] DEBUG o.s.web.servlet.DispatcherServlet -- Completed 200 OK
14:40:57.855 [http-nio-8888-exec-5] INFO  Spring Security Debugger -- 

************************************************************

Request received for GET '/api/v1/task':

org.apache.catalina.connector.RequestFacade@3e94fdd5

servletPath:/api/v1/task
pathInfo:null
headers: 
host: localhost:8888
connection: keep-alive
sec-ch-ua-platform: "macOS"
user-agent: Mozilla/5.0 (Macintosh; Intel Mac OS X 10_15_7) AppleWebKit/537.36 (KHTML, like Gecko) Chrome/147.0.0.0 Safari/537.36
sec-ch-ua: "Google Chrome";v="147", "Not.A/Brand";v="8", "Chromium";v="147"
sec-ch-ua-mobile: ?0
accept: */*
origin: http://localhost:3000
sec-fetch-site: same-site
sec-fetch-mode: cors
sec-fetch-dest: empty
referer: http://localhost:3000/
accept-encoding: gzip, deflate, br, zstd
accept-language: ko-KR,ko;q=0.9,en-US;q=0.8,en;q=0.7


Security filter chain: [
  DisableEncodeUrlFilter
  WebAsyncManagerIntegrationFilter
  SecurityContextHolderFilter
  HeaderWriterFilter
  CorsFilter
  CsrfFilter
  LogoutFilter
  JwtAuthenticationFilter
  RequestCacheAwareFilter
  SecurityContextHolderAwareRequestFilter
  AnonymousAuthenticationFilter
  ExceptionTranslationFilter
  AuthorizationFilter
]


************************************************************


14:40:57.856 [http-nio-8888-exec-5] DEBUG o.s.security.web.FilterChainProxy -- Securing GET /api/v1/task
14:40:57.857 [http-nio-8888-exec-5] DEBUG o.s.security.web.FilterChainProxy -- Secured GET /api/v1/task
14:40:57.857 [http-nio-8888-exec-5] DEBUG o.s.web.servlet.DispatcherServlet -- GET "/api/v1/task", parameters={}
14:40:57.857 [http-nio-8888-exec-5] DEBUG o.s.w.s.m.m.a.RequestMappingHandlerMapping -- Mapped to com.example.demo.todo.api.TodoApi#getTasks()
14:40:57.859 [http-nio-8888-exec-5] DEBUG o.s.w.s.m.m.a.RequestResponseBodyMethodProcessor -- Using 'application/json', given [*/*] and supported [application/json, application/*+json]
14:40:57.860 [http-nio-8888-exec-5] DEBUG o.s.w.s.m.m.a.RequestResponseBodyMethodProcessor -- Writing [com.example.demo.util.AjaxResponse@56ee3d48]
14:40:57.861 [http-nio-8888-exec-5] DEBUG o.s.s.w.a.AnonymousAuthenticationFilter -- Set SecurityContextHolder to anonymous SecurityContext
14:40:57.861 [http-nio-8888-exec-5] DEBUG o.s.web.servlet.DispatcherServlet -- Completed 200 OK
14:40:57.862 [http-nio-8888-exec-6] INFO  Spring Security Debugger -- 

************************************************************

Request received for GET '/api/v1/task':

org.apache.catalina.connector.RequestFacade@49ade6b5

servletPath:/api/v1/task
pathInfo:null
headers: 
host: localhost:8888
connection: keep-alive
sec-ch-ua-platform: "macOS"
user-agent: Mozilla/5.0 (Macintosh; Intel Mac OS X 10_15_7) AppleWebKit/537.36 (KHTML, like Gecko) Chrome/147.0.0.0 Safari/537.36
sec-ch-ua: "Google Chrome";v="147", "Not.A/Brand";v="8", "Chromium";v="147"
sec-ch-ua-mobile: ?0
accept: */*
origin: http://localhost:3000
sec-fetch-site: same-site
sec-fetch-mode: cors
sec-fetch-dest: empty
referer: http://localhost:3000/
accept-encoding: gzip, deflate, br, zstd
accept-language: ko-KR,ko;q=0.9,en-US;q=0.8,en;q=0.7


Security filter chain: [
  DisableEncodeUrlFilter
  WebAsyncManagerIntegrationFilter
  SecurityContextHolderFilter
  HeaderWriterFilter
  CorsFilter
  CsrfFilter
  LogoutFilter
  JwtAuthenticationFilter
  RequestCacheAwareFilter
  SecurityContextHolderAwareRequestFilter
  AnonymousAuthenticationFilter
  ExceptionTranslationFilter
  AuthorizationFilter
]


************************************************************


14:40:57.863 [http-nio-8888-exec-6] DEBUG o.s.security.web.FilterChainProxy -- Securing GET /api/v1/task
14:40:57.863 [http-nio-8888-exec-6] DEBUG o.s.security.web.FilterChainProxy -- Secured GET /api/v1/task
14:40:57.863 [http-nio-8888-exec-6] DEBUG o.s.web.servlet.DispatcherServlet -- GET "/api/v1/task", parameters={}
14:40:57.864 [http-nio-8888-exec-6] DEBUG o.s.w.s.m.m.a.RequestMappingHandlerMapping -- Mapped to com.example.demo.todo.api.TodoApi#getTasks()
14:40:57.865 [http-nio-8888-exec-6] DEBUG o.s.w.s.m.m.a.RequestResponseBodyMethodProcessor -- Using 'application/json', given [*/*] and supported [application/json, application/*+json]
14:40:57.865 [http-nio-8888-exec-6] DEBUG o.s.w.s.m.m.a.RequestResponseBodyMethodProcessor -- Writing [com.example.demo.util.AjaxResponse@28e99d44]
14:40:57.866 [http-nio-8888-exec-6] DEBUG o.s.s.w.a.AnonymousAuthenticationFilter -- Set SecurityContextHolder to anonymous SecurityContext
14:40:57.867 [http-nio-8888-exec-6] DEBUG o.s.web.servlet.DispatcherServlet -- Completed 200 OK
14:43:23.143 [http-nio-8888-exec-9] INFO  Spring Security Debugger -- 

************************************************************

Request received for OPTIONS '/api/v1/task':

org.apache.catalina.connector.RequestFacade@28a55ed9

servletPath:/api/v1/task
pathInfo:null
headers: 
host: localhost:8888
connection: keep-alive
accept: */*
access-control-request-method: POST
access-control-request-headers: content-type
origin: http://localhost:3000
user-agent: Mozilla/5.0 (Macintosh; Intel Mac OS X 10_15_7) AppleWebKit/537.36 (KHTML, like Gecko) Chrome/147.0.0.0 Safari/537.36
sec-fetch-mode: cors
sec-fetch-site: same-site
sec-fetch-dest: empty
referer: http://localhost:3000/
accept-encoding: gzip, deflate, br, zstd
accept-language: ko-KR,ko;q=0.9,en-US;q=0.8,en;q=0.7


Security filter chain: [
  DisableEncodeUrlFilter
  WebAsyncManagerIntegrationFilter
  SecurityContextHolderFilter
  HeaderWriterFilter
  CorsFilter
  CsrfFilter
  LogoutFilter
  JwtAuthenticationFilter
  RequestCacheAwareFilter
  SecurityContextHolderAwareRequestFilter
  AnonymousAuthenticationFilter
  ExceptionTranslationFilter
  AuthorizationFilter
]


************************************************************


14:43:23.147 [http-nio-8888-exec-9] DEBUG o.s.security.web.FilterChainProxy -- Securing OPTIONS /api/v1/task
14:43:23.154 [http-nio-8888-exec-8] INFO  Spring Security Debugger -- 

************************************************************

Request received for POST '/api/v1/task':

org.apache.catalina.connector.RequestFacade@1bf1c614

servletPath:/api/v1/task
pathInfo:null
headers: 
host: localhost:8888
connection: keep-alive
content-length: 133
sec-ch-ua-platform: "macOS"
user-agent: Mozilla/5.0 (Macintosh; Intel Mac OS X 10_15_7) AppleWebKit/537.36 (KHTML, like Gecko) Chrome/147.0.0.0 Safari/537.36
sec-ch-ua: "Google Chrome";v="147", "Not.A/Brand";v="8", "Chromium";v="147"
content-type: application/json
sec-ch-ua-mobile: ?0
accept: */*
origin: http://localhost:3000
sec-fetch-site: same-site
sec-fetch-mode: cors
sec-fetch-dest: empty
referer: http://localhost:3000/
accept-encoding: gzip, deflate, br, zstd
accept-language: ko-KR,ko;q=0.9,en-US;q=0.8,en;q=0.7


Security filter chain: [
  DisableEncodeUrlFilter
  WebAsyncManagerIntegrationFilter
  SecurityContextHolderFilter
  HeaderWriterFilter
  CorsFilter
  CsrfFilter
  LogoutFilter
  JwtAuthenticationFilter
  RequestCacheAwareFilter
  SecurityContextHolderAwareRequestFilter
  AnonymousAuthenticationFilter
  ExceptionTranslationFilter
  AuthorizationFilter
]


************************************************************


14:43:23.154 [http-nio-8888-exec-8] DEBUG o.s.security.web.FilterChainProxy -- Securing POST /api/v1/task
14:43:23.157 [http-nio-8888-exec-8] DEBUG o.s.security.web.FilterChainProxy -- Secured POST /api/v1/task
14:43:23.158 [http-nio-8888-exec-8] DEBUG o.s.web.servlet.DispatcherServlet -- POST "/api/v1/task", parameters={}
14:43:23.159 [http-nio-8888-exec-8] DEBUG o.s.w.s.m.m.a.RequestMappingHandlerMapping -- Mapped to com.example.demo.todo.api.TodoApi#addTask(TodoVO)
14:43:23.170 [http-nio-8888-exec-8] DEBUG o.s.w.s.m.m.a.RequestResponseBodyMethodProcessor -- Read "application/json;charset=UTF-8" to [{"task":"나도어디가꿇리지않아사람마음갖고장난질치지않아","dueDate":"2026-12-31","priority":"2","isDone":false}]
14:43:23.181 [http-nio-8888-exec-8] DEBUG o.s.w.s.m.m.a.RequestResponseBodyMethodProcessor -- Using 'application/json', given [*/*] and supported [application/json, application/*+json]
14:43:23.182 [http-nio-8888-exec-8] DEBUG o.s.w.s.m.m.a.RequestResponseBodyMethodProcessor -- Writing [com.example.demo.util.AjaxResponse@15ea1519]
14:43:23.184 [http-nio-8888-exec-8] DEBUG o.s.s.w.a.AnonymousAuthenticationFilter -- Set SecurityContextHolder to anonymous SecurityContext
14:43:23.184 [http-nio-8888-exec-8] DEBUG o.s.web.servlet.DispatcherServlet -- Completed 200 OK
14:43:23.188 [http-nio-8888-exec-10] INFO  Spring Security Debugger -- 

************************************************************

Request received for GET '/api/v1/task':

org.apache.catalina.connector.RequestFacade@16f19675

servletPath:/api/v1/task
pathInfo:null
headers: 
host: localhost:8888
connection: keep-alive
sec-ch-ua-platform: "macOS"
user-agent: Mozilla/5.0 (Macintosh; Intel Mac OS X 10_15_7) AppleWebKit/537.36 (KHTML, like Gecko) Chrome/147.0.0.0 Safari/537.36
sec-ch-ua: "Google Chrome";v="147", "Not.A/Brand";v="8", "Chromium";v="147"
sec-ch-ua-mobile: ?0
accept: */*
origin: http://localhost:3000
sec-fetch-site: same-site
sec-fetch-mode: cors
sec-fetch-dest: empty
referer: http://localhost:3000/
accept-encoding: gzip, deflate, br, zstd
accept-language: ko-KR,ko;q=0.9,en-US;q=0.8,en;q=0.7


Security filter chain: [
  DisableEncodeUrlFilter
  WebAsyncManagerIntegrationFilter
  SecurityContextHolderFilter
  HeaderWriterFilter
  CorsFilter
  CsrfFilter
  LogoutFilter
  JwtAuthenticationFilter
  RequestCacheAwareFilter
  SecurityContextHolderAwareRequestFilter
  AnonymousAuthenticationFilter
  ExceptionTranslationFilter
  AuthorizationFilter
]


************************************************************


14:43:23.189 [http-nio-8888-exec-10] DEBUG o.s.security.web.FilterChainProxy -- Securing GET /api/v1/task
14:43:23.190 [http-nio-8888-exec-10] DEBUG o.s.security.web.FilterChainProxy -- Secured GET /api/v1/task
14:43:23.190 [http-nio-8888-exec-10] DEBUG o.s.web.servlet.DispatcherServlet -- GET "/api/v1/task", parameters={}
14:43:23.191 [http-nio-8888-exec-10] DEBUG o.s.w.s.m.m.a.RequestMappingHandlerMapping -- Mapped to com.example.demo.todo.api.TodoApi#getTasks()
14:43:23.194 [http-nio-8888-exec-10] DEBUG o.s.w.s.m.m.a.RequestResponseBodyMethodProcessor -- Using 'application/json', given [*/*] and supported [application/json, application/*+json]
14:43:23.194 [http-nio-8888-exec-10] DEBUG o.s.w.s.m.m.a.RequestResponseBodyMethodProcessor -- Writing [com.example.demo.util.AjaxResponse@5717d83d]
14:43:23.195 [http-nio-8888-exec-10] DEBUG o.s.s.w.a.AnonymousAuthenticationFilter -- Set SecurityContextHolder to anonymous SecurityContext
14:43:23.195 [http-nio-8888-exec-10] DEBUG o.s.web.servlet.DispatcherServlet -- Completed 200 OK
14:43:25.343 [http-nio-8888-exec-1] INFO  Spring Security Debugger -- 

************************************************************

Request received for GET '/api/v1/task':

org.apache.catalina.connector.RequestFacade@30755d00

servletPath:/api/v1/task
pathInfo:null
headers: 
host: localhost:8888
connection: keep-alive
sec-ch-ua-platform: "macOS"
user-agent: Mozilla/5.0 (Macintosh; Intel Mac OS X 10_15_7) AppleWebKit/537.36 (KHTML, like Gecko) Chrome/147.0.0.0 Safari/537.36
sec-ch-ua: "Google Chrome";v="147", "Not.A/Brand";v="8", "Chromium";v="147"
sec-ch-ua-mobile: ?0
accept: */*
origin: http://localhost:3000
sec-fetch-site: same-site
sec-fetch-mode: cors
sec-fetch-dest: empty
referer: http://localhost:3000/
accept-encoding: gzip, deflate, br, zstd
accept-language: ko-KR,ko;q=0.9,en-US;q=0.8,en;q=0.7


Security filter chain: [
  DisableEncodeUrlFilter
  WebAsyncManagerIntegrationFilter
  SecurityContextHolderFilter
  HeaderWriterFilter
  CorsFilter
  CsrfFilter
  LogoutFilter
  JwtAuthenticationFilter
  RequestCacheAwareFilter
  SecurityContextHolderAwareRequestFilter
  AnonymousAuthenticationFilter
  ExceptionTranslationFilter
  AuthorizationFilter
]


************************************************************


14:43:25.343 [http-nio-8888-exec-1] DEBUG o.s.security.web.FilterChainProxy -- Securing GET /api/v1/task
14:43:25.344 [http-nio-8888-exec-1] DEBUG o.s.security.web.FilterChainProxy -- Secured GET /api/v1/task
14:43:25.344 [http-nio-8888-exec-1] DEBUG o.s.web.servlet.DispatcherServlet -- GET "/api/v1/task", parameters={}
14:43:25.345 [http-nio-8888-exec-1] DEBUG o.s.w.s.m.m.a.RequestMappingHandlerMapping -- Mapped to com.example.demo.todo.api.TodoApi#getTasks()
14:43:25.348 [http-nio-8888-exec-1] DEBUG o.s.w.s.m.m.a.RequestResponseBodyMethodProcessor -- Using 'application/json', given [*/*] and supported [application/json, application/*+json]
14:43:25.349 [http-nio-8888-exec-1] DEBUG o.s.w.s.m.m.a.RequestResponseBodyMethodProcessor -- Writing [com.example.demo.util.AjaxResponse@58806508]
14:43:25.351 [http-nio-8888-exec-1] DEBUG o.s.s.w.a.AnonymousAuthenticationFilter -- Set SecurityContextHolder to anonymous SecurityContext
14:43:25.351 [http-nio-8888-exec-1] DEBUG o.s.web.servlet.DispatcherServlet -- Completed 200 OK
14:43:25.353 [http-nio-8888-exec-1] INFO  Spring Security Debugger -- 

************************************************************

Request received for GET '/api/v1/task':

org.apache.catalina.connector.RequestFacade@75667d9e

servletPath:/api/v1/task
pathInfo:null
headers: 
host: localhost:8888
connection: keep-alive
sec-ch-ua-platform: "macOS"
user-agent: Mozilla/5.0 (Macintosh; Intel Mac OS X 10_15_7) AppleWebKit/537.36 (KHTML, like Gecko) Chrome/147.0.0.0 Safari/537.36
sec-ch-ua: "Google Chrome";v="147", "Not.A/Brand";v="8", "Chromium";v="147"
sec-ch-ua-mobile: ?0
accept: */*
origin: http://localhost:3000
sec-fetch-site: same-site
sec-fetch-mode: cors
sec-fetch-dest: empty
referer: http://localhost:3000/
accept-encoding: gzip, deflate, br, zstd
accept-language: ko-KR,ko;q=0.9,en-US;q=0.8,en;q=0.7


Security filter chain: [
  DisableEncodeUrlFilter
  WebAsyncManagerIntegrationFilter
  SecurityContextHolderFilter
  HeaderWriterFilter
  CorsFilter
  CsrfFilter
  LogoutFilter
  JwtAuthenticationFilter
  RequestCacheAwareFilter
  SecurityContextHolderAwareRequestFilter
  AnonymousAuthenticationFilter
  ExceptionTranslationFilter
  AuthorizationFilter
]


************************************************************


14:43:25.354 [http-nio-8888-exec-1] DEBUG o.s.security.web.FilterChainProxy -- Securing GET /api/v1/task
14:43:25.355 [http-nio-8888-exec-1] DEBUG o.s.security.web.FilterChainProxy -- Secured GET /api/v1/task
14:43:25.355 [http-nio-8888-exec-1] DEBUG o.s.web.servlet.DispatcherServlet -- GET "/api/v1/task", parameters={}
14:43:25.356 [http-nio-8888-exec-1] DEBUG o.s.w.s.m.m.a.RequestMappingHandlerMapping -- Mapped to com.example.demo.todo.api.TodoApi#getTasks()
14:43:25.358 [http-nio-8888-exec-1] DEBUG o.s.w.s.m.m.a.RequestResponseBodyMethodProcessor -- Using 'application/json', given [*/*] and supported [application/json, application/*+json]
14:43:25.359 [http-nio-8888-exec-1] DEBUG o.s.w.s.m.m.a.RequestResponseBodyMethodProcessor -- Writing [com.example.demo.util.AjaxResponse@7b94c136]
14:43:25.361 [http-nio-8888-exec-1] DEBUG o.s.s.w.a.AnonymousAuthenticationFilter -- Set SecurityContextHolder to anonymous SecurityContext
14:43:25.362 [http-nio-8888-exec-1] DEBUG o.s.web.servlet.DispatcherServlet -- Completed 200 OK
15:01:46.369 [http-nio-8888-exec-6] INFO  Spring Security Debugger -- 

************************************************************

Request received for GET '/api/v1/task':

org.apache.catalina.connector.RequestFacade@3af3e482

servletPath:/api/v1/task
pathInfo:null
headers: 
host: localhost:8888
connection: keep-alive
sec-ch-ua-platform: "macOS"
user-agent: Mozilla/5.0 (Macintosh; Intel Mac OS X 10_15_7) AppleWebKit/537.36 (KHTML, like Gecko) Chrome/147.0.0.0 Safari/537.36
sec-ch-ua: "Google Chrome";v="147", "Not.A/Brand";v="8", "Chromium";v="147"
sec-ch-ua-mobile: ?0
accept: */*
origin: http://localhost:3000
sec-fetch-site: same-site
sec-fetch-mode: cors
sec-fetch-dest: empty
referer: http://localhost:3000/
accept-encoding: gzip, deflate, br, zstd
accept-language: ko-KR,ko;q=0.9,en-US;q=0.8,en;q=0.7


Security filter chain: [
  DisableEncodeUrlFilter
  WebAsyncManagerIntegrationFilter
  SecurityContextHolderFilter
  HeaderWriterFilter
  CorsFilter
  CsrfFilter
  LogoutFilter
  JwtAuthenticationFilter
  RequestCacheAwareFilter
  SecurityContextHolderAwareRequestFilter
  AnonymousAuthenticationFilter
  ExceptionTranslationFilter
  AuthorizationFilter
]


************************************************************


15:01:46.442 [http-nio-8888-exec-6] DEBUG o.s.security.web.FilterChainProxy -- Securing GET /api/v1/task
15:01:46.447 [http-nio-8888-exec-6] DEBUG o.s.security.web.FilterChainProxy -- Secured GET /api/v1/task
15:01:46.449 [http-nio-8888-exec-6] DEBUG o.s.web.servlet.DispatcherServlet -- GET "/api/v1/task", parameters={}
15:01:46.450 [http-nio-8888-exec-6] DEBUG o.s.w.s.m.m.a.RequestMappingHandlerMapping -- Mapped to com.example.demo.todo.api.TodoApi#getTasks()
15:01:46.459 [http-nio-8888-exec-6] DEBUG o.s.w.s.m.m.a.RequestResponseBodyMethodProcessor -- Using 'application/json', given [*/*] and supported [application/json, application/*+json]
15:01:46.461 [http-nio-8888-exec-6] DEBUG o.s.w.s.m.m.a.RequestResponseBodyMethodProcessor -- Writing [com.example.demo.util.AjaxResponse@3ad69cbb]
15:01:46.463 [http-nio-8888-exec-6] DEBUG o.s.s.w.a.AnonymousAuthenticationFilter -- Set SecurityContextHolder to anonymous SecurityContext
15:01:46.465 [http-nio-8888-exec-6] DEBUG o.s.web.servlet.DispatcherServlet -- Completed 200 OK
15:01:46.465 [http-nio-8888-exec-4] INFO  Spring Security Debugger -- 

************************************************************

Request received for GET '/api/v1/task':

org.apache.catalina.connector.RequestFacade@443206f6

servletPath:/api/v1/task
pathInfo:null
headers: 
host: localhost:8888
connection: keep-alive
sec-ch-ua-platform: "macOS"
user-agent: Mozilla/5.0 (Macintosh; Intel Mac OS X 10_15_7) AppleWebKit/537.36 (KHTML, like Gecko) Chrome/147.0.0.0 Safari/537.36
sec-ch-ua: "Google Chrome";v="147", "Not.A/Brand";v="8", "Chromium";v="147"
sec-ch-ua-mobile: ?0
accept: */*
origin: http://localhost:3000
sec-fetch-site: same-site
sec-fetch-mode: cors
sec-fetch-dest: empty
referer: http://localhost:3000/
accept-encoding: gzip, deflate, br, zstd
accept-language: ko-KR,ko;q=0.9,en-US;q=0.8,en;q=0.7


Security filter chain: [
  DisableEncodeUrlFilter
  WebAsyncManagerIntegrationFilter
  SecurityContextHolderFilter
  HeaderWriterFilter
  CorsFilter
  CsrfFilter
  LogoutFilter
  JwtAuthenticationFilter
  RequestCacheAwareFilter
  SecurityContextHolderAwareRequestFilter
  AnonymousAuthenticationFilter
  ExceptionTranslationFilter
  AuthorizationFilter
]


************************************************************


15:01:46.576 [http-nio-8888-exec-4] DEBUG o.s.security.web.FilterChainProxy -- Securing GET /api/v1/task
15:01:46.577 [http-nio-8888-exec-4] DEBUG o.s.security.web.FilterChainProxy -- Secured GET /api/v1/task
15:01:46.579 [http-nio-8888-exec-4] DEBUG o.s.web.servlet.DispatcherServlet -- GET "/api/v1/task", parameters={}
15:01:46.579 [http-nio-8888-exec-4] DEBUG o.s.w.s.m.m.a.RequestMappingHandlerMapping -- Mapped to com.example.demo.todo.api.TodoApi#getTasks()
15:01:46.583 [http-nio-8888-exec-4] DEBUG o.s.w.s.m.m.a.RequestResponseBodyMethodProcessor -- Using 'application/json', given [*/*] and supported [application/json, application/*+json]
15:01:46.583 [http-nio-8888-exec-4] DEBUG o.s.w.s.m.m.a.RequestResponseBodyMethodProcessor -- Writing [com.example.demo.util.AjaxResponse@34bade30]
15:01:46.584 [http-nio-8888-exec-4] DEBUG o.s.s.w.a.AnonymousAuthenticationFilter -- Set SecurityContextHolder to anonymous SecurityContext
15:01:46.585 [http-nio-8888-exec-4] DEBUG o.s.web.servlet.DispatcherServlet -- Completed 200 OK
15:15:29.214 [http-nio-8888-exec-10] INFO  Spring Security Debugger -- 

************************************************************

Request received for GET '/api/v1/task':

org.apache.catalina.connector.RequestFacade@732e9d70

servletPath:/api/v1/task
pathInfo:null
headers: 
host: localhost:8888
connection: keep-alive
pragma: no-cache
cache-control: no-cache
sec-ch-ua-platform: "macOS"
user-agent: Mozilla/5.0 (Macintosh; Intel Mac OS X 10_15_7) AppleWebKit/537.36 (KHTML, like Gecko) Chrome/147.0.0.0 Safari/537.36
sec-ch-ua: "Google Chrome";v="147", "Not.A/Brand";v="8", "Chromium";v="147"
sec-ch-ua-mobile: ?0
accept: */*
origin: http://localhost:3000
sec-fetch-site: same-site
sec-fetch-mode: cors
sec-fetch-dest: empty
referer: http://localhost:3000/
accept-encoding: gzip, deflate, br, zstd
accept-language: ko-KR,ko;q=0.9,en-US;q=0.8,en;q=0.7


Security filter chain: [
  DisableEncodeUrlFilter
  WebAsyncManagerIntegrationFilter
  SecurityContextHolderFilter
  HeaderWriterFilter
  CorsFilter
  CsrfFilter
  LogoutFilter
  JwtAuthenticationFilter
  RequestCacheAwareFilter
  SecurityContextHolderAwareRequestFilter
  AnonymousAuthenticationFilter
  ExceptionTranslationFilter
  AuthorizationFilter
]


************************************************************


15:15:29.214 [http-nio-8888-exec-8] INFO  Spring Security Debugger -- 

************************************************************

Request received for GET '/api/v1/task':

org.apache.catalina.connector.RequestFacade@31b08853

servletPath:/api/v1/task
pathInfo:null
headers: 
host: localhost:8888
connection: keep-alive
pragma: no-cache
cache-control: no-cache
sec-ch-ua-platform: "macOS"
user-agent: Mozilla/5.0 (Macintosh; Intel Mac OS X 10_15_7) AppleWebKit/537.36 (KHTML, like Gecko) Chrome/147.0.0.0 Safari/537.36
sec-ch-ua: "Google Chrome";v="147", "Not.A/Brand";v="8", "Chromium";v="147"
sec-ch-ua-mobile: ?0
accept: */*
origin: http://localhost:3000
sec-fetch-site: same-site
sec-fetch-mode: cors
sec-fetch-dest: empty
referer: http://localhost:3000/
accept-encoding: gzip, deflate, br, zstd
accept-language: ko-KR,ko;q=0.9,en-US;q=0.8,en;q=0.7


Security filter chain: [
  DisableEncodeUrlFilter
  WebAsyncManagerIntegrationFilter
  SecurityContextHolderFilter
  HeaderWriterFilter
  CorsFilter
  CsrfFilter
  LogoutFilter
  JwtAuthenticationFilter
  RequestCacheAwareFilter
  SecurityContextHolderAwareRequestFilter
  AnonymousAuthenticationFilter
  ExceptionTranslationFilter
  AuthorizationFilter
]


************************************************************


15:15:29.236 [http-nio-8888-exec-10] DEBUG o.s.security.web.FilterChainProxy -- Securing GET /api/v1/task
15:15:29.237 [http-nio-8888-exec-8] DEBUG o.s.security.web.FilterChainProxy -- Securing GET /api/v1/task
15:15:29.238 [http-nio-8888-exec-8] DEBUG o.s.security.web.FilterChainProxy -- Secured GET /api/v1/task
15:15:29.238 [http-nio-8888-exec-10] DEBUG o.s.security.web.FilterChainProxy -- Secured GET /api/v1/task
15:15:29.239 [http-nio-8888-exec-8] DEBUG o.s.web.servlet.DispatcherServlet -- GET "/api/v1/task", parameters={}
15:15:29.239 [http-nio-8888-exec-10] DEBUG o.s.web.servlet.DispatcherServlet -- GET "/api/v1/task", parameters={}
15:15:29.240 [http-nio-8888-exec-8] DEBUG o.s.w.s.m.m.a.RequestMappingHandlerMapping -- Mapped to com.example.demo.todo.api.TodoApi#getTasks()
15:15:29.240 [http-nio-8888-exec-10] DEBUG o.s.w.s.m.m.a.RequestMappingHandlerMapping -- Mapped to com.example.demo.todo.api.TodoApi#getTasks()
15:15:29.246 [http-nio-8888-exec-8] DEBUG o.s.w.s.m.m.a.RequestResponseBodyMethodProcessor -- Using 'application/json', given [*/*] and supported [application/json, application/*+json]
15:15:29.248 [http-nio-8888-exec-10] DEBUG o.s.w.s.m.m.a.RequestResponseBodyMethodProcessor -- Using 'application/json', given [*/*] and supported [application/json, application/*+json]
15:15:29.253 [http-nio-8888-exec-8] DEBUG o.s.w.s.m.m.a.RequestResponseBodyMethodProcessor -- Writing [com.example.demo.util.AjaxResponse@162decc0]
15:15:29.253 [http-nio-8888-exec-10] DEBUG o.s.w.s.m.m.a.RequestResponseBodyMethodProcessor -- Writing [com.example.demo.util.AjaxResponse@7fb29db0]
15:15:29.254 [http-nio-8888-exec-8] DEBUG o.s.s.w.a.AnonymousAuthenticationFilter -- Set SecurityContextHolder to anonymous SecurityContext
15:15:29.254 [http-nio-8888-exec-10] DEBUG o.s.s.w.a.AnonymousAuthenticationFilter -- Set SecurityContextHolder to anonymous SecurityContext
15:15:29.255 [http-nio-8888-exec-10] DEBUG o.s.web.servlet.DispatcherServlet -- Completed 200 OK
15:15:29.255 [http-nio-8888-exec-8] DEBUG o.s.web.servlet.DispatcherServlet -- Completed 200 OK
15:15:33.241 [http-nio-8888-exec-3] INFO  Spring Security Debugger -- 

************************************************************

Request received for OPTIONS '/api/v1/task':

org.apache.catalina.connector.RequestFacade@51706644

servletPath:/api/v1/task
pathInfo:null
headers: 
host: localhost:8888
connection: keep-alive
accept: */*
access-control-request-method: PUT
origin: http://localhost:3000
user-agent: Mozilla/5.0 (Macintosh; Intel Mac OS X 10_15_7) AppleWebKit/537.36 (KHTML, like Gecko) Chrome/147.0.0.0 Safari/537.36
sec-fetch-mode: cors
sec-fetch-site: same-site
sec-fetch-dest: empty
referer: http://localhost:3000/
accept-encoding: gzip, deflate, br, zstd
accept-language: ko-KR,ko;q=0.9,en-US;q=0.8,en;q=0.7


Security filter chain: [
  DisableEncodeUrlFilter
  WebAsyncManagerIntegrationFilter
  SecurityContextHolderFilter
  HeaderWriterFilter
  CorsFilter
  CsrfFilter
  LogoutFilter
  JwtAuthenticationFilter
  RequestCacheAwareFilter
  SecurityContextHolderAwareRequestFilter
  AnonymousAuthenticationFilter
  ExceptionTranslationFilter
  AuthorizationFilter
]


************************************************************


15:15:33.241 [http-nio-8888-exec-3] DEBUG o.s.security.web.FilterChainProxy -- Securing OPTIONS /api/v1/task
15:15:33.246 [http-nio-8888-exec-1] INFO  Spring Security Debugger -- 

************************************************************

Request received for PUT '/api/v1/task':

org.apache.catalina.connector.RequestFacade@61931e19

servletPath:/api/v1/task
pathInfo:null
headers: 
host: localhost:8888
connection: keep-alive
content-length: 0
sec-ch-ua-platform: "macOS"
user-agent: Mozilla/5.0 (Macintosh; Intel Mac OS X 10_15_7) AppleWebKit/537.36 (KHTML, like Gecko) Chrome/147.0.0.0 Safari/537.36
sec-ch-ua: "Google Chrome";v="147", "Not.A/Brand";v="8", "Chromium";v="147"
sec-ch-ua-mobile: ?0
accept: */*
origin: http://localhost:3000
sec-fetch-site: same-site
sec-fetch-mode: cors
sec-fetch-dest: empty
referer: http://localhost:3000/
accept-encoding: gzip, deflate, br, zstd
accept-language: ko-KR,ko;q=0.9,en-US;q=0.8,en;q=0.7


Security filter chain: [
  DisableEncodeUrlFilter
  WebAsyncManagerIntegrationFilter
  SecurityContextHolderFilter
  HeaderWriterFilter
  CorsFilter
  CsrfFilter
  LogoutFilter
  JwtAuthenticationFilter
  RequestCacheAwareFilter
  SecurityContextHolderAwareRequestFilter
  AnonymousAuthenticationFilter
  ExceptionTranslationFilter
  AuthorizationFilter
]


************************************************************


15:15:33.248 [http-nio-8888-exec-1] DEBUG o.s.security.web.FilterChainProxy -- Securing PUT /api/v1/task
15:15:33.249 [http-nio-8888-exec-1] DEBUG o.s.security.web.FilterChainProxy -- Secured PUT /api/v1/task
15:15:33.250 [http-nio-8888-exec-1] DEBUG o.s.web.servlet.DispatcherServlet -- PUT "/api/v1/task", parameters={}
15:15:33.251 [http-nio-8888-exec-1] DEBUG o.s.w.s.m.m.a.RequestMappingHandlerMapping -- Mapped to com.example.demo.todo.api.TodoApi#allDone()
15:15:33.259 [http-nio-8888-exec-1] DEBUG o.s.w.s.m.m.a.RequestResponseBodyMethodProcessor -- Using 'application/json', given [*/*] and supported [application/json, application/*+json]
15:15:33.259 [http-nio-8888-exec-1] DEBUG o.s.w.s.m.m.a.RequestResponseBodyMethodProcessor -- Writing [com.example.demo.util.AjaxResponse@3ae09f06]
15:15:33.261 [http-nio-8888-exec-1] DEBUG o.s.s.w.a.AnonymousAuthenticationFilter -- Set SecurityContextHolder to anonymous SecurityContext
15:15:33.261 [http-nio-8888-exec-1] DEBUG o.s.web.servlet.DispatcherServlet -- Completed 200 OK
15:15:33.265 [http-nio-8888-exec-5] INFO  Spring Security Debugger -- 

************************************************************

Request received for GET '/api/v1/task':

org.apache.catalina.connector.RequestFacade@1e4b8598

servletPath:/api/v1/task
pathInfo:null
headers: 
host: localhost:8888
connection: keep-alive
sec-ch-ua-platform: "macOS"
user-agent: Mozilla/5.0 (Macintosh; Intel Mac OS X 10_15_7) AppleWebKit/537.36 (KHTML, like Gecko) Chrome/147.0.0.0 Safari/537.36
sec-ch-ua: "Google Chrome";v="147", "Not.A/Brand";v="8", "Chromium";v="147"
sec-ch-ua-mobile: ?0
accept: */*
origin: http://localhost:3000
sec-fetch-site: same-site
sec-fetch-mode: cors
sec-fetch-dest: empty
referer: http://localhost:3000/
accept-encoding: gzip, deflate, br, zstd
accept-language: ko-KR,ko;q=0.9,en-US;q=0.8,en;q=0.7


Security filter chain: [
  DisableEncodeUrlFilter
  WebAsyncManagerIntegrationFilter
  SecurityContextHolderFilter
  HeaderWriterFilter
  CorsFilter
  CsrfFilter
  LogoutFilter
  JwtAuthenticationFilter
  RequestCacheAwareFilter
  SecurityContextHolderAwareRequestFilter
  AnonymousAuthenticationFilter
  ExceptionTranslationFilter
  AuthorizationFilter
]


************************************************************


15:15:33.269 [http-nio-8888-exec-5] DEBUG o.s.security.web.FilterChainProxy -- Securing GET /api/v1/task
15:15:33.271 [http-nio-8888-exec-5] DEBUG o.s.security.web.FilterChainProxy -- Secured GET /api/v1/task
15:15:33.271 [http-nio-8888-exec-5] DEBUG o.s.web.servlet.DispatcherServlet -- GET "/api/v1/task", parameters={}
15:15:33.272 [http-nio-8888-exec-5] DEBUG o.s.w.s.m.m.a.RequestMappingHandlerMapping -- Mapped to com.example.demo.todo.api.TodoApi#getTasks()
15:15:33.273 [http-nio-8888-exec-5] DEBUG o.s.w.s.m.m.a.RequestResponseBodyMethodProcessor -- Using 'application/json', given [*/*] and supported [application/json, application/*+json]
15:15:33.273 [http-nio-8888-exec-5] DEBUG o.s.w.s.m.m.a.RequestResponseBodyMethodProcessor -- Writing [com.example.demo.util.AjaxResponse@7add5b0a]
15:15:33.274 [http-nio-8888-exec-5] DEBUG o.s.s.w.a.AnonymousAuthenticationFilter -- Set SecurityContextHolder to anonymous SecurityContext
15:15:33.275 [http-nio-8888-exec-5] DEBUG o.s.web.servlet.DispatcherServlet -- Completed 200 OK
15:15:55.318 [http-nio-8888-exec-2] INFO  Spring Security Debugger -- 

************************************************************

Request received for OPTIONS '/api/v1/task':

org.apache.catalina.connector.RequestFacade@5950404f

servletPath:/api/v1/task
pathInfo:null
headers: 
host: localhost:8888
connection: keep-alive
accept: */*
access-control-request-method: POST
access-control-request-headers: content-type
origin: http://localhost:3000
user-agent: Mozilla/5.0 (Macintosh; Intel Mac OS X 10_15_7) AppleWebKit/537.36 (KHTML, like Gecko) Chrome/147.0.0.0 Safari/537.36
sec-fetch-mode: cors
sec-fetch-site: same-site
sec-fetch-dest: empty
referer: http://localhost:3000/
accept-encoding: gzip, deflate, br, zstd
accept-language: ko-KR,ko;q=0.9,en-US;q=0.8,en;q=0.7


Security filter chain: [
  DisableEncodeUrlFilter
  WebAsyncManagerIntegrationFilter
  SecurityContextHolderFilter
  HeaderWriterFilter
  CorsFilter
  CsrfFilter
  LogoutFilter
  JwtAuthenticationFilter
  RequestCacheAwareFilter
  SecurityContextHolderAwareRequestFilter
  AnonymousAuthenticationFilter
  ExceptionTranslationFilter
  AuthorizationFilter
]


************************************************************


15:15:55.321 [http-nio-8888-exec-2] DEBUG o.s.security.web.FilterChainProxy -- Securing OPTIONS /api/v1/task
15:15:55.318 [http-nio-8888-exec-6] INFO  Spring Security Debugger -- 

************************************************************

Request received for GET '/api/v1/task':

org.apache.catalina.connector.RequestFacade@1ce84d1a

servletPath:/api/v1/task
pathInfo:null
headers: 
host: localhost:8888
connection: keep-alive
sec-ch-ua-platform: "macOS"
user-agent: Mozilla/5.0 (Macintosh; Intel Mac OS X 10_15_7) AppleWebKit/537.36 (KHTML, like Gecko) Chrome/147.0.0.0 Safari/537.36
sec-ch-ua: "Google Chrome";v="147", "Not.A/Brand";v="8", "Chromium";v="147"
sec-ch-ua-mobile: ?0
accept: */*
origin: http://localhost:3000
sec-fetch-site: same-site
sec-fetch-mode: cors
sec-fetch-dest: empty
referer: http://localhost:3000/
accept-encoding: gzip, deflate, br, zstd
accept-language: ko-KR,ko;q=0.9,en-US;q=0.8,en;q=0.7


Security filter chain: [
  DisableEncodeUrlFilter
  WebAsyncManagerIntegrationFilter
  SecurityContextHolderFilter
  HeaderWriterFilter
  CorsFilter
  CsrfFilter
  LogoutFilter
  JwtAuthenticationFilter
  RequestCacheAwareFilter
  SecurityContextHolderAwareRequestFilter
  AnonymousAuthenticationFilter
  ExceptionTranslationFilter
  AuthorizationFilter
]


************************************************************


15:15:55.322 [http-nio-8888-exec-6] DEBUG o.s.security.web.FilterChainProxy -- Securing GET /api/v1/task
15:15:55.323 [http-nio-8888-exec-6] DEBUG o.s.security.web.FilterChainProxy -- Secured GET /api/v1/task
15:15:55.323 [http-nio-8888-exec-6] DEBUG o.s.web.servlet.DispatcherServlet -- GET "/api/v1/task", parameters={}
15:15:55.324 [http-nio-8888-exec-6] DEBUG o.s.w.s.m.m.a.RequestMappingHandlerMapping -- Mapped to com.example.demo.todo.api.TodoApi#getTasks()
15:15:55.327 [http-nio-8888-exec-4] INFO  Spring Security Debugger -- 

************************************************************

Request received for POST '/api/v1/task':

org.apache.catalina.connector.RequestFacade@12d9631e

servletPath:/api/v1/task
pathInfo:null
headers: 
host: localhost:8888
connection: keep-alive
content-length: 130
sec-ch-ua-platform: "macOS"
user-agent: Mozilla/5.0 (Macintosh; Intel Mac OS X 10_15_7) AppleWebKit/537.36 (KHTML, like Gecko) Chrome/147.0.0.0 Safari/537.36
sec-ch-ua: "Google Chrome";v="147", "Not.A/Brand";v="8", "Chromium";v="147"
content-type: application/json
sec-ch-ua-mobile: ?0
accept: */*
origin: http://localhost:3000
sec-fetch-site: same-site
sec-fetch-mode: cors
sec-fetch-dest: empty
referer: http://localhost:3000/
accept-encoding: gzip, deflate, br, zstd
accept-language: ko-KR,ko;q=0.9,en-US;q=0.8,en;q=0.7


Security filter chain: [
  DisableEncodeUrlFilter
  WebAsyncManagerIntegrationFilter
  SecurityContextHolderFilter
  HeaderWriterFilter
  CorsFilter
  CsrfFilter
  LogoutFilter
  JwtAuthenticationFilter
  RequestCacheAwareFilter
  SecurityContextHolderAwareRequestFilter
  AnonymousAuthenticationFilter
  ExceptionTranslationFilter
  AuthorizationFilter
]


************************************************************


15:15:55.329 [http-nio-8888-exec-4] DEBUG o.s.security.web.FilterChainProxy -- Securing POST /api/v1/task
15:15:55.330 [http-nio-8888-exec-4] DEBUG o.s.security.web.FilterChainProxy -- Secured POST /api/v1/task
15:15:55.330 [http-nio-8888-exec-4] DEBUG o.s.web.servlet.DispatcherServlet -- POST "/api/v1/task", parameters={}
15:15:55.330 [http-nio-8888-exec-6] DEBUG o.s.w.s.m.m.a.RequestResponseBodyMethodProcessor -- Using 'application/json', given [*/*] and supported [application/json, application/*+json]
15:15:55.330 [http-nio-8888-exec-4] DEBUG o.s.w.s.m.m.a.RequestMappingHandlerMapping -- Mapped to com.example.demo.todo.api.TodoApi#addTask(TodoVO)
15:15:55.331 [http-nio-8888-exec-6] DEBUG o.s.w.s.m.m.a.RequestResponseBodyMethodProcessor -- Writing [com.example.demo.util.AjaxResponse@780fe07e]
15:15:55.333 [http-nio-8888-exec-6] DEBUG o.s.s.w.a.AnonymousAuthenticationFilter -- Set SecurityContextHolder to anonymous SecurityContext
15:15:55.333 [http-nio-8888-exec-6] DEBUG o.s.web.servlet.DispatcherServlet -- Completed 200 OK
15:15:55.333 [http-nio-8888-exec-4] DEBUG o.s.w.s.m.m.a.RequestResponseBodyMethodProcessor -- Read "application/json;charset=UTF-8" to [{"task":"더말할것없어너와나벌써이미끝난사랑인걸알면서","dueDate":"2026-12-30","priority":"2","isDone":false}]
15:15:55.343 [http-nio-8888-exec-4] DEBUG o.s.w.s.m.m.a.RequestResponseBodyMethodProcessor -- Using 'application/json', given [*/*] and supported [application/json, application/*+json]
15:15:55.343 [http-nio-8888-exec-4] DEBUG o.s.w.s.m.m.a.RequestResponseBodyMethodProcessor -- Writing [com.example.demo.util.AjaxResponse@544d5e3]
15:15:55.344 [http-nio-8888-exec-4] DEBUG o.s.s.w.a.AnonymousAuthenticationFilter -- Set SecurityContextHolder to anonymous SecurityContext
15:15:55.346 [http-nio-8888-exec-4] DEBUG o.s.web.servlet.DispatcherServlet -- Completed 200 OK
15:15:58.280 [http-nio-8888-exec-9] INFO  Spring Security Debugger -- 

************************************************************

Request received for GET '/api/v1/task':

org.apache.catalina.connector.RequestFacade@39f3abef

servletPath:/api/v1/task
pathInfo:null
headers: 
host: localhost:8888
connection: keep-alive
sec-ch-ua-platform: "macOS"
user-agent: Mozilla/5.0 (Macintosh; Intel Mac OS X 10_15_7) AppleWebKit/537.36 (KHTML, like Gecko) Chrome/147.0.0.0 Safari/537.36
sec-ch-ua: "Google Chrome";v="147", "Not.A/Brand";v="8", "Chromium";v="147"
sec-ch-ua-mobile: ?0
accept: */*
origin: http://localhost:3000
sec-fetch-site: same-site
sec-fetch-mode: cors
sec-fetch-dest: empty
referer: http://localhost:3000/
accept-encoding: gzip, deflate, br, zstd
accept-language: ko-KR,ko;q=0.9,en-US;q=0.8,en;q=0.7


Security filter chain: [
  DisableEncodeUrlFilter
  WebAsyncManagerIntegrationFilter
  SecurityContextHolderFilter
  HeaderWriterFilter
  CorsFilter
  CsrfFilter
  LogoutFilter
  JwtAuthenticationFilter
  RequestCacheAwareFilter
  SecurityContextHolderAwareRequestFilter
  AnonymousAuthenticationFilter
  ExceptionTranslationFilter
  AuthorizationFilter
]


************************************************************


15:15:58.282 [http-nio-8888-exec-9] DEBUG o.s.security.web.FilterChainProxy -- Securing GET /api/v1/task
15:15:58.285 [http-nio-8888-exec-9] DEBUG o.s.security.web.FilterChainProxy -- Secured GET /api/v1/task
15:15:58.286 [http-nio-8888-exec-9] DEBUG o.s.web.servlet.DispatcherServlet -- GET "/api/v1/task", parameters={}
15:15:58.286 [http-nio-8888-exec-9] DEBUG o.s.w.s.m.m.a.RequestMappingHandlerMapping -- Mapped to com.example.demo.todo.api.TodoApi#getTasks()
15:15:58.290 [http-nio-8888-exec-9] DEBUG o.s.w.s.m.m.a.RequestResponseBodyMethodProcessor -- Using 'application/json', given [*/*] and supported [application/json, application/*+json]
15:15:58.291 [http-nio-8888-exec-9] DEBUG o.s.w.s.m.m.a.RequestResponseBodyMethodProcessor -- Writing [com.example.demo.util.AjaxResponse@275d58ab]
15:15:58.293 [http-nio-8888-exec-9] DEBUG o.s.s.w.a.AnonymousAuthenticationFilter -- Set SecurityContextHolder to anonymous SecurityContext
15:15:58.293 [http-nio-8888-exec-9] DEBUG o.s.web.servlet.DispatcherServlet -- Completed 200 OK
15:15:58.299 [http-nio-8888-exec-7] INFO  Spring Security Debugger -- 

************************************************************

Request received for GET '/api/v1/task':

org.apache.catalina.connector.RequestFacade@5b8bc520

servletPath:/api/v1/task
pathInfo:null
headers: 
host: localhost:8888
connection: keep-alive
sec-ch-ua-platform: "macOS"
user-agent: Mozilla/5.0 (Macintosh; Intel Mac OS X 10_15_7) AppleWebKit/537.36 (KHTML, like Gecko) Chrome/147.0.0.0 Safari/537.36
sec-ch-ua: "Google Chrome";v="147", "Not.A/Brand";v="8", "Chromium";v="147"
sec-ch-ua-mobile: ?0
accept: */*
origin: http://localhost:3000
sec-fetch-site: same-site
sec-fetch-mode: cors
sec-fetch-dest: empty
referer: http://localhost:3000/
accept-encoding: gzip, deflate, br, zstd
accept-language: ko-KR,ko;q=0.9,en-US;q=0.8,en;q=0.7


Security filter chain: [
  DisableEncodeUrlFilter
  WebAsyncManagerIntegrationFilter
  SecurityContextHolderFilter
  HeaderWriterFilter
  CorsFilter
  CsrfFilter
  LogoutFilter
  JwtAuthenticationFilter
  RequestCacheAwareFilter
  SecurityContextHolderAwareRequestFilter
  AnonymousAuthenticationFilter
  ExceptionTranslationFilter
  AuthorizationFilter
]


************************************************************


15:15:58.301 [http-nio-8888-exec-7] DEBUG o.s.security.web.FilterChainProxy -- Securing GET /api/v1/task
15:15:58.301 [http-nio-8888-exec-7] DEBUG o.s.security.web.FilterChainProxy -- Secured GET /api/v1/task
15:15:58.302 [http-nio-8888-exec-7] DEBUG o.s.web.servlet.DispatcherServlet -- GET "/api/v1/task", parameters={}
15:15:58.302 [http-nio-8888-exec-7] DEBUG o.s.w.s.m.m.a.RequestMappingHandlerMapping -- Mapped to com.example.demo.todo.api.TodoApi#getTasks()
15:15:58.303 [http-nio-8888-exec-7] DEBUG o.s.w.s.m.m.a.RequestResponseBodyMethodProcessor -- Using 'application/json', given [*/*] and supported [application/json, application/*+json]
15:15:58.304 [http-nio-8888-exec-7] DEBUG o.s.w.s.m.m.a.RequestResponseBodyMethodProcessor -- Writing [com.example.demo.util.AjaxResponse@4595dd00]
15:15:58.305 [http-nio-8888-exec-7] DEBUG o.s.s.w.a.AnonymousAuthenticationFilter -- Set SecurityContextHolder to anonymous SecurityContext
15:15:58.305 [http-nio-8888-exec-7] DEBUG o.s.web.servlet.DispatcherServlet -- Completed 200 OK
15:17:04.783 [http-nio-8888-exec-3] INFO  Spring Security Debugger -- 

************************************************************

Request received for OPTIONS '/api/v1/task/task_12':

org.apache.catalina.connector.RequestFacade@37b0a8a3

servletPath:/api/v1/task/task_12
pathInfo:null
headers: 
host: localhost:8888
connection: keep-alive
accept: */*
access-control-request-method: PUT
origin: http://localhost:3000
user-agent: Mozilla/5.0 (Macintosh; Intel Mac OS X 10_15_7) AppleWebKit/537.36 (KHTML, like Gecko) Chrome/147.0.0.0 Safari/537.36
sec-fetch-mode: cors
sec-fetch-site: same-site
sec-fetch-dest: empty
referer: http://localhost:3000/
accept-encoding: gzip, deflate, br, zstd
accept-language: ko-KR,ko;q=0.9,en-US;q=0.8,en;q=0.7


Security filter chain: [
  DisableEncodeUrlFilter
  WebAsyncManagerIntegrationFilter
  SecurityContextHolderFilter
  HeaderWriterFilter
  CorsFilter
  CsrfFilter
  LogoutFilter
  JwtAuthenticationFilter
  RequestCacheAwareFilter
  SecurityContextHolderAwareRequestFilter
  AnonymousAuthenticationFilter
  ExceptionTranslationFilter
  AuthorizationFilter
]


************************************************************


15:17:04.786 [http-nio-8888-exec-3] DEBUG o.s.security.web.FilterChainProxy -- Securing OPTIONS /api/v1/task/task_12
15:17:04.790 [http-nio-8888-exec-1] INFO  Spring Security Debugger -- 

************************************************************

Request received for PUT '/api/v1/task/task_12':

org.apache.catalina.connector.RequestFacade@7cac8f49

servletPath:/api/v1/task/task_12
pathInfo:null
headers: 
host: localhost:8888
connection: keep-alive
content-length: 0
sec-ch-ua-platform: "macOS"
user-agent: Mozilla/5.0 (Macintosh; Intel Mac OS X 10_15_7) AppleWebKit/537.36 (KHTML, like Gecko) Chrome/147.0.0.0 Safari/537.36
sec-ch-ua: "Google Chrome";v="147", "Not.A/Brand";v="8", "Chromium";v="147"
sec-ch-ua-mobile: ?0
accept: */*
origin: http://localhost:3000
sec-fetch-site: same-site
sec-fetch-mode: cors
sec-fetch-dest: empty
referer: http://localhost:3000/
accept-encoding: gzip, deflate, br, zstd
accept-language: ko-KR,ko;q=0.9,en-US;q=0.8,en;q=0.7


Security filter chain: [
  DisableEncodeUrlFilter
  WebAsyncManagerIntegrationFilter
  SecurityContextHolderFilter
  HeaderWriterFilter
  CorsFilter
  CsrfFilter
  LogoutFilter
  JwtAuthenticationFilter
  RequestCacheAwareFilter
  SecurityContextHolderAwareRequestFilter
  AnonymousAuthenticationFilter
  ExceptionTranslationFilter
  AuthorizationFilter
]


************************************************************


15:17:04.791 [http-nio-8888-exec-1] DEBUG o.s.security.web.FilterChainProxy -- Securing PUT /api/v1/task/task_12
15:17:04.792 [http-nio-8888-exec-1] DEBUG o.s.security.web.FilterChainProxy -- Secured PUT /api/v1/task/task_12
15:17:04.793 [http-nio-8888-exec-1] DEBUG o.s.web.servlet.DispatcherServlet -- PUT "/api/v1/task/task_12", parameters={}
15:17:04.793 [http-nio-8888-exec-1] DEBUG o.s.w.s.m.m.a.RequestMappingHandlerMapping -- Mapped to com.example.demo.todo.api.TodoApi#done(String)
15:17:04.806 [http-nio-8888-exec-1] DEBUG o.s.w.s.m.m.a.RequestResponseBodyMethodProcessor -- Using 'application/json', given [*/*] and supported [application/json, application/*+json]
15:17:04.807 [http-nio-8888-exec-1] DEBUG o.s.w.s.m.m.a.RequestResponseBodyMethodProcessor -- Writing [com.example.demo.util.AjaxResponse@216c6c9b]
15:17:04.808 [http-nio-8888-exec-1] DEBUG o.s.s.w.a.AnonymousAuthenticationFilter -- Set SecurityContextHolder to anonymous SecurityContext
15:17:04.808 [http-nio-8888-exec-1] DEBUG o.s.web.servlet.DispatcherServlet -- Completed 200 OK
15:17:04.811 [http-nio-8888-exec-5] INFO  Spring Security Debugger -- 

************************************************************

Request received for GET '/api/v1/task':

org.apache.catalina.connector.RequestFacade@63be6bd1

servletPath:/api/v1/task
pathInfo:null
headers: 
host: localhost:8888
connection: keep-alive
sec-ch-ua-platform: "macOS"
user-agent: Mozilla/5.0 (Macintosh; Intel Mac OS X 10_15_7) AppleWebKit/537.36 (KHTML, like Gecko) Chrome/147.0.0.0 Safari/537.36
sec-ch-ua: "Google Chrome";v="147", "Not.A/Brand";v="8", "Chromium";v="147"
sec-ch-ua-mobile: ?0
accept: */*
origin: http://localhost:3000
sec-fetch-site: same-site
sec-fetch-mode: cors
sec-fetch-dest: empty
referer: http://localhost:3000/
accept-encoding: gzip, deflate, br, zstd
accept-language: ko-KR,ko;q=0.9,en-US;q=0.8,en;q=0.7


Security filter chain: [
  DisableEncodeUrlFilter
  WebAsyncManagerIntegrationFilter
  SecurityContextHolderFilter
  HeaderWriterFilter
  CorsFilter
  CsrfFilter
  LogoutFilter
  JwtAuthenticationFilter
  RequestCacheAwareFilter
  SecurityContextHolderAwareRequestFilter
  AnonymousAuthenticationFilter
  ExceptionTranslationFilter
  AuthorizationFilter
]


************************************************************


15:17:04.812 [http-nio-8888-exec-5] DEBUG o.s.security.web.FilterChainProxy -- Securing GET /api/v1/task
15:17:04.812 [http-nio-8888-exec-5] DEBUG o.s.security.web.FilterChainProxy -- Secured GET /api/v1/task
15:17:04.812 [http-nio-8888-exec-5] DEBUG o.s.web.servlet.DispatcherServlet -- GET "/api/v1/task", parameters={}
15:17:04.813 [http-nio-8888-exec-5] DEBUG o.s.w.s.m.m.a.RequestMappingHandlerMapping -- Mapped to com.example.demo.todo.api.TodoApi#getTasks()
15:17:04.814 [http-nio-8888-exec-5] DEBUG o.s.w.s.m.m.a.RequestResponseBodyMethodProcessor -- Using 'application/json', given [*/*] and supported [application/json, application/*+json]
15:17:04.814 [http-nio-8888-exec-5] DEBUG o.s.w.s.m.m.a.RequestResponseBodyMethodProcessor -- Writing [com.example.demo.util.AjaxResponse@449d0e93]
15:17:04.815 [http-nio-8888-exec-5] DEBUG o.s.s.w.a.AnonymousAuthenticationFilter -- Set SecurityContextHolder to anonymous SecurityContext
15:17:04.815 [http-nio-8888-exec-5] DEBUG o.s.web.servlet.DispatcherServlet -- Completed 200 OK
15:17:05.964 [http-nio-8888-exec-2] INFO  Spring Security Debugger -- 

************************************************************

Request received for GET '/api/v1/task':

org.apache.catalina.connector.RequestFacade@bb9eec4

servletPath:/api/v1/task
pathInfo:null
headers: 
host: localhost:8888
connection: keep-alive
sec-ch-ua-platform: "macOS"
user-agent: Mozilla/5.0 (Macintosh; Intel Mac OS X 10_15_7) AppleWebKit/537.36 (KHTML, like Gecko) Chrome/147.0.0.0 Safari/537.36
sec-ch-ua: "Google Chrome";v="147", "Not.A/Brand";v="8", "Chromium";v="147"
sec-ch-ua-mobile: ?0
accept: */*
origin: http://localhost:3000
sec-fetch-site: same-site
sec-fetch-mode: cors
sec-fetch-dest: empty
referer: http://localhost:3000/
accept-encoding: gzip, deflate, br, zstd
accept-language: ko-KR,ko;q=0.9,en-US;q=0.8,en;q=0.7


Security filter chain: [
  DisableEncodeUrlFilter
  WebAsyncManagerIntegrationFilter
  SecurityContextHolderFilter
  HeaderWriterFilter
  CorsFilter
  CsrfFilter
  LogoutFilter
  JwtAuthenticationFilter
  RequestCacheAwareFilter
  SecurityContextHolderAwareRequestFilter
  AnonymousAuthenticationFilter
  ExceptionTranslationFilter
  AuthorizationFilter
]


************************************************************


15:17:05.965 [http-nio-8888-exec-2] DEBUG o.s.security.web.FilterChainProxy -- Securing GET /api/v1/task
15:17:05.965 [http-nio-8888-exec-2] DEBUG o.s.security.web.FilterChainProxy -- Secured GET /api/v1/task
15:17:05.966 [http-nio-8888-exec-2] DEBUG o.s.web.servlet.DispatcherServlet -- GET "/api/v1/task", parameters={}
15:17:05.966 [http-nio-8888-exec-2] DEBUG o.s.w.s.m.m.a.RequestMappingHandlerMapping -- Mapped to com.example.demo.todo.api.TodoApi#getTasks()
15:17:05.970 [http-nio-8888-exec-2] DEBUG o.s.w.s.m.m.a.RequestResponseBodyMethodProcessor -- Using 'application/json', given [*/*] and supported [application/json, application/*+json]
15:17:05.971 [http-nio-8888-exec-2] DEBUG o.s.w.s.m.m.a.RequestResponseBodyMethodProcessor -- Writing [com.example.demo.util.AjaxResponse@1d5e5208]
15:17:05.974 [http-nio-8888-exec-2] DEBUG o.s.s.w.a.AnonymousAuthenticationFilter -- Set SecurityContextHolder to anonymous SecurityContext
15:17:05.975 [http-nio-8888-exec-2] DEBUG o.s.web.servlet.DispatcherServlet -- Completed 200 OK
15:17:05.977 [http-nio-8888-exec-6] INFO  Spring Security Debugger -- 

************************************************************

Request received for GET '/api/v1/task':

org.apache.catalina.connector.RequestFacade@5d7dcc09

servletPath:/api/v1/task
pathInfo:null
headers: 
host: localhost:8888
connection: keep-alive
sec-ch-ua-platform: "macOS"
user-agent: Mozilla/5.0 (Macintosh; Intel Mac OS X 10_15_7) AppleWebKit/537.36 (KHTML, like Gecko) Chrome/147.0.0.0 Safari/537.36
sec-ch-ua: "Google Chrome";v="147", "Not.A/Brand";v="8", "Chromium";v="147"
sec-ch-ua-mobile: ?0
accept: */*
origin: http://localhost:3000
sec-fetch-site: same-site
sec-fetch-mode: cors
sec-fetch-dest: empty
referer: http://localhost:3000/
accept-encoding: gzip, deflate, br, zstd
accept-language: ko-KR,ko;q=0.9,en-US;q=0.8,en;q=0.7


Security filter chain: [
  DisableEncodeUrlFilter
  WebAsyncManagerIntegrationFilter
  SecurityContextHolderFilter
  HeaderWriterFilter
  CorsFilter
  CsrfFilter
  LogoutFilter
  JwtAuthenticationFilter
  RequestCacheAwareFilter
  SecurityContextHolderAwareRequestFilter
  AnonymousAuthenticationFilter
  ExceptionTranslationFilter
  AuthorizationFilter
]


************************************************************


15:17:05.977 [http-nio-8888-exec-6] DEBUG o.s.security.web.FilterChainProxy -- Securing GET /api/v1/task
15:17:05.978 [http-nio-8888-exec-6] DEBUG o.s.security.web.FilterChainProxy -- Secured GET /api/v1/task
15:17:05.979 [http-nio-8888-exec-6] DEBUG o.s.web.servlet.DispatcherServlet -- GET "/api/v1/task", parameters={}
15:17:05.979 [http-nio-8888-exec-6] DEBUG o.s.w.s.m.m.a.RequestMappingHandlerMapping -- Mapped to com.example.demo.todo.api.TodoApi#getTasks()
15:17:05.981 [http-nio-8888-exec-6] DEBUG o.s.w.s.m.m.a.RequestResponseBodyMethodProcessor -- Using 'application/json', given [*/*] and supported [application/json, application/*+json]
15:17:05.982 [http-nio-8888-exec-6] DEBUG o.s.w.s.m.m.a.RequestResponseBodyMethodProcessor -- Writing [com.example.demo.util.AjaxResponse@53c0a059]
15:17:05.983 [http-nio-8888-exec-6] DEBUG o.s.s.w.a.AnonymousAuthenticationFilter -- Set SecurityContextHolder to anonymous SecurityContext
15:17:05.983 [http-nio-8888-exec-6] DEBUG o.s.web.servlet.DispatcherServlet -- Completed 200 OK
15:18:16.162 [http-nio-8888-exec-7] INFO  Spring Security Debugger -- 

************************************************************

Request received for OPTIONS '/api/v1/task':

org.apache.catalina.connector.RequestFacade@1fc93335

servletPath:/api/v1/task
pathInfo:null
headers: 
host: localhost:8888
connection: keep-alive
accept: */*
access-control-request-method: POST
access-control-request-headers: content-type
origin: http://localhost:3000
user-agent: Mozilla/5.0 (Macintosh; Intel Mac OS X 10_15_7) AppleWebKit/537.36 (KHTML, like Gecko) Chrome/147.0.0.0 Safari/537.36
sec-fetch-mode: cors
sec-fetch-site: same-site
sec-fetch-dest: empty
referer: http://localhost:3000/
accept-encoding: gzip, deflate, br, zstd
accept-language: ko-KR,ko;q=0.9,en-US;q=0.8,en;q=0.7


Security filter chain: [
  DisableEncodeUrlFilter
  WebAsyncManagerIntegrationFilter
  SecurityContextHolderFilter
  HeaderWriterFilter
  CorsFilter
  CsrfFilter
  LogoutFilter
  JwtAuthenticationFilter
  RequestCacheAwareFilter
  SecurityContextHolderAwareRequestFilter
  AnonymousAuthenticationFilter
  ExceptionTranslationFilter
  AuthorizationFilter
]


************************************************************


15:18:16.166 [http-nio-8888-exec-7] DEBUG o.s.security.web.FilterChainProxy -- Securing OPTIONS /api/v1/task
15:18:16.171 [http-nio-8888-exec-10] INFO  Spring Security Debugger -- 

************************************************************

Request received for POST '/api/v1/task':

org.apache.catalina.connector.RequestFacade@656aee0d

servletPath:/api/v1/task
pathInfo:null
headers: 
host: localhost:8888
connection: keep-alive
content-length: 128
sec-ch-ua-platform: "macOS"
user-agent: Mozilla/5.0 (Macintosh; Intel Mac OS X 10_15_7) AppleWebKit/537.36 (KHTML, like Gecko) Chrome/147.0.0.0 Safari/537.36
sec-ch-ua: "Google Chrome";v="147", "Not.A/Brand";v="8", "Chromium";v="147"
content-type: application/json
sec-ch-ua-mobile: ?0
accept: */*
origin: http://localhost:3000
sec-fetch-site: same-site
sec-fetch-mode: cors
sec-fetch-dest: empty
referer: http://localhost:3000/
accept-encoding: gzip, deflate, br, zstd
accept-language: ko-KR,ko;q=0.9,en-US;q=0.8,en;q=0.7


Security filter chain: [
  DisableEncodeUrlFilter
  WebAsyncManagerIntegrationFilter
  SecurityContextHolderFilter
  HeaderWriterFilter
  CorsFilter
  CsrfFilter
  LogoutFilter
  JwtAuthenticationFilter
  RequestCacheAwareFilter
  SecurityContextHolderAwareRequestFilter
  AnonymousAuthenticationFilter
  ExceptionTranslationFilter
  AuthorizationFilter
]


************************************************************


15:18:16.171 [http-nio-8888-exec-10] DEBUG o.s.security.web.FilterChainProxy -- Securing POST /api/v1/task
15:18:16.172 [http-nio-8888-exec-10] DEBUG o.s.security.web.FilterChainProxy -- Secured POST /api/v1/task
15:18:16.173 [http-nio-8888-exec-10] DEBUG o.s.web.servlet.DispatcherServlet -- POST "/api/v1/task", parameters={}
15:18:16.173 [http-nio-8888-exec-10] DEBUG o.s.w.s.m.m.a.RequestMappingHandlerMapping -- Mapped to com.example.demo.todo.api.TodoApi#addTask(TodoVO)
15:18:16.178 [http-nio-8888-exec-10] DEBUG o.s.w.s.m.m.a.RequestResponseBodyMethodProcessor -- Read "application/json;charset=UTF-8" to [{"task":"니앞에서무릎꿇은횟수그순간이댓스후아해잍유~","dueDate":"2026-04-09","priority":"3","isDone":false}]
15:18:16.185 [http-nio-8888-exec-10] DEBUG o.s.w.s.m.m.a.RequestResponseBodyMethodProcessor -- Using 'application/json', given [*/*] and supported [application/json, application/*+json]
15:18:16.185 [http-nio-8888-exec-10] DEBUG o.s.w.s.m.m.a.RequestResponseBodyMethodProcessor -- Writing [com.example.demo.util.AjaxResponse@c5514ad]
15:18:16.187 [http-nio-8888-exec-10] DEBUG o.s.s.w.a.AnonymousAuthenticationFilter -- Set SecurityContextHolder to anonymous SecurityContext
15:18:16.187 [http-nio-8888-exec-10] DEBUG o.s.web.servlet.DispatcherServlet -- Completed 200 OK
15:18:16.191 [http-nio-8888-exec-8] INFO  Spring Security Debugger -- 

************************************************************

Request received for GET '/api/v1/task':

org.apache.catalina.connector.RequestFacade@3795977

servletPath:/api/v1/task
pathInfo:null
headers: 
host: localhost:8888
connection: keep-alive
sec-ch-ua-platform: "macOS"
user-agent: Mozilla/5.0 (Macintosh; Intel Mac OS X 10_15_7) AppleWebKit/537.36 (KHTML, like Gecko) Chrome/147.0.0.0 Safari/537.36
sec-ch-ua: "Google Chrome";v="147", "Not.A/Brand";v="8", "Chromium";v="147"
sec-ch-ua-mobile: ?0
accept: */*
origin: http://localhost:3000
sec-fetch-site: same-site
sec-fetch-mode: cors
sec-fetch-dest: empty
referer: http://localhost:3000/
accept-encoding: gzip, deflate, br, zstd
accept-language: ko-KR,ko;q=0.9,en-US;q=0.8,en;q=0.7


Security filter chain: [
  DisableEncodeUrlFilter
  WebAsyncManagerIntegrationFilter
  SecurityContextHolderFilter
  HeaderWriterFilter
  CorsFilter
  CsrfFilter
  LogoutFilter
  JwtAuthenticationFilter
  RequestCacheAwareFilter
  SecurityContextHolderAwareRequestFilter
  AnonymousAuthenticationFilter
  ExceptionTranslationFilter
  AuthorizationFilter
]


************************************************************


15:18:16.191 [http-nio-8888-exec-8] DEBUG o.s.security.web.FilterChainProxy -- Securing GET /api/v1/task
15:18:16.192 [http-nio-8888-exec-8] DEBUG o.s.security.web.FilterChainProxy -- Secured GET /api/v1/task
15:18:16.192 [http-nio-8888-exec-8] DEBUG o.s.web.servlet.DispatcherServlet -- GET "/api/v1/task", parameters={}
15:18:16.192 [http-nio-8888-exec-8] DEBUG o.s.w.s.m.m.a.RequestMappingHandlerMapping -- Mapped to com.example.demo.todo.api.TodoApi#getTasks()
15:18:16.193 [http-nio-8888-exec-8] DEBUG o.s.w.s.m.m.a.RequestResponseBodyMethodProcessor -- Using 'application/json', given [*/*] and supported [application/json, application/*+json]
15:18:16.193 [http-nio-8888-exec-8] DEBUG o.s.w.s.m.m.a.RequestResponseBodyMethodProcessor -- Writing [com.example.demo.util.AjaxResponse@467ec6dc]
15:18:16.194 [http-nio-8888-exec-8] DEBUG o.s.s.w.a.AnonymousAuthenticationFilter -- Set SecurityContextHolder to anonymous SecurityContext
15:18:16.194 [http-nio-8888-exec-8] DEBUG o.s.web.servlet.DispatcherServlet -- Completed 200 OK
15:18:47.311 [http-nio-8888-exec-3] INFO  Spring Security Debugger -- 

************************************************************

Request received for OPTIONS '/api/v1/task':

org.apache.catalina.connector.RequestFacade@188c98b1

servletPath:/api/v1/task
pathInfo:null
headers: 
host: localhost:8888
connection: keep-alive
accept: */*
access-control-request-method: POST
access-control-request-headers: content-type
origin: http://localhost:3000
user-agent: Mozilla/5.0 (Macintosh; Intel Mac OS X 10_15_7) AppleWebKit/537.36 (KHTML, like Gecko) Chrome/147.0.0.0 Safari/537.36
sec-fetch-mode: cors
sec-fetch-site: same-site
sec-fetch-dest: empty
referer: http://localhost:3000/
accept-encoding: gzip, deflate, br, zstd
accept-language: ko-KR,ko;q=0.9,en-US;q=0.8,en;q=0.7


Security filter chain: [
  DisableEncodeUrlFilter
  WebAsyncManagerIntegrationFilter
  SecurityContextHolderFilter
  HeaderWriterFilter
  CorsFilter
  CsrfFilter
  LogoutFilter
  JwtAuthenticationFilter
  RequestCacheAwareFilter
  SecurityContextHolderAwareRequestFilter
  AnonymousAuthenticationFilter
  ExceptionTranslationFilter
  AuthorizationFilter
]


************************************************************


15:18:47.313 [http-nio-8888-exec-3] DEBUG o.s.security.web.FilterChainProxy -- Securing OPTIONS /api/v1/task
15:18:47.318 [http-nio-8888-exec-1] INFO  Spring Security Debugger -- 

************************************************************

Request received for POST '/api/v1/task':

org.apache.catalina.connector.RequestFacade@58f6dd79

servletPath:/api/v1/task
pathInfo:null
headers: 
host: localhost:8888
connection: keep-alive
content-length: 115
sec-ch-ua-platform: "macOS"
user-agent: Mozilla/5.0 (Macintosh; Intel Mac OS X 10_15_7) AppleWebKit/537.36 (KHTML, like Gecko) Chrome/147.0.0.0 Safari/537.36
sec-ch-ua: "Google Chrome";v="147", "Not.A/Brand";v="8", "Chromium";v="147"
content-type: application/json
sec-ch-ua-mobile: ?0
accept: */*
origin: http://localhost:3000
sec-fetch-site: same-site
sec-fetch-mode: cors
sec-fetch-dest: empty
referer: http://localhost:3000/
accept-encoding: gzip, deflate, br, zstd
accept-language: ko-KR,ko;q=0.9,en-US;q=0.8,en;q=0.7


Security filter chain: [
  DisableEncodeUrlFilter
  WebAsyncManagerIntegrationFilter
  SecurityContextHolderFilter
  HeaderWriterFilter
  CorsFilter
  CsrfFilter
  LogoutFilter
  JwtAuthenticationFilter
  RequestCacheAwareFilter
  SecurityContextHolderAwareRequestFilter
  AnonymousAuthenticationFilter
  ExceptionTranslationFilter
  AuthorizationFilter
]


************************************************************


15:18:47.319 [http-nio-8888-exec-1] DEBUG o.s.security.web.FilterChainProxy -- Securing POST /api/v1/task
15:18:47.320 [http-nio-8888-exec-1] DEBUG o.s.security.web.FilterChainProxy -- Secured POST /api/v1/task
15:18:47.321 [http-nio-8888-exec-1] DEBUG o.s.web.servlet.DispatcherServlet -- POST "/api/v1/task", parameters={}
15:18:47.322 [http-nio-8888-exec-1] DEBUG o.s.w.s.m.m.a.RequestMappingHandlerMapping -- Mapped to com.example.demo.todo.api.TodoApi#addTask(TodoVO)
15:18:47.328 [http-nio-8888-exec-1] DEBUG o.s.w.s.m.m.a.RequestResponseBodyMethodProcessor -- Read "application/json;charset=UTF-8" to [{"task":"여기까지만안녕또안녕floflofloladgggdragon","dueDate":"2026-04-09","priority":"1","isDone":false}]
15:18:47.335 [http-nio-8888-exec-1] DEBUG o.s.w.s.m.m.a.RequestResponseBodyMethodProcessor -- Using 'application/json', given [*/*] and supported [application/json, application/*+json]
15:18:47.335 [http-nio-8888-exec-1] DEBUG o.s.w.s.m.m.a.RequestResponseBodyMethodProcessor -- Writing [com.example.demo.util.AjaxResponse@665071ce]
15:18:47.336 [http-nio-8888-exec-1] DEBUG o.s.s.w.a.AnonymousAuthenticationFilter -- Set SecurityContextHolder to anonymous SecurityContext
15:18:47.337 [http-nio-8888-exec-1] DEBUG o.s.web.servlet.DispatcherServlet -- Completed 200 OK
15:18:47.340 [http-nio-8888-exec-5] INFO  Spring Security Debugger -- 

************************************************************

Request received for GET '/api/v1/task':

org.apache.catalina.connector.RequestFacade@6b834dd

servletPath:/api/v1/task
pathInfo:null
headers: 
host: localhost:8888
connection: keep-alive
sec-ch-ua-platform: "macOS"
user-agent: Mozilla/5.0 (Macintosh; Intel Mac OS X 10_15_7) AppleWebKit/537.36 (KHTML, like Gecko) Chrome/147.0.0.0 Safari/537.36
sec-ch-ua: "Google Chrome";v="147", "Not.A/Brand";v="8", "Chromium";v="147"
sec-ch-ua-mobile: ?0
accept: */*
origin: http://localhost:3000
sec-fetch-site: same-site
sec-fetch-mode: cors
sec-fetch-dest: empty
referer: http://localhost:3000/
accept-encoding: gzip, deflate, br, zstd
accept-language: ko-KR,ko;q=0.9,en-US;q=0.8,en;q=0.7


Security filter chain: [
  DisableEncodeUrlFilter
  WebAsyncManagerIntegrationFilter
  SecurityContextHolderFilter
  HeaderWriterFilter
  CorsFilter
  CsrfFilter
  LogoutFilter
  JwtAuthenticationFilter
  RequestCacheAwareFilter
  SecurityContextHolderAwareRequestFilter
  AnonymousAuthenticationFilter
  ExceptionTranslationFilter
  AuthorizationFilter
]


************************************************************


15:18:47.340 [http-nio-8888-exec-5] DEBUG o.s.security.web.FilterChainProxy -- Securing GET /api/v1/task
15:18:47.341 [http-nio-8888-exec-5] DEBUG o.s.security.web.FilterChainProxy -- Secured GET /api/v1/task
15:18:47.342 [http-nio-8888-exec-5] DEBUG o.s.web.servlet.DispatcherServlet -- GET "/api/v1/task", parameters={}
15:18:47.343 [http-nio-8888-exec-5] DEBUG o.s.w.s.m.m.a.RequestMappingHandlerMapping -- Mapped to com.example.demo.todo.api.TodoApi#getTasks()
15:18:47.347 [http-nio-8888-exec-5] DEBUG o.s.w.s.m.m.a.RequestResponseBodyMethodProcessor -- Using 'application/json', given [*/*] and supported [application/json, application/*+json]
15:18:47.348 [http-nio-8888-exec-5] DEBUG o.s.w.s.m.m.a.RequestResponseBodyMethodProcessor -- Writing [com.example.demo.util.AjaxResponse@16ad2a0b]
15:18:47.348 [http-nio-8888-exec-5] DEBUG o.s.s.w.a.AnonymousAuthenticationFilter -- Set SecurityContextHolder to anonymous SecurityContext
15:18:47.349 [http-nio-8888-exec-5] DEBUG o.s.web.servlet.DispatcherServlet -- Completed 200 OK
15:19:31.945 [SpringApplicationShutdownHook] DEBUG o.s.b.a.ApplicationAvailabilityBean -- Application availability state ReadinessState changed from ACCEPTING_TRAFFIC to REFUSING_TRAFFIC
15:19:31.950 [SpringApplicationShutdownHook] DEBUG o.s.b.w.s.c.AnnotationConfigServletWebServerApplicationContext -- Closing org.springframework.boot.web.servlet.context.AnnotationConfigServletWebServerApplicationContext@293a5f75, started on Wed Apr 29 13:02:43 KST 2026
15:19:31.994 [SpringApplicationShutdownHook] DEBUG o.s.c.s.DefaultLifecycleProcessor -- Stopping beans in phase 2147483647
15:19:31.996 [SpringApplicationShutdownHook] DEBUG o.s.c.s.DefaultLifecycleProcessor -- Bean 'applicationTaskExecutor' completed its stop procedure
15:19:31.996 [SpringApplicationShutdownHook] DEBUG o.s.c.s.DefaultLifecycleProcessor -- Stopping beans in phase 2147482623
15:19:32.007 [SpringApplicationShutdownHook] DEBUG o.s.c.s.DefaultLifecycleProcessor -- Bean 'webServerGracefulShutdown' completed its stop procedure
15:19:32.007 [SpringApplicationShutdownHook] DEBUG o.s.c.s.DefaultLifecycleProcessor -- Stopping beans in phase 2147481599
15:19:32.034 [SpringApplicationShutdownHook] DEBUG o.s.c.s.DefaultLifecycleProcessor -- Bean 'webServerStartStop' completed its stop procedure
15:19:32.034 [SpringApplicationShutdownHook] DEBUG o.s.c.s.DefaultLifecycleProcessor -- Stopping beans in phase -2147483647
15:19:32.035 [SpringApplicationShutdownHook] DEBUG o.s.c.s.DefaultLifecycleProcessor -- Bean 'springBootLoggingLifecycle' completed its stop procedure
15:19:32.037 [SpringApplicationShutdownHook] DEBUG o.s.s.c.ThreadPoolTaskExecutor -- Shutting down ExecutorService 'applicationTaskExecutor'
15:38:33.794 [background-preinit] DEBUG org.jboss.logging -- Logging Provider: org.jboss.logging.Slf4jLoggerProvider found via system property
15:38:33.796 [background-preinit] INFO  o.h.validator.internal.util.Version -- HV000001: Hibernate Validator 8.0.1.Final
15:38:33.810 [background-preinit] DEBUG o.h.v.i.x.config.ValidationXmlParser -- Trying to load META-INF/validation.xml for XML based Validator configuration.
15:38:33.812 [background-preinit] DEBUG o.h.v.i.x.c.ResourceLoaderHelper -- Trying to load META-INF/validation.xml via TCCL
15:38:33.812 [background-preinit] DEBUG o.h.v.i.x.c.ResourceLoaderHelper -- Trying to load META-INF/validation.xml via Hibernate Validator's class loader
15:38:33.812 [background-preinit] DEBUG o.h.v.i.x.config.ValidationXmlParser -- No META-INF/validation.xml found. Using annotation based configuration only.
15:38:33.816 [background-preinit] DEBUG o.h.v.i.e.r.TraversableResolvers -- Cannot find jakarta.persistence.Persistence on classpath. Assuming non JPA 2 environment. All properties will per default be traversable.
15:38:33.835 [main] INFO  c.e.demo.HelloSpringApplication -- Starting HelloSpringApplication v0.0.1-SNAPSHOT using Java 25.0.1 with PID 45648 (/Users/woochan/Desktop/react-apps/react-api-server.jar started by woochan in /Users/woochan/Desktop/react-apps)
15:38:33.835 [main] DEBUG c.e.demo.HelloSpringApplication -- Running with Spring Boot v3.2.4, Spring v6.1.5
15:38:33.835 [main] INFO  c.e.demo.HelloSpringApplication -- No active profile set, falling back to 1 default profile: "default"
15:38:33.836 [main] DEBUG o.s.boot.SpringApplication -- Loading source class com.example.demo.HelloSpringApplication
15:38:33.843 [background-preinit] DEBUG o.h.v.m.ResourceBundleMessageInterpolator -- Loaded expression factory via original TCCL
15:38:33.876 [main] DEBUG o.s.b.w.s.c.AnnotationConfigServletWebServerApplicationContext -- Refreshing org.springframework.boot.web.servlet.context.AnnotationConfigServletWebServerApplicationContext@7e7b159b
15:38:33.902 [main] DEBUG o.s.b.f.s.DefaultListableBeanFactory -- Creating shared instance of singleton bean 'org.springframework.context.annotation.internalConfigurationAnnotationProcessor'
15:38:33.910 [background-preinit] DEBUG o.h.v.i.e.ValidatorFactoryConfigurationHelper -- HV000252: Using org.hibernate.validator.internal.engine.DefaultPropertyNodeNameProvider as property node name provider.
15:38:33.915 [background-preinit] DEBUG o.h.v.i.e.ValidatorFactoryConfigurationHelper -- HV000234: Using org.hibernate.validator.messageinterpolation.ResourceBundleMessageInterpolator as ValidatorFactory-scoped message interpolator.
15:38:33.915 [background-preinit] DEBUG o.h.v.i.e.ValidatorFactoryConfigurationHelper -- HV000234: Using org.hibernate.validator.internal.engine.resolver.TraverseAllTraversableResolver as ValidatorFactory-scoped traversable resolver.
15:38:33.915 [background-preinit] DEBUG o.h.v.i.e.ValidatorFactoryConfigurationHelper -- HV000234: Using org.hibernate.validator.internal.util.ExecutableParameterNameProvider as ValidatorFactory-scoped parameter name provider.
15:38:33.915 [background-preinit] DEBUG o.h.v.i.e.ValidatorFactoryConfigurationHelper -- HV000234: Using org.hibernate.validator.internal.engine.DefaultClockProvider as ValidatorFactory-scoped clock provider.
15:38:33.915 [background-preinit] DEBUG o.h.v.i.e.ValidatorFactoryConfigurationHelper -- HV000234: Using org.hibernate.validator.internal.engine.scripting.DefaultScriptEvaluatorFactory as ValidatorFactory-scoped script evaluator factory.
15:38:33.916 [main] DEBUG o.s.b.f.s.DefaultListableBeanFactory -- Creating shared instance of singleton bean 'org.springframework.boot.autoconfigure.internalCachingMetadataReaderFactory'
15:38:33.957 [main] DEBUG o.s.c.a.ClassPathBeanDefinitionScanner -- Identified candidate component class: URL [jar:nested:/Users/woochan/Desktop/react-apps/react-api-server.jar/!BOOT-INF/classes/!/com/example/demo/util/FileDBHandler.class]
15:38:33.969 [main] DEBUG o.s.c.a.ClassPathBeanDefinitionScanner -- Identified candidate component class: URL [jar:nested:/Users/woochan/Desktop/react-apps/react-api-server.jar/!BOOT-INF/classes/!/com/example/demo/member/web/MemberController.class]
15:38:33.970 [main] DEBUG o.s.c.a.ClassPathBeanDefinitionScanner -- Identified candidate component class: URL [jar:nested:/Users/woochan/Desktop/react-apps/react-api-server.jar/!BOOT-INF/classes/!/com/example/demo/member/dao/MemberDaoImpl.class]
15:38:33.973 [main] DEBUG o.s.c.a.ClassPathBeanDefinitionScanner -- Identified candidate component class: URL [jar:nested:/Users/woochan/Desktop/react-apps/react-api-server.jar/!BOOT-INF/classes/!/com/example/demo/member/api/MemberApiController.class]
15:38:33.975 [main] DEBUG o.s.c.a.ClassPathBeanDefinitionScanner -- Identified candidate component class: URL [jar:nested:/Users/woochan/Desktop/react-apps/react-api-server.jar/!BOOT-INF/classes/!/com/example/demo/member/service/MemberServiceImpl.class]
15:38:33.978 [main] DEBUG o.s.c.a.ClassPathBeanDefinitionScanner -- Identified candidate component class: URL [jar:nested:/Users/woochan/Desktop/react-apps/react-api-server.jar/!BOOT-INF/classes/!/com/example/demo/exceptions/ApiGlobalExceptionHandler.class]
15:38:33.978 [main] DEBUG o.s.c.a.ClassPathBeanDefinitionScanner -- Identified candidate component class: URL [jar:nested:/Users/woochan/Desktop/react-apps/react-api-server.jar/!BOOT-INF/classes/!/com/example/demo/exceptions/RestGlobalExceptionHandler.class]
15:38:33.979 [main] DEBUG o.s.c.a.ClassPathBeanDefinitionScanner -- Identified candidate component class: URL [jar:nested:/Users/woochan/Desktop/react-apps/react-api-server.jar/!BOOT-INF/classes/!/com/example/demo/exceptions/GlobalExceptionHandler.class]
15:38:33.979 [main] DEBUG o.s.c.a.ClassPathBeanDefinitionScanner -- Identified candidate component class: URL [jar:nested:/Users/woochan/Desktop/react-apps/react-api-server.jar/!BOOT-INF/classes/!/com/example/demo/todo/dao/TodoDaoImpl.class]
15:38:33.980 [main] DEBUG o.s.c.a.ClassPathBeanDefinitionScanner -- Identified candidate component class: URL [jar:nested:/Users/woochan/Desktop/react-apps/react-api-server.jar/!BOOT-INF/classes/!/com/example/demo/todo/api/TodoApi.class]
15:38:33.980 [main] DEBUG o.s.c.a.ClassPathBeanDefinitionScanner -- Identified candidate component class: URL [jar:nested:/Users/woochan/Desktop/react-apps/react-api-server.jar/!BOOT-INF/classes/!/com/example/demo/todo/service/TodoServiceImpl.class]
15:38:33.984 [main] DEBUG o.s.c.a.ClassPathBeanDefinitionScanner -- Identified candidate component class: URL [jar:nested:/Users/woochan/Desktop/react-apps/react-api-server.jar/!BOOT-INF/classes/!/com/example/demo/beans/WebConfig.class]
15:38:33.984 [main] DEBUG o.s.c.a.ClassPathBeanDefinitionScanner -- Identified candidate component class: URL [jar:nested:/Users/woochan/Desktop/react-apps/react-api-server.jar/!BOOT-INF/classes/!/com/example/demo/beans/security/jwt/JsonWebTokenProvider.class]
15:38:33.985 [main] DEBUG o.s.c.a.ClassPathBeanDefinitionScanner -- Identified candidate component class: URL [jar:nested:/Users/woochan/Desktop/react-apps/react-api-server.jar/!BOOT-INF/classes/!/com/example/demo/beans/security/jwt/JwtController.class]
15:38:33.985 [main] DEBUG o.s.c.a.ClassPathBeanDefinitionScanner -- Identified candidate component class: URL [jar:nested:/Users/woochan/Desktop/react-apps/react-api-server.jar/!BOOT-INF/classes/!/com/example/demo/beans/security/jwt/JwtAuthenticationFilter.class]
15:38:33.985 [main] DEBUG o.s.c.a.ClassPathBeanDefinitionScanner -- Identified candidate component class: URL [jar:nested:/Users/woochan/Desktop/react-apps/react-api-server.jar/!BOOT-INF/classes/!/com/example/demo/beans/security/SecurityAuthentictionProvider.class]
15:38:33.985 [main] DEBUG o.s.c.a.ClassPathBeanDefinitionScanner -- Identified candidate component class: URL [jar:nested:/Users/woochan/Desktop/react-apps/react-api-server.jar/!BOOT-INF/classes/!/com/example/demo/beans/security/oauth2/OAuthService.class]
15:38:33.995 [main] DEBUG o.s.c.a.ClassPathBeanDefinitionScanner -- Identified candidate component class: URL [jar:nested:/Users/woochan/Desktop/react-apps/react-api-server.jar/!BOOT-INF/classes/!/com/example/demo/beans/security/SecurityConfig.class]
15:38:33.996 [main] DEBUG o.s.c.a.ClassPathBeanDefinitionScanner -- Identified candidate component class: URL [jar:nested:/Users/woochan/Desktop/react-apps/react-api-server.jar/!BOOT-INF/classes/!/com/example/demo/beans/CustomBeanInitializer.class]
15:38:33.997 [main] DEBUG o.s.c.a.ClassPathBeanDefinitionScanner -- Identified candidate component class: URL [jar:nested:/Users/woochan/Desktop/react-apps/react-api-server.jar/!BOOT-INF/classes/!/com/example/demo/bbs/web/BoardController.class]
15:38:33.997 [main] DEBUG o.s.c.a.ClassPathBeanDefinitionScanner -- Identified candidate component class: URL [jar:nested:/Users/woochan/Desktop/react-apps/react-api-server.jar/!BOOT-INF/classes/!/com/example/demo/bbs/web/ReplyController.class]
15:38:33.997 [main] DEBUG o.s.c.a.ClassPathBeanDefinitionScanner -- Identified candidate component class: URL [jar:nested:/Users/woochan/Desktop/react-apps/react-api-server.jar/!BOOT-INF/classes/!/com/example/demo/bbs/dao/BoardDaoImpl.class]
15:38:33.997 [main] DEBUG o.s.c.a.ClassPathBeanDefinitionScanner -- Identified candidate component class: URL [jar:nested:/Users/woochan/Desktop/react-apps/react-api-server.jar/!BOOT-INF/classes/!/com/example/demo/bbs/dao/ReplyDaoImpl.class]
15:38:33.998 [main] DEBUG o.s.c.a.ClassPathBeanDefinitionScanner -- Identified candidate component class: URL [jar:nested:/Users/woochan/Desktop/react-apps/react-api-server.jar/!BOOT-INF/classes/!/com/example/demo/bbs/api/ReplyApiController.class]
15:38:33.998 [main] DEBUG o.s.c.a.ClassPathBeanDefinitionScanner -- Identified candidate component class: URL [jar:nested:/Users/woochan/Desktop/react-apps/react-api-server.jar/!BOOT-INF/classes/!/com/example/demo/bbs/api/BoardApiController.class]
15:38:33.998 [main] DEBUG o.s.c.a.ClassPathBeanDefinitionScanner -- Identified candidate component class: URL [jar:nested:/Users/woochan/Desktop/react-apps/react-api-server.jar/!BOOT-INF/classes/!/com/example/demo/bbs/service/ReplyServiceImpl.class]
15:38:33.998 [main] DEBUG o.s.c.a.ClassPathBeanDefinitionScanner -- Identified candidate component class: URL [jar:nested:/Users/woochan/Desktop/react-apps/react-api-server.jar/!BOOT-INF/classes/!/com/example/demo/bbs/service/BoardServiceImpl.class]
15:38:34.325 [main] DEBUG o.s.b.f.s.DefaultListableBeanFactory -- Creating shared instance of singleton bean 'springSecurityHandlerMappingIntrospectorBeanDefinitionRegistryPostProcessor'
15:38:34.327 [main] DEBUG o.s.b.f.s.DefaultListableBeanFactory -- Creating shared instance of singleton bean 'authorizedClientManagerRegistrar'
15:38:34.327 [main] DEBUG o.s.b.f.s.DefaultListableBeanFactory -- Creating shared instance of singleton bean 'org.springframework.security.config.annotation.web.configuration.OAuth2ClientConfiguration$OAuth2AuthorizedClientManagerConfiguration'
15:38:34.367 [main] DEBUG o.s.b.f.s.DefaultListableBeanFactory -- Creating shared instance of singleton bean 'propertySourcesPlaceholderConfigurer'
15:38:34.369 [main] DEBUG o.s.b.f.s.DefaultListableBeanFactory -- Creating shared instance of singleton bean 'org.springframework.boot.sql.init.dependency.DatabaseInitializationDependencyConfigurer$DependsOnDatabaseInitializationPostProcessor'
15:38:34.373 [main] DEBUG o.s.b.f.s.DefaultListableBeanFactory -- Creating shared instance of singleton bean 'org.springframework.context.event.internalEventListenerProcessor'
15:38:34.374 [main] DEBUG o.s.b.f.s.DefaultListableBeanFactory -- Creating shared instance of singleton bean 'conversionServicePostProcessor'
15:38:34.379 [main] DEBUG o.s.b.f.s.DefaultListableBeanFactory -- Creating shared instance of singleton bean 'preserveErrorControllerTargetClassPostProcessor'
15:38:34.380 [main] DEBUG o.s.b.f.s.DefaultListableBeanFactory -- Creating shared instance of singleton bean 'org.springframework.context.event.internalEventListenerFactory'
15:38:34.381 [main] DEBUG o.s.b.f.s.DefaultListableBeanFactory -- Creating shared instance of singleton bean 'org.springframework.context.annotation.internalAutowiredAnnotationProcessor'
15:38:34.382 [main] DEBUG o.s.b.f.s.DefaultListableBeanFactory -- Creating shared instance of singleton bean 'org.springframework.context.annotation.internalCommonAnnotationProcessor'
15:38:34.384 [main] DEBUG o.s.b.f.s.DefaultListableBeanFactory -- Creating shared instance of singleton bean 'org.springframework.boot.context.properties.ConfigurationPropertiesBindingPostProcessor'
15:38:34.384 [main] DEBUG o.s.b.f.s.DefaultListableBeanFactory -- Creating shared instance of singleton bean 'org.springframework.boot.context.internalConfigurationPropertiesBinder'
15:38:34.386 [main] DEBUG o.s.b.f.s.DefaultListableBeanFactory -- Creating shared instance of singleton bean 'methodValidationPostProcessor'
15:38:34.388 [main] DEBUG o.s.b.f.s.DefaultListableBeanFactory -- Autowiring by type from bean name 'methodValidationPostProcessor' via factory method to bean named 'environment'
15:38:34.389 [main] DEBUG o.s.b.f.s.DefaultListableBeanFactory -- Creating shared instance of singleton bean 'org.springframework.boot.context.properties.EnableConfigurationPropertiesRegistrar.methodValidationExcludeFilter'
15:38:34.400 [main] DEBUG o.s.b.f.s.DefaultListableBeanFactory -- Creating shared instance of singleton bean 'org.springframework.aop.config.internalAutoProxyCreator'
15:38:34.409 [main] DEBUG o.s.b.f.s.DefaultListableBeanFactory -- Creating shared instance of singleton bean 'persistenceExceptionTranslationPostProcessor'
15:38:34.409 [main] DEBUG o.s.b.f.s.DefaultListableBeanFactory -- Autowiring by type from bean name 'persistenceExceptionTranslationPostProcessor' via factory method to bean named 'environment'
15:38:34.410 [main] DEBUG o.s.b.f.s.DefaultListableBeanFactory -- Creating shared instance of singleton bean 'webServerFactoryCustomizerBeanPostProcessor'
15:38:34.410 [main] DEBUG o.s.b.f.s.DefaultListableBeanFactory -- Creating shared instance of singleton bean 'errorPageRegistrarBeanPostProcessor'
15:38:34.412 [main] DEBUG o.s.u.c.s.UiApplicationContextUtils -- Unable to locate ThemeSource with name 'themeSource': using default [org.springframework.ui.context.support.ResourceBundleThemeSource@62db3891]
15:38:34.412 [main] DEBUG o.s.b.f.s.DefaultListableBeanFactory -- Creating shared instance of singleton bean 'tomcatServletWebServerFactory'
15:38:34.420 [main] DEBUG o.s.b.f.s.DefaultListableBeanFactory -- Creating shared instance of singleton bean 'org.springframework.boot.autoconfigure.web.servlet.ServletWebServerFactoryConfiguration$EmbeddedTomcat'
15:38:34.446 [main] DEBUG o.s.b.f.s.DefaultListableBeanFactory -- Creating shared instance of singleton bean 'websocketServletWebServerCustomizer'
15:38:34.446 [main] DEBUG o.s.b.f.s.DefaultListableBeanFactory -- Creating shared instance of singleton bean 'org.springframework.boot.autoconfigure.websocket.servlet.WebSocketServletAutoConfiguration$TomcatWebSocketConfiguration'
15:38:34.447 [main] DEBUG o.s.b.f.s.DefaultListableBeanFactory -- Creating shared instance of singleton bean 'servletWebServerFactoryCustomizer'
15:38:34.447 [main] DEBUG o.s.b.f.s.DefaultListableBeanFactory -- Creating shared instance of singleton bean 'org.springframework.boot.autoconfigure.web.servlet.ServletWebServerFactoryAutoConfiguration'
15:38:34.448 [main] DEBUG o.s.b.f.s.DefaultListableBeanFactory -- Creating shared instance of singleton bean 'server-org.springframework.boot.autoconfigure.web.ServerProperties'
15:38:34.452 [main] DEBUG o.s.b.f.s.DefaultListableBeanFactory -- Creating shared instance of singleton bean 'org.springframework.boot.context.properties.BoundConfigurationProperties'
15:38:34.456 [main] DEBUG o.s.b.f.s.DefaultListableBeanFactory -- Autowiring by type from bean name 'servletWebServerFactoryCustomizer' via factory method to bean named 'server-org.springframework.boot.autoconfigure.web.ServerProperties'
15:38:34.458 [main] DEBUG o.s.b.f.s.DefaultListableBeanFactory -- Creating shared instance of singleton bean 'sslBundleRegistry'
15:38:34.458 [main] DEBUG o.s.b.f.s.DefaultListableBeanFactory -- Creating shared instance of singleton bean 'org.springframework.boot.autoconfigure.ssl.SslAutoConfiguration'
15:38:34.458 [main] DEBUG o.s.b.f.s.DefaultListableBeanFactory -- Creating shared instance of singleton bean 'spring.ssl-org.springframework.boot.autoconfigure.ssl.SslProperties'
15:38:34.459 [main] DEBUG o.s.b.f.s.DefaultListableBeanFactory -- Autowiring by type from bean name 'org.springframework.boot.autoconfigure.ssl.SslAutoConfiguration' via constructor to bean named 'spring.ssl-org.springframework.boot.autoconfigure.ssl.SslProperties'
15:38:34.460 [main] DEBUG o.s.b.f.s.DefaultListableBeanFactory -- Creating shared instance of singleton bean 'sslPropertiesSslBundleRegistrar'
15:38:34.460 [main] DEBUG o.s.b.f.s.DefaultListableBeanFactory -- Creating shared instance of singleton bean 'fileWatcher'
15:38:34.461 [main] DEBUG o.s.b.f.s.DefaultListableBeanFactory -- Autowiring by type from bean name 'sslPropertiesSslBundleRegistrar' via factory method to bean named 'fileWatcher'
15:38:34.463 [main] DEBUG o.s.b.f.s.DefaultListableBeanFactory -- Creating shared instance of singleton bean 'tomcatServletWebServerFactoryCustomizer'
15:38:34.463 [main] DEBUG o.s.b.f.s.DefaultListableBeanFactory -- Autowiring by type from bean name 'tomcatServletWebServerFactoryCustomizer' via factory method to bean named 'server-org.springframework.boot.autoconfigure.web.ServerProperties'
15:38:34.464 [main] DEBUG o.s.b.f.s.DefaultListableBeanFactory -- Creating shared instance of singleton bean 'tomcatWebServerFactoryCustomizer'
15:38:34.464 [main] DEBUG o.s.b.f.s.DefaultListableBeanFactory -- Creating shared instance of singleton bean 'org.springframework.boot.autoconfigure.web.embedded.EmbeddedWebServerFactoryCustomizerAutoConfiguration$TomcatWebServerFactoryCustomizerConfiguration'
15:38:34.464 [main] DEBUG o.s.b.f.s.DefaultListableBeanFactory -- Autowiring by type from bean name 'tomcatWebServerFactoryCustomizer' via factory method to bean named 'environment'
15:38:34.464 [main] DEBUG o.s.b.f.s.DefaultListableBeanFactory -- Autowiring by type from bean name 'tomcatWebServerFactoryCustomizer' via factory method to bean named 'server-org.springframework.boot.autoconfigure.web.ServerProperties'
15:38:34.465 [main] DEBUG o.s.b.f.s.DefaultListableBeanFactory -- Creating shared instance of singleton bean 'localeCharsetMappingsCustomizer'
15:38:34.465 [main] DEBUG o.s.b.f.s.DefaultListableBeanFactory -- Creating shared instance of singleton bean 'org.springframework.boot.autoconfigure.web.servlet.HttpEncodingAutoConfiguration'
15:38:34.465 [main] DEBUG o.s.b.f.s.DefaultListableBeanFactory -- Autowiring by type from bean name 'org.springframework.boot.autoconfigure.web.servlet.HttpEncodingAutoConfiguration' via constructor to bean named 'server-org.springframework.boot.autoconfigure.web.ServerProperties'
15:38:34.477 [main] DEBUG o.s.b.f.s.DefaultListableBeanFactory -- Creating shared instance of singleton bean 'errorPageCustomizer'
15:38:34.477 [main] DEBUG o.s.b.f.s.DefaultListableBeanFactory -- Creating shared instance of singleton bean 'org.springframework.boot.autoconfigure.web.servlet.error.ErrorMvcAutoConfiguration'
15:38:34.477 [main] DEBUG o.s.b.f.s.DefaultListableBeanFactory -- Autowiring by type from bean name 'org.springframework.boot.autoconfigure.web.servlet.error.ErrorMvcAutoConfiguration' via constructor to bean named 'server-org.springframework.boot.autoconfigure.web.ServerProperties'
15:38:34.478 [main] DEBUG o.s.b.f.s.DefaultListableBeanFactory -- Creating shared instance of singleton bean 'dispatcherServletRegistration'
15:38:34.478 [main] DEBUG o.s.b.f.s.DefaultListableBeanFactory -- Creating shared instance of singleton bean 'org.springframework.boot.autoconfigure.web.servlet.DispatcherServletAutoConfiguration$DispatcherServletRegistrationConfiguration'
15:38:34.478 [main] DEBUG o.s.b.f.s.DefaultListableBeanFactory -- Creating shared instance of singleton bean 'dispatcherServlet'
15:38:34.478 [main] DEBUG o.s.b.f.s.DefaultListableBeanFactory -- Creating shared instance of singleton bean 'org.springframework.boot.autoconfigure.web.servlet.DispatcherServletAutoConfiguration$DispatcherServletConfiguration'
15:38:34.479 [main] DEBUG o.s.b.f.s.DefaultListableBeanFactory -- Creating shared instance of singleton bean 'spring.mvc-org.springframework.boot.autoconfigure.web.servlet.WebMvcProperties'
15:38:34.480 [main] DEBUG o.s.b.f.s.DefaultListableBeanFactory -- Autowiring by type from bean name 'dispatcherServlet' via factory method to bean named 'spring.mvc-org.springframework.boot.autoconfigure.web.servlet.WebMvcProperties'
15:38:34.486 [main] DEBUG o.s.b.f.s.DefaultListableBeanFactory -- Autowiring by type from bean name 'dispatcherServletRegistration' via factory method to bean named 'dispatcherServlet'
15:38:34.487 [main] DEBUG o.s.b.f.s.DefaultListableBeanFactory -- Autowiring by type from bean name 'dispatcherServletRegistration' via factory method to bean named 'spring.mvc-org.springframework.boot.autoconfigure.web.servlet.WebMvcProperties'
15:38:34.488 [main] DEBUG o.s.b.f.s.DefaultListableBeanFactory -- Creating shared instance of singleton bean 'multipartConfigElement'
15:38:34.488 [main] DEBUG o.s.b.f.s.DefaultListableBeanFactory -- Creating shared instance of singleton bean 'org.springframework.boot.autoconfigure.web.servlet.MultipartAutoConfiguration'
15:38:34.488 [main] DEBUG o.s.b.f.s.DefaultListableBeanFactory -- Creating shared instance of singleton bean 'spring.servlet.multipart-org.springframework.boot.autoconfigure.web.servlet.MultipartProperties'
15:38:34.491 [main] DEBUG o.s.b.f.s.DefaultListableBeanFactory -- Autowiring by type from bean name 'org.springframework.boot.autoconfigure.web.servlet.MultipartAutoConfiguration' via constructor to bean named 'spring.servlet.multipart-org.springframework.boot.autoconfigure.web.servlet.MultipartProperties'
15:38:34.493 [main] DEBUG o.s.b.f.s.DefaultListableBeanFactory -- Autowiring by type from bean name 'errorPageCustomizer' via factory method to bean named 'dispatcherServletRegistration'
15:38:34.539 [main] DEBUG o.s.b.w.e.t.TomcatServletWebServerFactory -- Code archive: /Users/woochan/Desktop/react-apps/react-api-server.jar
15:38:34.539 [main] DEBUG o.s.b.w.e.t.TomcatServletWebServerFactory -- Code archive: /Users/woochan/Desktop/react-apps/react-api-server.jar
15:38:34.539 [main] DEBUG o.s.b.w.e.t.TomcatServletWebServerFactory -- None of the document roots [src/main/webapp, public, static] point to a directory and will be ignored.
15:38:34.559 [main] INFO  o.s.b.w.e.tomcat.TomcatWebServer -- Tomcat initialized with port 8888 (http)
15:38:34.567 [main] INFO  o.a.coyote.http11.Http11NioProtocol -- Initializing ProtocolHandler ["http-nio-8888"]
15:38:34.568 [main] INFO  o.a.catalina.core.StandardService -- Starting service [Tomcat]
15:38:34.568 [main] INFO  o.a.catalina.core.StandardEngine -- Starting Servlet engine: [Apache Tomcat/10.1.19]
15:38:35.416 [main] INFO  o.apache.jasper.servlet.TldScanner -- At least one JAR was scanned for TLDs yet contained no TLDs. Enable debug logging for this logger for a complete list of JARs that were scanned but no TLDs were found in them. Skipping unneeded JARs during scanning can improve startup time and JSP compilation time.
15:38:35.557 [main] INFO  o.a.c.c.C.[Tomcat].[localhost].[/] -- Initializing Spring embedded WebApplicationContext
15:38:35.557 [main] DEBUG o.s.b.w.s.c.ServletWebServerApplicationContext -- Published root WebApplicationContext as ServletContext attribute with name [org.springframework.web.context.WebApplicationContext.ROOT]
15:38:35.557 [main] INFO  o.s.b.w.s.c.ServletWebServerApplicationContext -- Root WebApplicationContext: initialization completed in 1681 ms
15:38:35.558 [main] DEBUG o.s.b.f.s.DefaultListableBeanFactory -- Creating shared instance of singleton bean 'securityFilterChainRegistration'
15:38:35.558 [main] DEBUG o.s.b.f.s.DefaultListableBeanFactory -- Creating shared instance of singleton bean 'org.springframework.boot.autoconfigure.security.servlet.SecurityFilterAutoConfiguration'
15:38:35.559 [main] DEBUG o.s.b.f.s.DefaultListableBeanFactory -- Creating shared instance of singleton bean 'spring.security-org.springframework.boot.autoconfigure.security.SecurityProperties'
15:38:35.560 [main] DEBUG o.s.b.f.s.DefaultListableBeanFactory -- Autowiring by type from bean name 'securityFilterChainRegistration' via factory method to bean named 'spring.security-org.springframework.boot.autoconfigure.security.SecurityProperties'
15:38:35.562 [main] DEBUG o.s.b.f.s.DefaultListableBeanFactory -- Creating shared instance of singleton bean 'jwtAuthenticationFilter'
15:38:35.565 [main] DEBUG o.s.b.f.s.DefaultListableBeanFactory -- Creating shared instance of singleton bean 'jsonWebTokenProvider'
15:38:35.566 [main] DEBUG o.s.c.e.PropertySourcesPropertyResolver -- Found key 'jwt.issuer' in PropertySource 'environmentProperties' with value of type String
15:38:35.567 [main] DEBUG o.s.c.e.PropertySourcesPropertyResolver -- Found key 'jwt.secret-key' in PropertySource 'environmentProperties' with value of type String
15:38:35.567 [main] DEBUG o.s.b.f.s.DefaultListableBeanFactory -- Creating shared instance of singleton bean 'characterEncodingFilter'
15:38:35.571 [main] DEBUG o.s.b.w.s.ServletContextInitializerBeans -- Mapping filters: springSecurityFilterChain urls=[/*] order=-100, characterEncodingFilter urls=[/*] order=-2147483648, jwtAuthenticationFilter urls=[/*] order=2147483647
15:38:35.571 [main] DEBUG o.s.b.w.s.ServletContextInitializerBeans -- Mapping servlets: dispatcherServlet urls=[/]
15:38:35.585 [main] DEBUG c.e.d.b.s.j.JwtAuthenticationFilter -- Filter 'jwtAuthenticationFilter' configured for use
15:38:35.586 [main] DEBUG o.s.b.w.s.f.OrderedCharacterEncodingFilter -- Filter 'characterEncodingFilter' configured for use
15:38:35.586 [main] DEBUG o.s.b.w.s.DelegatingFilterProxyRegistrationBean$1 -- Filter 'springSecurityFilterChain' configured for use
15:38:35.591 [main] DEBUG o.s.b.f.s.DefaultListableBeanFactory -- Creating shared instance of singleton bean 'helloSpringApplication'
15:38:35.592 [main] DEBUG o.s.b.f.s.DefaultListableBeanFactory -- Creating shared instance of singleton bean 'fileDBHandler'
15:38:35.594 [main] DEBUG o.s.c.e.PropertySourcesPropertyResolver -- Found key 'app.datasource.path' in PropertySource 'environmentProperties' with value of type String
15:38:35.594 [main] DEBUG o.s.c.e.PropertySourcesPropertyResolver -- Found key 'app.datasource.filename' in PropertySource 'environmentProperties' with value of type String
15:38:35.595 [main] DEBUG o.s.b.f.s.DefaultListableBeanFactory -- Creating shared instance of singleton bean 'memberController'
15:38:35.597 [main] DEBUG o.s.b.f.s.DefaultListableBeanFactory -- Creating shared instance of singleton bean 'memberServiceImpl'
15:38:35.598 [main] DEBUG o.s.b.f.s.DefaultListableBeanFactory -- Creating shared instance of singleton bean 'memberDaoImpl'
15:38:35.616 [main] DEBUG o.s.b.f.s.DefaultListableBeanFactory -- Creating shared instance of singleton bean 'sha'
15:38:35.616 [main] DEBUG o.s.b.f.s.DefaultListableBeanFactory -- Creating shared instance of singleton bean 'customBeanInitializer'
15:38:35.616 [main] DEBUG o.s.c.e.PropertySourcesPropertyResolver -- Found key 'app.multipart.base-dir' in PropertySource 'environmentProperties' with value of type String
15:38:35.617 [main] DEBUG o.s.c.e.PropertySourcesPropertyResolver -- Found key 'app.multipart.obfuscation.enable' in PropertySource 'environmentProperties' with value of type String
15:38:35.618 [main] DEBUG o.s.c.e.PropertySourcesPropertyResolver -- Found key 'app.multipart.obfuscation.hide-ext.enable' in PropertySource 'environmentProperties' with value of type String
15:38:35.618 [main] DEBUG o.s.b.f.s.DefaultListableBeanFactory -- Creating shared instance of singleton bean 'memberApiController'
15:38:35.619 [main] DEBUG o.s.b.f.s.DefaultListableBeanFactory -- Creating shared instance of singleton bean 'apiGlobalExceptionHandler'
15:38:35.620 [main] DEBUG o.s.b.f.s.DefaultListableBeanFactory -- Creating shared instance of singleton bean 'restGlobalExceptionHandler'
15:38:35.620 [main] DEBUG o.s.b.f.s.DefaultListableBeanFactory -- Creating shared instance of singleton bean 'globalExceptionHandler'
15:38:35.620 [main] DEBUG o.s.b.f.s.DefaultListableBeanFactory -- Creating shared instance of singleton bean 'todoDaoImpl'
15:38:35.623 [main] DEBUG o.s.b.f.s.DefaultListableBeanFactory -- Creating shared instance of singleton bean 'todoApi'
15:38:35.624 [main] DEBUG o.s.b.f.s.DefaultListableBeanFactory -- Creating shared instance of singleton bean 'todoServiceImpl'
15:38:35.624 [main] DEBUG o.s.b.f.s.DefaultListableBeanFactory -- Creating shared instance of singleton bean 'webConfig'
15:38:35.625 [main] DEBUG o.s.b.f.s.DefaultListableBeanFactory -- Creating shared instance of singleton bean 'jwtController'
15:38:35.625 [main] DEBUG o.s.b.f.s.DefaultListableBeanFactory -- Creating shared instance of singleton bean 'securityAuthentictionProvider'
15:38:35.626 [main] DEBUG o.s.b.f.s.DefaultListableBeanFactory -- Creating shared instance of singleton bean 'userDetailsService'
15:38:35.626 [main] DEBUG o.s.b.f.s.DefaultListableBeanFactory -- Creating shared instance of singleton bean 'securityConfig'
15:38:35.627 [main] DEBUG o.s.b.f.s.DefaultListableBeanFactory -- Creating shared instance of singleton bean 'passwordEncoder'
15:38:35.627 [main] DEBUG o.s.b.f.s.DefaultListableBeanFactory -- Creating shared instance of singleton bean 'OAuthService'
15:38:35.628 [main] DEBUG o.s.b.f.s.DefaultListableBeanFactory -- Creating shared instance of singleton bean 'boardController'
15:38:35.629 [main] DEBUG o.s.b.f.s.DefaultListableBeanFactory -- Creating shared instance of singleton bean 'fileHandler'
15:38:35.630 [main] DEBUG o.s.b.f.s.DefaultListableBeanFactory -- Creating shared instance of singleton bean 'boardServiceImpl'
15:38:35.631 [main] DEBUG o.s.b.f.s.DefaultListableBeanFactory -- Creating shared instance of singleton bean 'boardDaoImpl'
15:38:35.633 [main] DEBUG o.s.b.f.s.DefaultListableBeanFactory -- Creating shared instance of singleton bean 'replyController'
15:38:35.634 [main] DEBUG o.s.b.f.s.DefaultListableBeanFactory -- Creating shared instance of singleton bean 'replyServiceImpl'
15:38:35.634 [main] DEBUG o.s.b.f.s.DefaultListableBeanFactory -- Creating shared instance of singleton bean 'replyDaoImpl'
15:38:35.638 [main] DEBUG o.s.b.f.s.DefaultListableBeanFactory -- Creating shared instance of singleton bean 'replyApiController'
15:38:35.639 [main] DEBUG o.s.b.f.s.DefaultListableBeanFactory -- Creating shared instance of singleton bean 'boardApiController'
15:38:35.639 [main] DEBUG o.s.b.f.s.DefaultListableBeanFactory -- Creating shared instance of singleton bean 'org.springframework.web.servlet.config.annotation.DelegatingWebMvcConfiguration'
15:38:35.642 [main] DEBUG o.s.b.f.s.DefaultListableBeanFactory -- Creating shared instance of singleton bean 'org.springframework.security.config.annotation.web.configuration.WebMvcSecurityConfiguration'
15:38:35.643 [main] DEBUG o.s.b.f.s.DefaultListableBeanFactory -- Creating shared instance of singleton bean 'org.springframework.security.config.annotation.web.configuration.OAuth2ClientConfiguration$OAuth2ClientWebMvcSecurityConfiguration'
15:38:35.643 [main] DEBUG o.s.b.f.s.DefaultListableBeanFactory -- Creating shared instance of singleton bean 'OAuth2AuthorizedClientManager'
15:38:35.644 [main] DEBUG o.s.b.f.s.DefaultListableBeanFactory -- Creating shared instance of singleton bean 'clientRegistrationRepository'
15:38:35.644 [main] DEBUG o.s.b.f.s.DefaultListableBeanFactory -- Creating shared instance of singleton bean 'org.springframework.boot.autoconfigure.security.oauth2.client.servlet.OAuth2ClientRegistrationRepositoryConfiguration'
15:38:35.644 [main] DEBUG o.s.b.f.s.DefaultListableBeanFactory -- Creating shared instance of singleton bean 'spring.security.oauth2.client-org.springframework.boot.autoconfigure.security.oauth2.client.OAuth2ClientProperties'
15:38:35.648 [main] DEBUG o.s.b.f.s.DefaultListableBeanFactory -- Autowiring by type from bean name 'clientRegistrationRepository' via factory method to bean named 'spring.security.oauth2.client-org.springframework.boot.autoconfigure.security.oauth2.client.OAuth2ClientProperties'
15:38:35.654 [main] DEBUG o.s.b.f.s.DefaultListableBeanFactory -- Creating shared instance of singleton bean 'authorizedClientRepository'
15:38:35.654 [main] DEBUG o.s.b.f.s.DefaultListableBeanFactory -- Creating shared instance of singleton bean 'org.springframework.boot.autoconfigure.security.oauth2.client.servlet.OAuth2WebSecurityConfiguration'
15:38:35.654 [main] DEBUG o.s.b.f.s.DefaultListableBeanFactory -- Creating shared instance of singleton bean 'authorizedClientService'
15:38:35.654 [main] DEBUG o.s.b.f.s.DefaultListableBeanFactory -- Autowiring by type from bean name 'authorizedClientService' via factory method to bean named 'clientRegistrationRepository'
15:38:35.655 [main] DEBUG o.s.b.f.s.DefaultListableBeanFactory -- Autowiring by type from bean name 'authorizedClientRepository' via factory method to bean named 'authorizedClientService'
15:38:35.674 [main] DEBUG o.s.b.f.s.DefaultListableBeanFactory -- Creating shared instance of singleton bean 'requestMappingHandlerMapping'
15:38:35.675 [main] DEBUG o.s.b.f.s.DefaultListableBeanFactory -- Creating shared instance of singleton bean 'mvcContentNegotiationManager'
15:38:35.677 [main] DEBUG o.s.b.f.s.DefaultListableBeanFactory -- Creating shared instance of singleton bean 'mvcConversionService'
15:38:35.678 [main] DEBUG o.s.b.f.s.DefaultListableBeanFactory -- Creating shared instance of singleton bean 'mvcResourceUrlProvider'
15:38:35.679 [main] DEBUG o.s.b.f.s.DefaultListableBeanFactory -- Autowiring by type from bean name 'requestMappingHandlerMapping' via factory method to bean named 'mvcContentNegotiationManager'
15:38:35.679 [main] DEBUG o.s.b.f.s.DefaultListableBeanFactory -- Autowiring by type from bean name 'requestMappingHandlerMapping' via factory method to bean named 'mvcConversionService'
15:38:35.679 [main] DEBUG o.s.b.f.s.DefaultListableBeanFactory -- Autowiring by type from bean name 'requestMappingHandlerMapping' via factory method to bean named 'mvcResourceUrlProvider'
15:38:35.699 [main] DEBUG _.s.w.s.HandlerMapping.Mappings -- 
	c.e.d.m.w.MemberController:
	{POST [/member/regist]}: doRegistMember(MemberVO)
	{GET [/member/login]}: viewLoginPage()
	{GET [/member/logout]}: doLogout(HttpServletRequest,HttpServletResponse,Authentication)
	{GET [/member/delete-me]}: doDeleteMe(HttpServletRequest,HttpServletResponse,Authentication)
	{GET [/member/{result}-delete-me]}: viewDeleteMePage(String)
	{GET [/member/regist/available]}: checkAvailableEmail(String)
	{GET [/member/regist]}: viewRegistMemberPage()
15:38:35.705 [main] DEBUG _.s.w.s.HandlerMapping.Mappings -- 
	c.e.d.m.a.MemberApiController:
	{POST [/api/v1/member]}: doRegistMember(MemberVO)
	{GET [/api/v1/member/logout]}: doLogout(Authentication)
	{DELETE [/api/v1/member]}: doDeleteMe(Authentication)
	{GET [/api/v1/member]}: getMyInfo(Authentication)
	{GET [/api/v1/member/available/{email}/]}: checkAvailableEmail(String)
15:38:35.707 [main] DEBUG _.s.w.s.HandlerMapping.Mappings -- 
	c.e.d.t.a.TodoApi:
	{POST [/api/v1/task]}: addTask(TodoVO)
	{PUT [/api/v1/task]}: allDone()
	{GET [/api/v1/task]}: getTasks()
	{GET [/api/v1/task/{taskId}]}: getTask(String)
	{PUT [/api/v1/task/{taskId}]}: done(String)
15:38:35.708 [main] DEBUG _.s.w.s.HandlerMapping.Mappings -- 
	c.e.d.b.s.j.JwtController:
	{POST [/api/v1/auth/token]}: createNewAccessToken(MemberVO)
15:38:35.710 [main] DEBUG _.s.w.s.HandlerMapping.Mappings -- 
	c.e.d.b.w.BoardController:
	{GET [/board/list]}: viewBoardList(SearchBoardVO)
	{GET [/board/write]}: viewBoardWritePage()
	{POST [/board/write]}: doBoardWrite(BoardVO,BindingResult,MultipartFile,Authentication)
	{GET [/board/view]}: viewOneBoard(int)
	{GET [/board/file/download/{id}]}: downloadFile(int)
	{POST [/board/modify]}: doBoardUpdate(BoardVO,BindingResult,MultipartFile,Authentication)
	{GET [/board/delete/{id}]}: doDeleteBoard(int,Authentication)
	{GET [/board/excel/download]}: downloadExcelFile()
	{GET [/board/modify/{id}]}: viewBoardModifyPage(int,Authentication)
15:38:35.713 [main] DEBUG _.s.w.s.HandlerMapping.Mappings -- 
	c.e.d.b.w.ReplyController:
	{POST [/board/reply/{boardId}]}: doCreateNewReplies(int,ReplyVO,Authentication)
	{GET [/board/reply/{boardId}]}: getAllReplies(int)
	{GET [/board/reply/delete/{replyId}]}: doDeleteReplies(int,Authentication)
	{POST [/board/reply/modify/{replyId}]}: doModifyReplies(int,ReplyVO,Authentication)
	{GET [/board/reply/recommend/{replyId}]}: doRecommendReplies(int,Authentication)
15:38:35.714 [main] DEBUG _.s.w.s.HandlerMapping.Mappings -- 
	c.e.d.b.a.ReplyApiController:
	{POST [/api/v1/reply/{boardId}]}: doCreateNewReplies(int,ReplyVO,Authentication)
	{GET [/api/v1/reply/{boardId}]}: getAllReplies(int)
	{DELETE [/api/v1/reply/{replyId}]}: doDeleteReplies(int,Authentication)
	{PUT [/api/v1/reply/{replyId}]}: doModifyReplies(int,ReplyVO,Authentication)
	{PUT [/api/v1/reply/recommend/{replyId}]}: doRecommendReplies(int,Authentication)
15:38:35.716 [main] DEBUG _.s.w.s.HandlerMapping.Mappings -- 
	c.e.d.b.a.BoardApiController:
	{GET [/api/v1/boards]}: viewBoardList(SearchBoardVO)
	{POST [/api/v1/boards]}: doBoardWrite(BoardVO,MultipartFile,Authentication)
	{GET [/api/v1/boards/{id}]}: viewOneBoard(int)
	{GET [/api/v1/boards/files/{id}]}: downloadFile(int)
	{PUT [/api/v1/boards/{id}]}: doBoardUpdate(BoardVO,MultipartFile,Authentication)
	{DELETE [/api/v1/boards/{id}]}: doDeleteBoard(int,Authentication)
15:38:35.721 [main] DEBUG _.s.w.s.HandlerMapping.Mappings -- 
	o.s.b.a.w.s.e.BasicErrorController:
	{ [/error], produces [text/html]}: errorHtml(HttpServletRequest,HttpServletResponse)
	{ [/error]}: error(HttpServletRequest)
15:38:35.723 [main] DEBUG o.s.w.s.m.m.a.RequestMappingHandlerMapping -- 45 mappings in 'requestMappingHandlerMapping'
15:38:35.724 [main] DEBUG o.s.b.f.s.DefaultListableBeanFactory -- Creating shared instance of singleton bean 'mvcPatternParser'
15:38:35.724 [main] DEBUG o.s.b.f.s.DefaultListableBeanFactory -- Creating shared instance of singleton bean 'mvcUrlPathHelper'
15:38:35.725 [main] DEBUG o.s.b.f.s.DefaultListableBeanFactory -- Creating shared instance of singleton bean 'mvcPathMatcher'
15:38:35.725 [main] DEBUG o.s.b.f.s.DefaultListableBeanFactory -- Creating shared instance of singleton bean 'viewControllerHandlerMapping'
15:38:35.725 [main] DEBUG o.s.b.f.s.DefaultListableBeanFactory -- Autowiring by type from bean name 'viewControllerHandlerMapping' via factory method to bean named 'mvcConversionService'
15:38:35.726 [main] DEBUG o.s.b.f.s.DefaultListableBeanFactory -- Autowiring by type from bean name 'viewControllerHandlerMapping' via factory method to bean named 'mvcResourceUrlProvider'
15:38:35.726 [main] DEBUG o.s.b.f.s.DefaultListableBeanFactory -- Creating shared instance of singleton bean 'beanNameHandlerMapping'
15:38:35.726 [main] DEBUG o.s.b.f.s.DefaultListableBeanFactory -- Autowiring by type from bean name 'beanNameHandlerMapping' via factory method to bean named 'mvcConversionService'
15:38:35.726 [main] DEBUG o.s.b.f.s.DefaultListableBeanFactory -- Autowiring by type from bean name 'beanNameHandlerMapping' via factory method to bean named 'mvcResourceUrlProvider'
15:38:35.730 [main] DEBUG _.s.w.s.HandlerMapping.Mappings -- 'beanNameHandlerMapping' {}
15:38:35.730 [main] DEBUG o.s.b.f.s.DefaultListableBeanFactory -- Creating shared instance of singleton bean 'routerFunctionMapping'
15:38:35.731 [main] DEBUG o.s.b.f.s.DefaultListableBeanFactory -- Autowiring by type from bean name 'routerFunctionMapping' via factory method to bean named 'mvcConversionService'
15:38:35.731 [main] DEBUG o.s.b.f.s.DefaultListableBeanFactory -- Autowiring by type from bean name 'routerFunctionMapping' via factory method to bean named 'mvcResourceUrlProvider'
15:38:35.734 [main] DEBUG o.s.b.f.s.DefaultListableBeanFactory -- Creating shared instance of singleton bean 'resourceHandlerMapping'
15:38:35.735 [main] DEBUG o.s.b.f.s.DefaultListableBeanFactory -- Autowiring by type from bean name 'resourceHandlerMapping' via factory method to bean named 'mvcContentNegotiationManager'
15:38:35.735 [main] DEBUG o.s.b.f.s.DefaultListableBeanFactory -- Autowiring by type from bean name 'resourceHandlerMapping' via factory method to bean named 'mvcConversionService'
15:38:35.735 [main] DEBUG o.s.b.f.s.DefaultListableBeanFactory -- Autowiring by type from bean name 'resourceHandlerMapping' via factory method to bean named 'mvcResourceUrlProvider'
15:38:35.739 [main] DEBUG _.s.w.s.HandlerMapping.Mappings -- 'resourceHandlerMapping' {/js/**=ResourceHttpRequestHandler [classpath [static/js/]]}
15:38:35.739 [main] DEBUG o.s.b.f.s.DefaultListableBeanFactory -- Creating shared instance of singleton bean 'defaultServletHandlerMapping'
15:38:35.739 [main] DEBUG o.s.b.f.s.DefaultListableBeanFactory -- Creating shared instance of singleton bean 'requestMappingHandlerAdapter'
15:38:35.740 [main] DEBUG o.s.b.f.s.DefaultListableBeanFactory -- Creating shared instance of singleton bean 'mvcValidator'
15:38:35.741 [main] DEBUG o.h.v.m.ResourceBundleMessageInterpolator -- Loaded expression factory via original TCCL
15:38:35.742 [main] DEBUG o.h.v.i.e.AbstractConfigurationImpl -- Setting custom MessageInterpolator of type org.springframework.validation.beanvalidation.LocaleContextMessageInterpolator
15:38:35.742 [main] DEBUG o.h.v.i.e.AbstractConfigurationImpl -- Setting custom ConstraintValidatorFactory of type org.springframework.validation.beanvalidation.SpringConstraintValidatorFactory
15:38:35.742 [main] DEBUG o.h.v.i.x.config.ValidationXmlParser -- Trying to load META-INF/validation.xml for XML based Validator configuration.
15:38:35.742 [main] DEBUG o.h.v.i.x.c.ResourceLoaderHelper -- Trying to load META-INF/validation.xml via user class loader
15:38:35.743 [main] DEBUG o.h.v.i.x.c.ResourceLoaderHelper -- Trying to load META-INF/validation.xml via TCCL
15:38:35.743 [main] DEBUG o.h.v.i.x.c.ResourceLoaderHelper -- Trying to load META-INF/validation.xml via Hibernate Validator's class loader
15:38:35.743 [main] DEBUG o.h.v.i.x.config.ValidationXmlParser -- No META-INF/validation.xml found. Using annotation based configuration only.
15:38:35.743 [main] DEBUG o.h.v.i.e.r.TraversableResolvers -- Cannot find jakarta.persistence.Persistence on classpath. Assuming non JPA 2 environment. All properties will per default be traversable.
15:38:35.744 [main] DEBUG o.h.v.i.e.ValidatorFactoryConfigurationHelper -- HV000252: Using org.hibernate.validator.internal.engine.DefaultPropertyNodeNameProvider as property node name provider.
15:38:35.744 [main] DEBUG o.h.v.i.e.ValidatorFactoryConfigurationHelper -- HV000234: Using org.springframework.validation.beanvalidation.LocaleContextMessageInterpolator as ValidatorFactory-scoped message interpolator.
15:38:35.744 [main] DEBUG o.h.v.i.e.ValidatorFactoryConfigurationHelper -- HV000234: Using org.hibernate.validator.internal.engine.resolver.TraverseAllTraversableResolver as ValidatorFactory-scoped traversable resolver.
15:38:35.745 [main] DEBUG o.h.v.i.e.ValidatorFactoryConfigurationHelper -- HV000234: Using org.hibernate.validator.internal.util.ExecutableParameterNameProvider as ValidatorFactory-scoped parameter name provider.
15:38:35.745 [main] DEBUG o.h.v.i.e.ValidatorFactoryConfigurationHelper -- HV000234: Using org.hibernate.validator.internal.engine.DefaultClockProvider as ValidatorFactory-scoped clock provider.
15:38:35.745 [main] DEBUG o.h.v.i.e.ValidatorFactoryConfigurationHelper -- HV000234: Using org.hibernate.validator.internal.engine.scripting.DefaultScriptEvaluatorFactory as ValidatorFactory-scoped script evaluator factory.
15:38:35.745 [main] DEBUG o.s.b.f.s.DefaultListableBeanFactory -- Autowiring by type from bean name 'requestMappingHandlerAdapter' via factory method to bean named 'mvcContentNegotiationManager'
15:38:35.745 [main] DEBUG o.s.b.f.s.DefaultListableBeanFactory -- Autowiring by type from bean name 'requestMappingHandlerAdapter' via factory method to bean named 'mvcConversionService'
15:38:35.745 [main] DEBUG o.s.b.f.s.DefaultListableBeanFactory -- Autowiring by type from bean name 'requestMappingHandlerAdapter' via factory method to bean named 'mvcValidator'
15:38:35.756 [main] DEBUG o.s.w.s.m.m.a.RequestMappingHandlerAdapter -- ControllerAdvice beans: 0 @ModelAttribute, 0 @InitBinder, 1 RequestBodyAdvice, 1 ResponseBodyAdvice
15:38:35.769 [main] DEBUG o.s.b.f.s.DefaultListableBeanFactory -- Creating shared instance of singleton bean 'handlerFunctionAdapter'
15:38:35.770 [main] DEBUG o.s.b.f.s.DefaultListableBeanFactory -- Creating shared instance of singleton bean 'mvcUriComponentsContributor'
15:38:35.770 [main] DEBUG o.s.b.f.s.DefaultListableBeanFactory -- Autowiring by type from bean name 'mvcUriComponentsContributor' via factory method to bean named 'mvcConversionService'
15:38:35.770 [main] DEBUG o.s.b.f.s.DefaultListableBeanFactory -- Autowiring by type from bean name 'mvcUriComponentsContributor' via factory method to bean named 'requestMappingHandlerAdapter'
15:38:35.771 [main] DEBUG o.s.b.f.s.DefaultListableBeanFactory -- Creating shared instance of singleton bean 'httpRequestHandlerAdapter'
15:38:35.771 [main] DEBUG o.s.b.f.s.DefaultListableBeanFactory -- Creating shared instance of singleton bean 'simpleControllerHandlerAdapter'
15:38:35.771 [main] DEBUG o.s.b.f.s.DefaultListableBeanFactory -- Creating shared instance of singleton bean 'handlerExceptionResolver'
15:38:35.771 [main] DEBUG o.s.b.f.s.DefaultListableBeanFactory -- Autowiring by type from bean name 'handlerExceptionResolver' via factory method to bean named 'mvcContentNegotiationManager'
15:38:35.774 [main] DEBUG o.s.w.s.m.m.a.ExceptionHandlerExceptionResolver -- ControllerAdvice beans: 3 @ExceptionHandler, 1 ResponseBodyAdvice
15:38:35.775 [main] DEBUG o.s.b.f.s.DefaultListableBeanFactory -- Creating shared instance of singleton bean 'mvcViewResolver'
15:38:35.776 [main] DEBUG o.s.b.f.s.DefaultListableBeanFactory -- Autowiring by type from bean name 'mvcViewResolver' via factory method to bean named 'mvcContentNegotiationManager'
15:38:35.780 [main] DEBUG o.s.b.f.s.DefaultListableBeanFactory -- Creating shared instance of singleton bean 'localeResolver'
15:38:35.780 [main] DEBUG o.s.b.f.s.DefaultListableBeanFactory -- Creating shared instance of singleton bean 'themeResolver'
15:38:35.781 [main] DEBUG o.s.b.f.s.DefaultListableBeanFactory -- Creating shared instance of singleton bean 'flashMapManager'
15:38:35.782 [main] DEBUG o.s.b.f.s.DefaultListableBeanFactory -- Creating shared instance of singleton bean 'viewNameTranslator'
15:38:35.782 [main] DEBUG o.s.b.f.s.DefaultListableBeanFactory -- Creating shared instance of singleton bean 'org.springframework.security.config.annotation.configuration.ObjectPostProcessorConfiguration'
15:38:35.782 [main] DEBUG o.s.b.f.s.DefaultListableBeanFactory -- Creating shared instance of singleton bean 'objectPostProcessor'
15:38:35.783 [main] DEBUG o.s.b.f.s.DefaultListableBeanFactory -- Autowiring by type from bean name 'objectPostProcessor' via factory method to bean named 'org.springframework.beans.factory.support.DefaultListableBeanFactory@751d3241'
15:38:35.783 [main] DEBUG o.s.b.f.s.DefaultListableBeanFactory -- Creating shared instance of singleton bean 'org.springframework.security.config.annotation.authentication.configuration.AuthenticationConfiguration'
15:38:35.784 [main] DEBUG o.s.b.f.s.DefaultListableBeanFactory -- Creating shared instance of singleton bean 'enableGlobalAuthenticationAutowiredConfigurer'
15:38:35.784 [main] DEBUG o.s.b.f.s.DefaultListableBeanFactory -- Autowiring by type from bean name 'enableGlobalAuthenticationAutowiredConfigurer' via factory method to bean named 'org.springframework.boot.web.servlet.context.AnnotationConfigServletWebServerApplicationContext@7e7b159b'
15:38:35.785 [main] DEBUG o.s.b.f.s.DefaultListableBeanFactory -- Creating shared instance of singleton bean 'initializeUserDetailsBeanManagerConfigurer'
15:38:35.785 [main] DEBUG o.s.b.f.s.DefaultListableBeanFactory -- Autowiring by type from bean name 'initializeUserDetailsBeanManagerConfigurer' via factory method to bean named 'org.springframework.boot.web.servlet.context.AnnotationConfigServletWebServerApplicationContext@7e7b159b'
15:38:35.785 [main] DEBUG o.s.b.f.s.DefaultListableBeanFactory -- Creating shared instance of singleton bean 'initializeAuthenticationProviderBeanManagerConfigurer'
15:38:35.785 [main] DEBUG o.s.b.f.s.DefaultListableBeanFactory -- Autowiring by type from bean name 'initializeAuthenticationProviderBeanManagerConfigurer' via factory method to bean named 'org.springframework.boot.web.servlet.context.AnnotationConfigServletWebServerApplicationContext@7e7b159b'
15:38:35.786 [main] DEBUG o.s.b.f.s.DefaultListableBeanFactory -- Creating shared instance of singleton bean 'authenticationManagerBuilder'
15:38:35.786 [main] DEBUG o.s.b.f.s.DefaultListableBeanFactory -- Autowiring by type from bean name 'authenticationManagerBuilder' via factory method to bean named 'objectPostProcessor'
15:38:35.786 [main] DEBUG o.s.b.f.s.DefaultListableBeanFactory -- Autowiring by type from bean name 'authenticationManagerBuilder' via factory method to bean named 'org.springframework.boot.web.servlet.context.AnnotationConfigServletWebServerApplicationContext@7e7b159b'
15:38:35.787 [main] DEBUG o.s.b.f.s.DefaultListableBeanFactory -- Creating shared instance of singleton bean 'authenticationEventPublisher'
15:38:35.787 [main] DEBUG o.s.b.f.s.DefaultListableBeanFactory -- Creating shared instance of singleton bean 'org.springframework.boot.autoconfigure.security.servlet.SecurityAutoConfiguration'
15:38:35.787 [main] DEBUG o.s.b.f.s.DefaultListableBeanFactory -- Autowiring by type from bean name 'authenticationEventPublisher' via factory method to bean named 'org.springframework.boot.web.servlet.context.AnnotationConfigServletWebServerApplicationContext@7e7b159b'
15:38:35.791 [main] DEBUG o.s.b.f.s.DefaultListableBeanFactory -- Creating shared instance of singleton bean 'org.springframework.security.config.annotation.web.configuration.WebSecurityConfiguration'
15:38:35.792 [main] DEBUG o.s.b.f.s.DefaultListableBeanFactory -- Creating shared instance of singleton bean 'org.springframework.security.config.annotation.web.configuration.HttpSecurityConfiguration'
15:38:35.815 [main] DEBUG o.s.b.f.s.DefaultListableBeanFactory -- Creating shared instance of singleton bean 'mvcHandlerMappingIntrospectorRequestTransformer'
15:38:35.815 [main] DEBUG o.s.b.f.s.DefaultListableBeanFactory -- Creating shared instance of singleton bean 'mvcHandlerMappingIntrospector'
15:38:35.818 [main] DEBUG o.s.b.f.s.DefaultListableBeanFactory -- Creating shared instance of singleton bean 'filterChain'
15:38:35.818 [main] DEBUG o.s.b.f.s.DefaultListableBeanFactory -- Autowiring by type from bean name 'filterChain' via factory method to bean named 'org.springframework.security.config.annotation.web.configuration.HttpSecurityConfiguration.httpSecurity'
15:38:35.830 [main] INFO  o.s.s.web.DefaultSecurityFilterChain -- Will secure any request with [org.springframework.security.web.session.DisableEncodeUrlFilter@6ac45c0c, org.springframework.security.web.context.request.async.WebAsyncManagerIntegrationFilter@12192604, org.springframework.security.web.context.SecurityContextHolderFilter@2c9306d3, org.springframework.security.web.header.HeaderWriterFilter@6870cfac, org.springframework.web.filter.CorsFilter@6075b369, org.springframework.security.web.csrf.CsrfFilter@37c7766e, org.springframework.security.web.authentication.logout.LogoutFilter@43d76a92, com.example.demo.beans.security.jwt.JwtAuthenticationFilter@71adfedd, org.springframework.security.web.savedrequest.RequestCacheAwareFilter@2dfa02c1, org.springframework.security.web.servletapi.SecurityContextHolderAwareRequestFilter@6314df3c, org.springframework.security.web.authentication.AnonymousAuthenticationFilter@231cdda8, org.springframework.security.web.access.ExceptionTranslationFilter@2dd178f3, org.springframework.security.web.access.intercept.AuthorizationFilter@52354202]
15:38:35.831 [main] DEBUG o.s.b.f.s.DefaultListableBeanFactory -- Creating shared instance of singleton bean 'webSecurityCustomizer'
15:38:35.832 [main] DEBUG o.s.b.f.s.DefaultListableBeanFactory -- Creating shared instance of singleton bean 'delegatingApplicationListener'
15:38:35.832 [main] DEBUG o.s.b.f.s.DefaultListableBeanFactory -- Creating shared instance of singleton bean 'springSecurityFilterChain'
15:38:35.833 [main] WARN  o.s.s.c.a.web.builders.WebSecurity -- You are asking Spring Security to ignore Ant [pattern='/WEB-INF/views/**']. This is not recommended -- please use permitAll via HttpSecurity#authorizeHttpRequests instead.
15:38:35.834 [main] INFO  o.s.s.web.DefaultSecurityFilterChain -- Will not secure Ant [pattern='/WEB-INF/views/**']
15:38:35.834 [main] WARN  o.s.s.c.a.web.builders.WebSecurity -- You are asking Spring Security to ignore Ant [pattern='/member/regist/**']. This is not recommended -- please use permitAll via HttpSecurity#authorizeHttpRequests instead.
15:38:35.834 [main] INFO  o.s.s.web.DefaultSecurityFilterChain -- Will not secure Ant [pattern='/member/regist/**']
15:38:35.834 [main] WARN  o.s.s.c.a.web.builders.WebSecurity -- You are asking Spring Security to ignore Ant [pattern='/error/**']. This is not recommended -- please use permitAll via HttpSecurity#authorizeHttpRequests instead.
15:38:35.834 [main] INFO  o.s.s.web.DefaultSecurityFilterChain -- Will not secure Ant [pattern='/error/**']
15:38:35.834 [main] WARN  o.s.s.c.a.web.builders.WebSecurity -- You are asking Spring Security to ignore Ant [pattern='/favicon.ico']. This is not recommended -- please use permitAll via HttpSecurity#authorizeHttpRequests instead.
15:38:35.834 [main] INFO  o.s.s.web.DefaultSecurityFilterChain -- Will not secure Ant [pattern='/favicon.ico']
15:38:35.834 [main] WARN  o.s.s.c.a.web.builders.WebSecurity -- You are asking Spring Security to ignore Ant [pattern='/member/**-delete-me']. This is not recommended -- please use permitAll via HttpSecurity#authorizeHttpRequests instead.
15:38:35.834 [main] INFO  o.s.s.web.DefaultSecurityFilterChain -- Will not secure Ant [pattern='/member/**-delete-me']
15:38:35.834 [main] WARN  o.s.s.c.a.web.builders.WebSecurity -- You are asking Spring Security to ignore Ant [pattern='/js/**']. This is not recommended -- please use permitAll via HttpSecurity#authorizeHttpRequests instead.
15:38:35.834 [main] INFO  o.s.s.web.DefaultSecurityFilterChain -- Will not secure Ant [pattern='/js/**']
15:38:35.836 [main] WARN  o.s.s.c.a.web.builders.WebSecurity -- 

********************************************************************
**********        Security debugging is enabled.       *************
**********    This may include sensitive information.  *************
**********      Do not use in a production system!     *************
********************************************************************


15:38:35.837 [main] DEBUG o.s.b.f.s.DefaultListableBeanFactory -- Creating shared instance of singleton bean 'webSecurityExpressionHandler'
15:38:35.837 [main] DEBUG o.s.b.f.s.DefaultListableBeanFactory -- Creating shared instance of singleton bean 'privilegeEvaluator'
15:38:35.837 [main] DEBUG o.s.b.f.s.DefaultListableBeanFactory -- Creating shared instance of singleton bean 'requestDataValueProcessor'
15:38:35.838 [main] DEBUG o.s.b.f.s.DefaultListableBeanFactory -- Creating shared instance of singleton bean 'org.springframework.security.config.annotation.web.configuration.OAuth2ClientConfiguration'
15:38:35.838 [main] DEBUG o.s.b.f.s.DefaultListableBeanFactory -- Creating shared instance of singleton bean 'org.springframework.boot.autoconfigure.AutoConfigurationPackages'
15:38:35.838 [main] DEBUG o.s.b.f.s.DefaultListableBeanFactory -- Creating shared instance of singleton bean 'org.springframework.boot.autoconfigure.context.PropertyPlaceholderAutoConfiguration'
15:38:35.838 [main] DEBUG o.s.b.f.s.DefaultListableBeanFactory -- Creating shared instance of singleton bean 'org.springframework.boot.autoconfigure.websocket.servlet.WebSocketServletAutoConfiguration'
15:38:35.839 [main] DEBUG o.s.b.f.s.DefaultListableBeanFactory -- Creating shared instance of singleton bean 'org.springframework.boot.autoconfigure.web.servlet.DispatcherServletAutoConfiguration'
15:38:35.839 [main] DEBUG o.s.b.f.s.DefaultListableBeanFactory -- Creating shared instance of singleton bean 'org.springframework.boot.autoconfigure.task.TaskExecutorConfigurations$ThreadPoolTaskExecutorBuilderConfiguration'
15:38:35.839 [main] DEBUG o.s.b.f.s.DefaultListableBeanFactory -- Creating shared instance of singleton bean 'threadPoolTaskExecutorBuilder'
15:38:35.839 [main] DEBUG o.s.b.f.s.DefaultListableBeanFactory -- Creating shared instance of singleton bean 'spring.task.execution-org.springframework.boot.autoconfigure.task.TaskExecutionProperties'
15:38:35.840 [main] DEBUG o.s.b.f.s.DefaultListableBeanFactory -- Autowiring by type from bean name 'threadPoolTaskExecutorBuilder' via factory method to bean named 'spring.task.execution-org.springframework.boot.autoconfigure.task.TaskExecutionProperties'
15:38:35.842 [main] DEBUG o.s.b.f.s.DefaultListableBeanFactory -- Creating shared instance of singleton bean 'org.springframework.boot.autoconfigure.task.TaskExecutorConfigurations$TaskExecutorBuilderConfiguration'
15:38:35.842 [main] DEBUG o.s.b.f.s.DefaultListableBeanFactory -- Creating shared instance of singleton bean 'taskExecutorBuilder'
15:38:35.842 [main] DEBUG o.s.b.f.s.DefaultListableBeanFactory -- Autowiring by type from bean name 'taskExecutorBuilder' via factory method to bean named 'spring.task.execution-org.springframework.boot.autoconfigure.task.TaskExecutionProperties'
15:38:35.843 [main] DEBUG o.s.b.f.s.DefaultListableBeanFactory -- Creating shared instance of singleton bean 'org.springframework.boot.autoconfigure.task.TaskExecutorConfigurations$SimpleAsyncTaskExecutorBuilderConfiguration'
15:38:35.843 [main] DEBUG o.s.b.f.s.DefaultListableBeanFactory -- Autowiring by type from bean name 'org.springframework.boot.autoconfigure.task.TaskExecutorConfigurations$SimpleAsyncTaskExecutorBuilderConfiguration' via constructor to bean named 'spring.task.execution-org.springframework.boot.autoconfigure.task.TaskExecutionProperties'
15:38:35.844 [main] DEBUG o.s.b.f.s.DefaultListableBeanFactory -- Creating shared instance of singleton bean 'simpleAsyncTaskExecutorBuilder'
15:38:35.844 [main] DEBUG o.s.b.f.s.DefaultListableBeanFactory -- Creating shared instance of singleton bean 'org.springframework.boot.autoconfigure.task.TaskExecutorConfigurations$TaskExecutorConfiguration'
15:38:35.844 [main] DEBUG o.s.b.f.s.DefaultListableBeanFactory -- Creating shared instance of singleton bean 'org.springframework.boot.autoconfigure.task.TaskExecutionAutoConfiguration'
15:38:35.844 [main] DEBUG o.s.b.f.s.DefaultListableBeanFactory -- Creating shared instance of singleton bean 'org.springframework.boot.autoconfigure.validation.ValidationAutoConfiguration'
15:38:35.844 [main] DEBUG o.s.b.f.s.DefaultListableBeanFactory -- Creating shared instance of singleton bean 'defaultValidator'
15:38:35.845 [main] DEBUG o.s.b.f.s.DefaultListableBeanFactory -- Autowiring by type from bean name 'defaultValidator' via factory method to bean named 'org.springframework.boot.web.servlet.context.AnnotationConfigServletWebServerApplicationContext@7e7b159b'
15:38:35.845 [main] DEBUG o.h.v.m.ResourceBundleMessageInterpolator -- Loaded expression factory via original TCCL
15:38:35.846 [main] DEBUG o.h.v.i.e.AbstractConfigurationImpl -- Setting custom MessageInterpolator of type org.springframework.validation.beanvalidation.LocaleContextMessageInterpolator
15:38:35.846 [main] DEBUG o.h.v.i.e.AbstractConfigurationImpl -- Setting custom ConstraintValidatorFactory of type org.springframework.validation.beanvalidation.SpringConstraintValidatorFactory
15:38:35.846 [main] DEBUG o.h.v.i.x.config.ValidationXmlParser -- Trying to load META-INF/validation.xml for XML based Validator configuration.
15:38:35.846 [main] DEBUG o.h.v.i.x.c.ResourceLoaderHelper -- Trying to load META-INF/validation.xml via user class loader
15:38:35.846 [main] DEBUG o.h.v.i.x.c.ResourceLoaderHelper -- Trying to load META-INF/validation.xml via TCCL
15:38:35.846 [main] DEBUG o.h.v.i.x.c.ResourceLoaderHelper -- Trying to load META-INF/validation.xml via Hibernate Validator's class loader
15:38:35.846 [main] DEBUG o.h.v.i.x.config.ValidationXmlParser -- No META-INF/validation.xml found. Using annotation based configuration only.
15:38:35.847 [main] DEBUG o.h.v.i.e.r.TraversableResolvers -- Cannot find jakarta.persistence.Persistence on classpath. Assuming non JPA 2 environment. All properties will per default be traversable.
15:38:35.847 [main] DEBUG o.h.v.i.e.ValidatorFactoryConfigurationHelper -- HV000252: Using org.hibernate.validator.internal.engine.DefaultPropertyNodeNameProvider as property node name provider.
15:38:35.848 [main] DEBUG o.h.v.i.e.ValidatorFactoryConfigurationHelper -- HV000234: Using org.springframework.validation.beanvalidation.LocaleContextMessageInterpolator as ValidatorFactory-scoped message interpolator.
15:38:35.848 [main] DEBUG o.h.v.i.e.ValidatorFactoryConfigurationHelper -- HV000234: Using org.hibernate.validator.internal.engine.resolver.TraverseAllTraversableResolver as ValidatorFactory-scoped traversable resolver.
15:38:35.848 [main] DEBUG o.h.v.i.e.ValidatorFactoryConfigurationHelper -- HV000234: Using org.hibernate.validator.internal.util.ExecutableParameterNameProvider as ValidatorFactory-scoped parameter name provider.
15:38:35.848 [main] DEBUG o.h.v.i.e.ValidatorFactoryConfigurationHelper -- HV000234: Using org.hibernate.validator.internal.engine.DefaultClockProvider as ValidatorFactory-scoped clock provider.
15:38:35.848 [main] DEBUG o.h.v.i.e.ValidatorFactoryConfigurationHelper -- HV000234: Using org.hibernate.validator.internal.engine.scripting.DefaultScriptEvaluatorFactory as ValidatorFactory-scoped script evaluator factory.
15:38:35.848 [main] DEBUG o.s.b.f.s.DefaultListableBeanFactory -- Creating shared instance of singleton bean 'org.springframework.boot.autoconfigure.web.servlet.error.ErrorMvcAutoConfiguration$WhitelabelErrorViewConfiguration'
15:38:35.849 [main] DEBUG o.s.b.f.s.DefaultListableBeanFactory -- Creating shared instance of singleton bean 'error'
15:38:35.849 [main] DEBUG o.s.b.f.s.DefaultListableBeanFactory -- Creating shared instance of singleton bean 'beanNameViewResolver'
15:38:35.849 [main] DEBUG o.s.b.f.s.DefaultListableBeanFactory -- Creating shared instance of singleton bean 'org.springframework.boot.autoconfigure.web.servlet.error.ErrorMvcAutoConfiguration$DefaultErrorViewResolverConfiguration'
15:38:35.849 [main] DEBUG o.s.b.f.s.DefaultListableBeanFactory -- Creating shared instance of singleton bean 'spring.web-org.springframework.boot.autoconfigure.web.WebProperties'
15:38:35.851 [main] DEBUG o.s.b.f.s.DefaultListableBeanFactory -- Autowiring by type from bean name 'org.springframework.boot.autoconfigure.web.servlet.error.ErrorMvcAutoConfiguration$DefaultErrorViewResolverConfiguration' via constructor to bean named 'org.springframework.boot.web.servlet.context.AnnotationConfigServletWebServerApplicationContext@7e7b159b'
15:38:35.851 [main] DEBUG o.s.b.f.s.DefaultListableBeanFactory -- Autowiring by type from bean name 'org.springframework.boot.autoconfigure.web.servlet.error.ErrorMvcAutoConfiguration$DefaultErrorViewResolverConfiguration' via constructor to bean named 'spring.web-org.springframework.boot.autoconfigure.web.WebProperties'
15:38:35.851 [main] DEBUG o.s.b.f.s.DefaultListableBeanFactory -- Creating shared instance of singleton bean 'conventionErrorViewResolver'
15:38:35.851 [main] DEBUG o.s.b.f.s.DefaultListableBeanFactory -- Creating shared instance of singleton bean 'errorAttributes'
15:38:35.852 [main] DEBUG o.s.b.f.s.DefaultListableBeanFactory -- Creating shared instance of singleton bean 'basicErrorController'
15:38:35.852 [main] DEBUG o.s.b.f.s.DefaultListableBeanFactory -- Autowiring by type from bean name 'basicErrorController' via factory method to bean named 'errorAttributes'
15:38:35.852 [main] DEBUG o.s.b.f.s.DefaultListableBeanFactory -- Creating shared instance of singleton bean 'org.mybatis.spring.boot.autoconfigure.MybatisLanguageDriverAutoConfiguration'
15:38:35.853 [main] DEBUG o.s.b.f.s.DefaultListableBeanFactory -- Creating shared instance of singleton bean 'org.springframework.boot.autoconfigure.aop.AopAutoConfiguration$AspectJAutoProxyingConfiguration$CglibAutoProxyConfiguration'
15:38:35.853 [main] DEBUG o.s.b.f.s.DefaultListableBeanFactory -- Creating shared instance of singleton bean 'org.springframework.boot.autoconfigure.aop.AopAutoConfiguration$AspectJAutoProxyingConfiguration'
15:38:35.853 [main] DEBUG o.s.b.f.s.DefaultListableBeanFactory -- Creating shared instance of singleton bean 'org.springframework.boot.autoconfigure.aop.AopAutoConfiguration'
15:38:35.853 [main] DEBUG o.s.b.f.s.DefaultListableBeanFactory -- Creating shared instance of singleton bean 'org.springframework.boot.autoconfigure.availability.ApplicationAvailabilityAutoConfiguration'
15:38:35.853 [main] DEBUG o.s.b.f.s.DefaultListableBeanFactory -- Creating shared instance of singleton bean 'applicationAvailability'
15:38:35.854 [main] DEBUG o.s.b.f.s.DefaultListableBeanFactory -- Creating shared instance of singleton bean 'org.springframework.boot.autoconfigure.jackson.JacksonAutoConfiguration$Jackson2ObjectMapperBuilderCustomizerConfiguration'
15:38:35.854 [main] DEBUG o.s.b.f.s.DefaultListableBeanFactory -- Creating shared instance of singleton bean 'standardJacksonObjectMapperBuilderCustomizer'
15:38:35.854 [main] DEBUG o.s.b.f.s.DefaultListableBeanFactory -- Creating shared instance of singleton bean 'spring.jackson-org.springframework.boot.autoconfigure.jackson.JacksonProperties'
15:38:35.855 [main] DEBUG o.s.b.f.s.DefaultListableBeanFactory -- Autowiring by type from bean name 'standardJacksonObjectMapperBuilderCustomizer' via factory method to bean named 'spring.jackson-org.springframework.boot.autoconfigure.jackson.JacksonProperties'
15:38:35.856 [main] DEBUG o.s.b.f.s.DefaultListableBeanFactory -- Creating shared instance of singleton bean 'parameterNamesModule'
15:38:35.856 [main] DEBUG o.s.b.f.s.DefaultListableBeanFactory -- Creating shared instance of singleton bean 'org.springframework.boot.autoconfigure.jackson.JacksonAutoConfiguration$ParameterNamesModuleConfiguration'
15:38:35.857 [main] DEBUG o.s.b.f.s.DefaultListableBeanFactory -- Creating shared instance of singleton bean 'jsonMixinModule'
15:38:35.857 [main] DEBUG o.s.b.f.s.DefaultListableBeanFactory -- Creating shared instance of singleton bean 'org.springframework.boot.autoconfigure.jackson.JacksonAutoConfiguration$JacksonMixinConfiguration'
15:38:35.857 [main] DEBUG o.s.b.f.s.DefaultListableBeanFactory -- Creating shared instance of singleton bean 'jsonMixinModuleEntries'
15:38:35.857 [main] DEBUG o.s.b.f.s.DefaultListableBeanFactory -- Autowiring by type from bean name 'jsonMixinModuleEntries' via factory method to bean named 'org.springframework.boot.web.servlet.context.AnnotationConfigServletWebServerApplicationContext@7e7b159b'
15:38:35.858 [main] DEBUG o.s.b.a.AutoConfigurationPackages -- @EnableAutoConfiguration was declared on a class in the package 'com.example.demo'. Automatic @Repository and @Entity scanning is enabled.
15:38:35.863 [main] DEBUG o.s.b.f.s.DefaultListableBeanFactory -- Autowiring by type from bean name 'jsonMixinModule' via factory method to bean named 'org.springframework.boot.web.servlet.context.AnnotationConfigServletWebServerApplicationContext@7e7b159b'
15:38:35.863 [main] DEBUG o.s.b.f.s.DefaultListableBeanFactory -- Autowiring by type from bean name 'jsonMixinModule' via factory method to bean named 'jsonMixinModuleEntries'
15:38:35.864 [main] DEBUG o.s.b.f.s.DefaultListableBeanFactory -- Creating shared instance of singleton bean 'jsonComponentModule'
15:38:35.864 [main] DEBUG o.s.b.f.s.DefaultListableBeanFactory -- Creating shared instance of singleton bean 'org.springframework.boot.autoconfigure.jackson.JacksonAutoConfiguration'
15:38:35.865 [main] DEBUG o.s.b.f.s.DefaultListableBeanFactory -- Creating shared instance of singleton bean 'org.springframework.boot.autoconfigure.jackson.JacksonAutoConfiguration$JacksonObjectMapperBuilderConfiguration'
15:38:35.866 [main] DEBUG o.s.b.f.s.DefaultListableBeanFactory -- Creating shared instance of singleton bean 'org.springframework.boot.autoconfigure.jackson.JacksonAutoConfiguration$JacksonObjectMapperConfiguration'
15:38:35.866 [main] DEBUG o.s.b.f.s.DefaultListableBeanFactory -- Creating shared instance of singleton bean 'jacksonObjectMapper'
15:38:35.866 [main] DEBUG o.s.b.f.s.DefaultListableBeanFactory -- Autowiring by type from bean name 'jacksonObjectMapperBuilder' via factory method to bean named 'org.springframework.boot.web.servlet.context.AnnotationConfigServletWebServerApplicationContext@7e7b159b'
15:38:35.866 [main] DEBUG o.s.b.f.s.DefaultListableBeanFactory -- Autowiring by type from bean name 'jacksonObjectMapperBuilder' via factory method to bean named 'standardJacksonObjectMapperBuilderCustomizer'
15:38:35.868 [main] DEBUG o.s.b.f.s.DefaultListableBeanFactory -- Autowiring by type from bean name 'jacksonObjectMapper' via factory method to bean named 'jacksonObjectMapperBuilder'
15:38:35.872 [main] DEBUG o.s.b.f.s.DefaultListableBeanFactory -- Creating shared instance of singleton bean 'org.springframework.boot.autoconfigure.transaction.TransactionManagerCustomizationAutoConfiguration'
15:38:35.872 [main] DEBUG o.s.b.f.s.DefaultListableBeanFactory -- Creating shared instance of singleton bean 'platformTransactionManagerCustomizers'
15:38:35.873 [main] DEBUG o.s.b.f.s.DefaultListableBeanFactory -- Creating shared instance of singleton bean 'transactionExecutionListeners'
15:38:35.874 [main] DEBUG o.s.b.f.s.DefaultListableBeanFactory -- Creating shared instance of singleton bean 'spring.transaction-org.springframework.boot.autoconfigure.transaction.TransactionProperties'
15:38:35.875 [main] DEBUG o.s.b.f.s.DefaultListableBeanFactory -- Creating shared instance of singleton bean 'org.springframework.boot.autoconfigure.context.ConfigurationPropertiesAutoConfiguration'
15:38:35.875 [main] DEBUG o.s.b.f.s.DefaultListableBeanFactory -- Creating shared instance of singleton bean 'org.springframework.boot.autoconfigure.context.LifecycleAutoConfiguration'
15:38:35.875 [main] DEBUG o.s.b.f.s.DefaultListableBeanFactory -- Creating shared instance of singleton bean 'lifecycleProcessor'
15:38:35.876 [main] DEBUG o.s.b.f.s.DefaultListableBeanFactory -- Creating shared instance of singleton bean 'spring.lifecycle-org.springframework.boot.autoconfigure.context.LifecycleProperties'
15:38:35.876 [main] DEBUG o.s.b.f.s.DefaultListableBeanFactory -- Autowiring by type from bean name 'lifecycleProcessor' via factory method to bean named 'spring.lifecycle-org.springframework.boot.autoconfigure.context.LifecycleProperties'
15:38:35.877 [main] DEBUG o.s.b.f.s.DefaultListableBeanFactory -- Creating shared instance of singleton bean 'org.springframework.boot.autoconfigure.dao.PersistenceExceptionTranslationAutoConfiguration'
15:38:35.877 [main] DEBUG o.s.b.f.s.DefaultListableBeanFactory -- Creating shared instance of singleton bean 'org.springframework.boot.autoconfigure.gson.GsonAutoConfiguration'
15:38:35.877 [main] DEBUG o.s.b.f.s.DefaultListableBeanFactory -- Creating shared instance of singleton bean 'gsonBuilder'
15:38:35.877 [main] DEBUG o.s.b.f.s.DefaultListableBeanFactory -- Creating shared instance of singleton bean 'standardGsonBuilderCustomizer'
15:38:35.877 [main] DEBUG o.s.b.f.s.DefaultListableBeanFactory -- Creating shared instance of singleton bean 'spring.gson-org.springframework.boot.autoconfigure.gson.GsonProperties'
15:38:35.878 [main] DEBUG o.s.b.f.s.DefaultListableBeanFactory -- Autowiring by type from bean name 'standardGsonBuilderCustomizer' via factory method to bean named 'spring.gson-org.springframework.boot.autoconfigure.gson.GsonProperties'
15:38:35.878 [main] DEBUG o.s.b.f.s.DefaultListableBeanFactory -- Autowiring by type from bean name 'gsonBuilder' via factory method to bean named 'standardGsonBuilderCustomizer'
15:38:35.880 [main] DEBUG o.s.b.f.s.DefaultListableBeanFactory -- Creating shared instance of singleton bean 'gson'
15:38:35.881 [main] DEBUG o.s.b.f.s.DefaultListableBeanFactory -- Autowiring by type from bean name 'gson' via factory method to bean named 'gsonBuilder'
15:38:35.881 [main] DEBUG o.s.b.f.s.DefaultListableBeanFactory -- Creating shared instance of singleton bean 'org.springframework.boot.autoconfigure.http.HttpMessageConvertersAutoConfiguration$StringHttpMessageConverterConfiguration'
15:38:35.881 [main] DEBUG o.s.b.f.s.DefaultListableBeanFactory -- Creating shared instance of singleton bean 'stringHttpMessageConverter'
15:38:35.881 [main] DEBUG o.s.b.f.s.DefaultListableBeanFactory -- Autowiring by type from bean name 'stringHttpMessageConverter' via factory method to bean named 'environment'
15:38:35.883 [main] DEBUG o.s.b.f.s.DefaultListableBeanFactory -- Creating shared instance of singleton bean 'org.springframework.boot.autoconfigure.http.JacksonHttpMessageConvertersConfiguration$MappingJackson2HttpMessageConverterConfiguration'
15:38:35.883 [main] DEBUG o.s.b.f.s.DefaultListableBeanFactory -- Creating shared instance of singleton bean 'mappingJackson2HttpMessageConverter'
15:38:35.883 [main] DEBUG o.s.b.f.s.DefaultListableBeanFactory -- Autowiring by type from bean name 'mappingJackson2HttpMessageConverter' via factory method to bean named 'jacksonObjectMapper'
15:38:35.883 [main] DEBUG o.s.b.f.s.DefaultListableBeanFactory -- Creating shared instance of singleton bean 'org.springframework.boot.autoconfigure.http.JacksonHttpMessageConvertersConfiguration'
15:38:35.884 [main] DEBUG o.s.b.f.s.DefaultListableBeanFactory -- Creating shared instance of singleton bean 'org.springframework.boot.autoconfigure.http.GsonHttpMessageConvertersConfiguration'
15:38:35.884 [main] DEBUG o.s.b.f.s.DefaultListableBeanFactory -- Creating shared instance of singleton bean 'org.springframework.boot.autoconfigure.http.HttpMessageConvertersAutoConfiguration'
15:38:35.884 [main] DEBUG o.s.b.f.s.DefaultListableBeanFactory -- Creating shared instance of singleton bean 'messageConverters'
15:38:35.887 [main] DEBUG o.s.b.f.s.DefaultListableBeanFactory -- Creating shared instance of singleton bean 'org.springframework.boot.autoconfigure.info.ProjectInfoAutoConfiguration'
15:38:35.887 [main] DEBUG o.s.b.f.s.DefaultListableBeanFactory -- Creating shared instance of singleton bean 'spring.info-org.springframework.boot.autoconfigure.info.ProjectInfoProperties'
15:38:35.888 [main] DEBUG o.s.b.f.s.DefaultListableBeanFactory -- Autowiring by type from bean name 'org.springframework.boot.autoconfigure.info.ProjectInfoAutoConfiguration' via constructor to bean named 'spring.info-org.springframework.boot.autoconfigure.info.ProjectInfoProperties'
15:38:35.888 [main] DEBUG o.s.b.f.s.DefaultListableBeanFactory -- Creating shared instance of singleton bean 'org.springframework.boot.autoconfigure.security.oauth2.client.servlet.OAuth2ClientAutoConfiguration'
15:38:35.888 [main] DEBUG o.s.b.f.s.DefaultListableBeanFactory -- Creating shared instance of singleton bean 'org.springframework.boot.autoconfigure.security.servlet.SpringBootWebSecurityConfiguration'
15:38:35.888 [main] DEBUG o.s.b.f.s.DefaultListableBeanFactory -- Creating shared instance of singleton bean 'org.springframework.boot.autoconfigure.sql.init.SqlInitializationAutoConfiguration'
15:38:35.888 [main] DEBUG o.s.b.f.s.DefaultListableBeanFactory -- Creating shared instance of singleton bean 'spring.sql.init-org.springframework.boot.autoconfigure.sql.init.SqlInitializationProperties'
15:38:35.889 [main] DEBUG o.s.b.f.s.DefaultListableBeanFactory -- Creating shared instance of singleton bean 'org.springframework.boot.autoconfigure.task.TaskSchedulingConfigurations$ThreadPoolTaskSchedulerBuilderConfiguration'
15:38:35.889 [main] DEBUG o.s.b.f.s.DefaultListableBeanFactory -- Creating shared instance of singleton bean 'threadPoolTaskSchedulerBuilder'
15:38:35.889 [main] DEBUG o.s.b.f.s.DefaultListableBeanFactory -- Creating shared instance of singleton bean 'spring.task.scheduling-org.springframework.boot.autoconfigure.task.TaskSchedulingProperties'
15:38:35.890 [main] DEBUG o.s.b.f.s.DefaultListableBeanFactory -- Autowiring by type from bean name 'threadPoolTaskSchedulerBuilder' via factory method to bean named 'spring.task.scheduling-org.springframework.boot.autoconfigure.task.TaskSchedulingProperties'
15:38:35.891 [main] DEBUG o.s.b.f.s.DefaultListableBeanFactory -- Creating shared instance of singleton bean 'org.springframework.boot.autoconfigure.task.TaskSchedulingConfigurations$TaskSchedulerBuilderConfiguration'
15:38:35.891 [main] DEBUG o.s.b.f.s.DefaultListableBeanFactory -- Creating shared instance of singleton bean 'taskSchedulerBuilder'
15:38:35.892 [main] DEBUG o.s.b.f.s.DefaultListableBeanFactory -- Autowiring by type from bean name 'taskSchedulerBuilder' via factory method to bean named 'spring.task.scheduling-org.springframework.boot.autoconfigure.task.TaskSchedulingProperties'
15:38:35.892 [main] DEBUG o.s.b.f.s.DefaultListableBeanFactory -- Creating shared instance of singleton bean 'org.springframework.boot.autoconfigure.task.TaskSchedulingConfigurations$SimpleAsyncTaskSchedulerBuilderConfiguration'
15:38:35.892 [main] DEBUG o.s.b.f.s.DefaultListableBeanFactory -- Autowiring by type from bean name 'org.springframework.boot.autoconfigure.task.TaskSchedulingConfigurations$SimpleAsyncTaskSchedulerBuilderConfiguration' via constructor to bean named 'spring.task.scheduling-org.springframework.boot.autoconfigure.task.TaskSchedulingProperties'
15:38:35.893 [main] DEBUG o.s.b.f.s.DefaultListableBeanFactory -- Creating shared instance of singleton bean 'simpleAsyncTaskSchedulerBuilder'
15:38:35.893 [main] DEBUG o.s.b.f.s.DefaultListableBeanFactory -- Creating shared instance of singleton bean 'org.springframework.boot.autoconfigure.task.TaskSchedulingAutoConfiguration'
15:38:35.894 [main] DEBUG o.s.b.f.s.DefaultListableBeanFactory -- Creating shared instance of singleton bean 'org.springframework.boot.autoconfigure.jdbc.DataSourceTransactionManagerAutoConfiguration'
15:38:35.894 [main] DEBUG o.s.b.f.s.DefaultListableBeanFactory -- Creating shared instance of singleton bean 'spring.datasource-org.springframework.boot.autoconfigure.jdbc.DataSourceProperties'
15:38:35.897 [main] DEBUG o.s.b.f.s.DefaultListableBeanFactory -- Creating shared instance of singleton bean 'org.springframework.boot.autoconfigure.transaction.TransactionAutoConfiguration'
15:38:35.898 [main] DEBUG o.s.b.f.s.DefaultListableBeanFactory -- Creating shared instance of singleton bean 'org.springframework.boot.autoconfigure.web.client.RestClientAutoConfiguration'
15:38:35.898 [main] DEBUG o.s.b.f.s.DefaultListableBeanFactory -- Creating shared instance of singleton bean 'httpMessageConvertersRestClientCustomizer'
15:38:35.898 [main] DEBUG o.s.b.f.s.DefaultListableBeanFactory -- Creating shared instance of singleton bean 'restClientSsl'
15:38:35.898 [main] DEBUG o.s.b.f.s.DefaultListableBeanFactory -- Autowiring by type from bean name 'restClientSsl' via factory method to bean named 'sslBundleRegistry'
15:38:35.899 [main] DEBUG o.s.b.f.s.DefaultListableBeanFactory -- Creating shared instance of singleton bean 'restClientBuilderConfigurer'
15:38:35.899 [main] DEBUG o.s.b.f.s.DefaultListableBeanFactory -- Creating shared instance of singleton bean 'org.springframework.boot.autoconfigure.web.client.RestTemplateAutoConfiguration'
15:38:35.899 [main] DEBUG o.s.b.f.s.DefaultListableBeanFactory -- Creating shared instance of singleton bean 'org.springframework.boot.autoconfigure.web.embedded.EmbeddedWebServerFactoryCustomizerAutoConfiguration'
15:38:35.899 [main] DEBUG o.s.b.f.s.DefaultListableBeanFactory -- Creating shared instance of singleton bean 'multipartResolver'
15:38:35.906 [main] DEBUG o.s.b.f.s.DefaultListableBeanFactory -- Creating shared instance of singleton bean 'applicationTaskExecutor'
15:38:35.906 [main] DEBUG o.s.b.f.s.DefaultListableBeanFactory -- Autowiring by type from bean name 'applicationTaskExecutor' via factory method to bean named 'taskExecutorBuilder'
15:38:35.909 [main] DEBUG o.s.s.c.ThreadPoolTaskExecutor -- Initializing ExecutorService 'applicationTaskExecutor'
15:38:35.910 [main] DEBUG o.s.c.s.DefaultLifecycleProcessor -- Starting beans in phase -2147483647
15:38:35.910 [main] DEBUG o.s.c.s.DefaultLifecycleProcessor -- Successfully started bean 'springBootLoggingLifecycle'
15:38:35.910 [main] DEBUG o.s.c.s.DefaultLifecycleProcessor -- Starting beans in phase 2147481599
15:38:35.910 [main] INFO  o.a.coyote.http11.Http11NioProtocol -- Starting ProtocolHandler ["http-nio-8888"]
15:38:35.931 [main] INFO  o.s.b.w.e.tomcat.TomcatWebServer -- Tomcat started on port 8888 (http) with context path ''
15:38:35.931 [main] DEBUG o.s.c.s.DefaultLifecycleProcessor -- Successfully started bean 'webServerStartStop'
15:38:35.932 [main] DEBUG o.s.c.s.DefaultLifecycleProcessor -- Starting beans in phase 2147482623
15:38:35.932 [main] DEBUG o.s.c.s.DefaultLifecycleProcessor -- Successfully started bean 'webServerGracefulShutdown'
15:38:35.932 [main] DEBUG o.s.c.s.DefaultLifecycleProcessor -- Starting beans in phase 2147483647
15:38:35.938 [main] DEBUG o.s.b.a.l.ConditionEvaluationReportLogger -- 


============================
CONDITIONS EVALUATION REPORT
============================


Positive matches:
-----------------

   AopAutoConfiguration matched:
      - @ConditionalOnProperty (spring.aop.auto=true) matched (OnPropertyCondition)

   AopAutoConfiguration.AspectJAutoProxyingConfiguration matched:
      - @ConditionalOnClass found required class 'org.aspectj.weaver.Advice' (OnClassCondition)

   AopAutoConfiguration.AspectJAutoProxyingConfiguration.CglibAutoProxyConfiguration matched:
      - @ConditionalOnProperty (spring.aop.proxy-target-class=true) matched (OnPropertyCondition)

   ApplicationAvailabilityAutoConfiguration#applicationAvailability matched:
      - @ConditionalOnMissingBean (types: org.springframework.boot.availability.ApplicationAvailability; SearchStrategy: all) did not find any beans (OnBeanCondition)

   DataSourceTransactionManagerAutoConfiguration matched:
      - @ConditionalOnClass found required classes 'org.springframework.jdbc.core.JdbcTemplate', 'org.springframework.transaction.TransactionManager' (OnClassCondition)

   DispatcherServletAutoConfiguration matched:
      - @ConditionalOnClass found required class 'org.springframework.web.servlet.DispatcherServlet' (OnClassCondition)
      - found 'session' scope (OnWebApplicationCondition)

   DispatcherServletAutoConfiguration.DispatcherServletConfiguration matched:
      - @ConditionalOnClass found required class 'jakarta.servlet.ServletRegistration' (OnClassCondition)
      - Default DispatcherServlet did not find dispatcher servlet beans (DispatcherServletAutoConfiguration.DefaultDispatcherServletCondition)

   DispatcherServletAutoConfiguration.DispatcherServletRegistrationConfiguration matched:
      - @ConditionalOnClass found required class 'jakarta.servlet.ServletRegistration' (OnClassCondition)
      - DispatcherServlet Registration did not find servlet registration bean (DispatcherServletAutoConfiguration.DispatcherServletRegistrationCondition)

   DispatcherServletAutoConfiguration.DispatcherServletRegistrationConfiguration#dispatcherServletRegistration matched:
      - @ConditionalOnBean (names: dispatcherServlet types: org.springframework.web.servlet.DispatcherServlet; SearchStrategy: all) found bean 'dispatcherServlet' (OnBeanCondition)

   EmbeddedWebServerFactoryCustomizerAutoConfiguration matched:
      - @ConditionalOnWebApplication (required) found 'session' scope (OnWebApplicationCondition)
      - @ConditionalOnWarDeployment the application is not deployed as a WAR file. (OnWarDeploymentCondition)

   EmbeddedWebServerFactoryCustomizerAutoConfiguration.TomcatWebServerFactoryCustomizerConfiguration matched:
      - @ConditionalOnClass found required classes 'org.apache.catalina.startup.Tomcat', 'org.apache.coyote.UpgradeProtocol' (OnClassCondition)

   ErrorMvcAutoConfiguration matched:
      - @ConditionalOnClass found required classes 'jakarta.servlet.Servlet', 'org.springframework.web.servlet.DispatcherServlet' (OnClassCondition)
      - found 'session' scope (OnWebApplicationCondition)

   ErrorMvcAutoConfiguration#basicErrorController matched:
      - @ConditionalOnMissingBean (types: org.springframework.boot.web.servlet.error.ErrorController; SearchStrategy: current) did not find any beans (OnBeanCondition)

   ErrorMvcAutoConfiguration#errorAttributes matched:
      - @ConditionalOnMissingBean (types: org.springframework.boot.web.servlet.error.ErrorAttributes; SearchStrategy: current) did not find any beans (OnBeanCondition)

   ErrorMvcAutoConfiguration.DefaultErrorViewResolverConfiguration#conventionErrorViewResolver matched:
      - @ConditionalOnBean (types: org.springframework.web.servlet.DispatcherServlet; SearchStrategy: all) found bean 'dispatcherServlet'; @ConditionalOnMissingBean (types: org.springframework.boot.autoconfigure.web.servlet.error.ErrorViewResolver; SearchStrategy: all) did not find any beans (OnBeanCondition)

   ErrorMvcAutoConfiguration.WhitelabelErrorViewConfiguration matched:
      - @ConditionalOnProperty (server.error.whitelabel.enabled) matched (OnPropertyCondition)
      - ErrorTemplate Missing did not find error template view (ErrorMvcAutoConfiguration.ErrorTemplateMissingCondition)

   ErrorMvcAutoConfiguration.WhitelabelErrorViewConfiguration#beanNameViewResolver matched:
      - @ConditionalOnMissingBean (types: org.springframework.web.servlet.view.BeanNameViewResolver; SearchStrategy: all) did not find any beans (OnBeanCondition)

   ErrorMvcAutoConfiguration.WhitelabelErrorViewConfiguration#defaultErrorView matched:
      - @ConditionalOnMissingBean (names: error; SearchStrategy: all) did not find any beans (OnBeanCondition)

   GenericCacheConfiguration matched:
      - Cache org.springframework.boot.autoconfigure.cache.GenericCacheConfiguration automatic cache type (CacheCondition)

   GsonAutoConfiguration matched:
      - @ConditionalOnClass found required class 'com.google.gson.Gson' (OnClassCondition)

   GsonAutoConfiguration#gson matched:
      - @ConditionalOnMissingBean (types: com.google.gson.Gson; SearchStrategy: all) did not find any beans (OnBeanCondition)

   GsonAutoConfiguration#gsonBuilder matched:
      - @ConditionalOnMissingBean (types: com.google.gson.GsonBuilder; SearchStrategy: all) did not find any beans (OnBeanCondition)

   GsonHttpMessageConvertersConfiguration matched:
      - @ConditionalOnClass found required class 'com.google.gson.Gson' (OnClassCondition)

   HttpEncodingAutoConfiguration matched:
      - @ConditionalOnClass found required class 'org.springframework.web.filter.CharacterEncodingFilter' (OnClassCondition)
      - found 'session' scope (OnWebApplicationCondition)
      - @ConditionalOnProperty (server.servlet.encoding.enabled) matched (OnPropertyCondition)

   HttpEncodingAutoConfiguration#characterEncodingFilter matched:
      - @ConditionalOnMissingBean (types: org.springframework.web.filter.CharacterEncodingFilter; SearchStrategy: all) did not find any beans (OnBeanCondition)

   HttpMessageConvertersAutoConfiguration matched:
      - @ConditionalOnClass found required class 'org.springframework.http.converter.HttpMessageConverter' (OnClassCondition)
      - NoneNestedConditions 0 matched 1 did not; NestedCondition on HttpMessageConvertersAutoConfiguration.NotReactiveWebApplicationCondition.ReactiveWebApplication did not find reactive web application classes (HttpMessageConvertersAutoConfiguration.NotReactiveWebApplicationCondition)

   HttpMessageConvertersAutoConfiguration#messageConverters matched:
      - @ConditionalOnMissingBean (types: org.springframework.boot.autoconfigure.http.HttpMessageConverters; SearchStrategy: all) did not find any beans (OnBeanCondition)

   HttpMessageConvertersAutoConfiguration.StringHttpMessageConverterConfiguration matched:
      - @ConditionalOnClass found required class 'org.springframework.http.converter.StringHttpMessageConverter' (OnClassCondition)

   HttpMessageConvertersAutoConfiguration.StringHttpMessageConverterConfiguration#stringHttpMessageConverter matched:
      - @ConditionalOnMissingBean (types: org.springframework.http.converter.StringHttpMessageConverter; SearchStrategy: all) did not find any beans (OnBeanCondition)

   JacksonAutoConfiguration matched:
      - @ConditionalOnClass found required class 'com.fasterxml.jackson.databind.ObjectMapper' (OnClassCondition)

   JacksonAutoConfiguration.Jackson2ObjectMapperBuilderCustomizerConfiguration matched:
      - @ConditionalOnClass found required class 'org.springframework.http.converter.json.Jackson2ObjectMapperBuilder' (OnClassCondition)

   JacksonAutoConfiguration.JacksonObjectMapperBuilderConfiguration matched:
      - @ConditionalOnClass found required class 'org.springframework.http.converter.json.Jackson2ObjectMapperBuilder' (OnClassCondition)

   JacksonAutoConfiguration.JacksonObjectMapperBuilderConfiguration#jacksonObjectMapperBuilder matched:
      - @ConditionalOnMissingBean (types: org.springframework.http.converter.json.Jackson2ObjectMapperBuilder; SearchStrategy: all) did not find any beans (OnBeanCondition)

   JacksonAutoConfiguration.JacksonObjectMapperConfiguration matched:
      - @ConditionalOnClass found required class 'org.springframework.http.converter.json.Jackson2ObjectMapperBuilder' (OnClassCondition)

   JacksonAutoConfiguration.JacksonObjectMapperConfiguration#jacksonObjectMapper matched:
      - @ConditionalOnMissingBean (types: com.fasterxml.jackson.databind.ObjectMapper; SearchStrategy: all) did not find any beans (OnBeanCondition)

   JacksonAutoConfiguration.ParameterNamesModuleConfiguration matched:
      - @ConditionalOnClass found required class 'com.fasterxml.jackson.module.paramnames.ParameterNamesModule' (OnClassCondition)

   JacksonAutoConfiguration.ParameterNamesModuleConfiguration#parameterNamesModule matched:
      - @ConditionalOnMissingBean (types: com.fasterxml.jackson.module.paramnames.ParameterNamesModule; SearchStrategy: all) did not find any beans (OnBeanCondition)

   JacksonHttpMessageConvertersConfiguration.MappingJackson2HttpMessageConverterConfiguration matched:
      - @ConditionalOnClass found required class 'com.fasterxml.jackson.databind.ObjectMapper' (OnClassCondition)
      - @ConditionalOnProperty (spring.mvc.converters.preferred-json-mapper=jackson) matched (OnPropertyCondition)
      - @ConditionalOnBean (types: com.fasterxml.jackson.databind.ObjectMapper; SearchStrategy: all) found bean 'jacksonObjectMapper' (OnBeanCondition)

   JacksonHttpMessageConvertersConfiguration.MappingJackson2HttpMessageConverterConfiguration#mappingJackson2HttpMessageConverter matched:
      - @ConditionalOnMissingBean (types: org.springframework.http.converter.json.MappingJackson2HttpMessageConverter ignored: org.springframework.hateoas.server.mvc.TypeConstrainedMappingJackson2HttpMessageConverter,org.springframework.data.rest.webmvc.alps.AlpsJsonHttpMessageConverter; SearchStrategy: all) did not find any beans (OnBeanCondition)

   LifecycleAutoConfiguration#defaultLifecycleProcessor matched:
      - @ConditionalOnMissingBean (names: lifecycleProcessor; SearchStrategy: current) did not find any beans (OnBeanCondition)

   MultipartAutoConfiguration matched:
      - @ConditionalOnClass found required classes 'jakarta.servlet.Servlet', 'org.springframework.web.multipart.support.StandardServletMultipartResolver', 'jakarta.servlet.MultipartConfigElement' (OnClassCondition)
      - found 'session' scope (OnWebApplicationCondition)
      - @ConditionalOnProperty (spring.servlet.multipart.enabled) matched (OnPropertyCondition)

   MultipartAutoConfiguration#multipartConfigElement matched:
      - @ConditionalOnMissingBean (types: jakarta.servlet.MultipartConfigElement; SearchStrategy: all) did not find any beans (OnBeanCondition)

   MultipartAutoConfiguration#multipartResolver matched:
      - @ConditionalOnMissingBean (types: org.springframework.web.multipart.MultipartResolver; SearchStrategy: all) did not find any beans (OnBeanCondition)

   MybatisLanguageDriverAutoConfiguration matched:
      - @ConditionalOnClass found required class 'org.apache.ibatis.scripting.LanguageDriver' (OnClassCondition)

   NoOpCacheConfiguration matched:
      - Cache org.springframework.boot.autoconfigure.cache.NoOpCacheConfiguration automatic cache type (CacheCondition)

   OAuth2ClientAutoConfiguration matched:
      - @ConditionalOnClass found required classes 'org.springframework.security.config.annotation.web.configuration.EnableWebSecurity', 'org.springframework.security.oauth2.client.registration.ClientRegistration' (OnClassCondition)
      - found 'session' scope (OnWebApplicationCondition)

   OAuth2ClientRegistrationRepositoryConfiguration matched:
      - OAuth2 Clients Configured Condition found registered clients D08piAzFGf1N3XT9z0Sp, 719768550358-nqks7icl8eg65n8e1ueecgf1u6v61737.apps.googleusercontent.com (ClientsConfiguredCondition)

   OAuth2ClientRegistrationRepositoryConfiguration#clientRegistrationRepository matched:
      - @ConditionalOnMissingBean (types: org.springframework.security.oauth2.client.registration.ClientRegistrationRepository; SearchStrategy: all) did not find any beans (OnBeanCondition)

   OAuth2WebSecurityConfiguration matched:
      - @ConditionalOnBean (types: org.springframework.security.oauth2.client.registration.ClientRegistrationRepository; SearchStrategy: all) found bean 'clientRegistrationRepository' (OnBeanCondition)

   OAuth2WebSecurityConfiguration#authorizedClientRepository matched:
      - @ConditionalOnMissingBean (types: org.springframework.security.oauth2.client.web.OAuth2AuthorizedClientRepository; SearchStrategy: all) did not find any beans (OnBeanCondition)

   OAuth2WebSecurityConfiguration#authorizedClientService matched:
      - @ConditionalOnMissingBean (types: org.springframework.security.oauth2.client.OAuth2AuthorizedClientService; SearchStrategy: all) did not find any beans (OnBeanCondition)

   PersistenceExceptionTranslationAutoConfiguration matched:
      - @ConditionalOnClass found required class 'org.springframework.dao.annotation.PersistenceExceptionTranslationPostProcessor' (OnClassCondition)

   PersistenceExceptionTranslationAutoConfiguration#persistenceExceptionTranslationPostProcessor matched:
      - @ConditionalOnProperty (spring.dao.exceptiontranslation.enabled) matched (OnPropertyCondition)
      - @ConditionalOnMissingBean (types: org.springframework.dao.annotation.PersistenceExceptionTranslationPostProcessor; SearchStrategy: all) did not find any beans (OnBeanCondition)

   PropertyPlaceholderAutoConfiguration#propertySourcesPlaceholderConfigurer matched:
      - @ConditionalOnMissingBean (types: org.springframework.context.support.PropertySourcesPlaceholderConfigurer; SearchStrategy: current) did not find any beans (OnBeanCondition)

   RestClientAutoConfiguration matched:
      - @ConditionalOnClass found required class 'org.springframework.web.client.RestClient' (OnClassCondition)
      - NoneNestedConditions 0 matched 1 did not; NestedCondition on NotReactiveWebApplicationCondition.ReactiveWebApplication did not find reactive web application classes (NotReactiveWebApplicationCondition)

   RestClientAutoConfiguration#httpMessageConvertersRestClientCustomizer matched:
      - @ConditionalOnMissingBean (types: org.springframework.boot.autoconfigure.web.client.HttpMessageConvertersRestClientCustomizer; SearchStrategy: all) did not find any beans (OnBeanCondition)

   RestClientAutoConfiguration#restClientBuilder matched:
      - @ConditionalOnMissingBean (types: org.springframework.web.client.RestClient$Builder; SearchStrategy: all) did not find any beans (OnBeanCondition)

   RestClientAutoConfiguration#restClientBuilderConfigurer matched:
      - @ConditionalOnMissingBean (types: org.springframework.boot.autoconfigure.web.client.RestClientBuilderConfigurer; SearchStrategy: all) did not find any beans (OnBeanCondition)

   RestClientAutoConfiguration#restClientSsl matched:
      - @ConditionalOnBean (types: org.springframework.boot.ssl.SslBundles; SearchStrategy: all) found bean 'sslBundleRegistry'; @ConditionalOnMissingBean (types: org.springframework.boot.autoconfigure.web.client.RestClientSsl; SearchStrategy: all) did not find any beans (OnBeanCondition)

   RestTemplateAutoConfiguration matched:
      - @ConditionalOnClass found required class 'org.springframework.web.client.RestTemplate' (OnClassCondition)
      - NoneNestedConditions 0 matched 1 did not; NestedCondition on NotReactiveWebApplicationCondition.ReactiveWebApplication did not find reactive web application classes (NotReactiveWebApplicationCondition)

   RestTemplateAutoConfiguration#restTemplateBuilder matched:
      - @ConditionalOnMissingBean (types: org.springframework.boot.web.client.RestTemplateBuilder; SearchStrategy: all) did not find any beans (OnBeanCondition)

   SecurityAutoConfiguration matched:
      - @ConditionalOnClass found required class 'org.springframework.security.authentication.DefaultAuthenticationEventPublisher' (OnClassCondition)

   SecurityAutoConfiguration#authenticationEventPublisher matched:
      - @ConditionalOnMissingBean (types: org.springframework.security.authentication.AuthenticationEventPublisher; SearchStrategy: all) did not find any beans (OnBeanCondition)

   SecurityFilterAutoConfiguration matched:
      - @ConditionalOnClass found required classes 'org.springframework.security.web.context.AbstractSecurityWebApplicationInitializer', 'org.springframework.security.config.http.SessionCreationPolicy' (OnClassCondition)
      - found 'session' scope (OnWebApplicationCondition)

   SecurityFilterAutoConfiguration#securityFilterChainRegistration matched:
      - @ConditionalOnBean (names: springSecurityFilterChain; SearchStrategy: all) found bean 'springSecurityFilterChain' (OnBeanCondition)

   ServletWebServerFactoryAutoConfiguration matched:
      - @ConditionalOnClass found required class 'jakarta.servlet.ServletRequest' (OnClassCondition)
      - found 'session' scope (OnWebApplicationCondition)

   ServletWebServerFactoryAutoConfiguration#tomcatServletWebServerFactoryCustomizer matched:
      - @ConditionalOnClass found required class 'org.apache.catalina.startup.Tomcat' (OnClassCondition)

   ServletWebServerFactoryConfiguration.EmbeddedTomcat matched:
      - @ConditionalOnClass found required classes 'jakarta.servlet.Servlet', 'org.apache.catalina.startup.Tomcat', 'org.apache.coyote.UpgradeProtocol' (OnClassCondition)
      - @ConditionalOnMissingBean (types: org.springframework.boot.web.servlet.server.ServletWebServerFactory; SearchStrategy: current) did not find any beans (OnBeanCondition)

   SimpleCacheConfiguration matched:
      - Cache org.springframework.boot.autoconfigure.cache.SimpleCacheConfiguration automatic cache type (CacheCondition)

   SpringBootWebSecurityConfiguration matched:
      - found 'session' scope (OnWebApplicationCondition)

   SqlInitializationAutoConfiguration matched:
      - @ConditionalOnProperty (spring.sql.init.enabled) matched (OnPropertyCondition)
      - NoneNestedConditions 0 matched 1 did not; NestedCondition on SqlInitializationAutoConfiguration.SqlInitializationModeCondition.ModeIsNever @ConditionalOnProperty (spring.sql.init.mode=never) did not find property 'mode' (SqlInitializationAutoConfiguration.SqlInitializationModeCondition)

   SslAutoConfiguration#sslBundleRegistry matched:
      - @ConditionalOnMissingBean (types: org.springframework.boot.ssl.SslBundleRegistry,org.springframework.boot.ssl.SslBundles; SearchStrategy: all) did not find any beans (OnBeanCondition)

   TaskExecutionAutoConfiguration matched:
      - @ConditionalOnClass found required class 'org.springframework.scheduling.concurrent.ThreadPoolTaskExecutor' (OnClassCondition)

   TaskExecutorConfigurations.SimpleAsyncTaskExecutorBuilderConfiguration#simpleAsyncTaskExecutorBuilder matched:
      - @ConditionalOnMissingBean (types: org.springframework.boot.task.SimpleAsyncTaskExecutorBuilder; SearchStrategy: all) did not find any beans (OnBeanCondition)
      - @ConditionalOnThreading found PLATFORM (OnThreadingCondition)

   TaskExecutorConfigurations.TaskExecutorBuilderConfiguration#taskExecutorBuilder matched:
      - @ConditionalOnMissingBean (types: org.springframework.boot.task.TaskExecutorBuilder; SearchStrategy: all) did not find any beans (OnBeanCondition)

   TaskExecutorConfigurations.TaskExecutorConfiguration matched:
      - @ConditionalOnMissingBean (types: java.util.concurrent.Executor; SearchStrategy: all) did not find any beans (OnBeanCondition)

   TaskExecutorConfigurations.TaskExecutorConfiguration#applicationTaskExecutor matched:
      - @ConditionalOnThreading found PLATFORM (OnThreadingCondition)

   TaskExecutorConfigurations.ThreadPoolTaskExecutorBuilderConfiguration#threadPoolTaskExecutorBuilder matched:
      - @ConditionalOnMissingBean (types: org.springframework.boot.task.TaskExecutorBuilder,org.springframework.boot.task.ThreadPoolTaskExecutorBuilder; SearchStrategy: all) did not find any beans (OnBeanCondition)

   TaskSchedulingAutoConfiguration matched:
      - @ConditionalOnClass found required class 'org.springframework.scheduling.concurrent.ThreadPoolTaskScheduler' (OnClassCondition)

   TaskSchedulingConfigurations.SimpleAsyncTaskSchedulerBuilderConfiguration#simpleAsyncTaskSchedulerBuilder matched:
      - @ConditionalOnMissingBean (types: org.springframework.boot.task.SimpleAsyncTaskSchedulerBuilder; SearchStrategy: all) did not find any beans (OnBeanCondition)
      - @ConditionalOnThreading found PLATFORM (OnThreadingCondition)

   TaskSchedulingConfigurations.TaskSchedulerBuilderConfiguration#taskSchedulerBuilder matched:
      - @ConditionalOnMissingBean (types: org.springframework.boot.task.TaskSchedulerBuilder; SearchStrategy: all) did not find any beans (OnBeanCondition)

   TaskSchedulingConfigurations.ThreadPoolTaskSchedulerBuilderConfiguration#threadPoolTaskSchedulerBuilder matched:
      - @ConditionalOnMissingBean (types: org.springframework.boot.task.TaskSchedulerBuilder,org.springframework.boot.task.ThreadPoolTaskSchedulerBuilder; SearchStrategy: all) did not find any beans (OnBeanCondition)

   TransactionAutoConfiguration matched:
      - @ConditionalOnClass found required class 'org.springframework.transaction.PlatformTransactionManager' (OnClassCondition)

   TransactionManagerCustomizationAutoConfiguration matched:
      - @ConditionalOnClass found required class 'org.springframework.transaction.PlatformTransactionManager' (OnClassCondition)

   TransactionManagerCustomizationAutoConfiguration#platformTransactionManagerCustomizers matched:
      - @ConditionalOnMissingBean (types: org.springframework.boot.autoconfigure.transaction.TransactionManagerCustomizers; SearchStrategy: all) did not find any beans (OnBeanCondition)

   ValidationAutoConfiguration matched:
      - @ConditionalOnClass found required class 'jakarta.validation.executable.ExecutableValidator' (OnClassCondition)
      - @ConditionalOnResource found location classpath:META-INF/services/jakarta.validation.spi.ValidationProvider (OnResourceCondition)

   ValidationAutoConfiguration#defaultValidator matched:
      - @ConditionalOnMissingBean (types: jakarta.validation.Validator; SearchStrategy: all) did not find any beans (OnBeanCondition)

   ValidationAutoConfiguration#methodValidationPostProcessor matched:
      - @ConditionalOnMissingBean (types: org.springframework.validation.beanvalidation.MethodValidationPostProcessor; SearchStrategy: current) did not find any beans (OnBeanCondition)

   WebSocketServletAutoConfiguration matched:
      - @ConditionalOnClass found required classes 'jakarta.servlet.Servlet', 'jakarta.websocket.server.ServerContainer' (OnClassCondition)
      - found 'session' scope (OnWebApplicationCondition)

   WebSocketServletAutoConfiguration.TomcatWebSocketConfiguration matched:
      - @ConditionalOnClass found required classes 'org.apache.catalina.startup.Tomcat', 'org.apache.tomcat.websocket.server.WsSci' (OnClassCondition)

   WebSocketServletAutoConfiguration.TomcatWebSocketConfiguration#websocketServletWebServerCustomizer matched:
      - @ConditionalOnMissingBean (names: websocketServletWebServerCustomizer; SearchStrategy: all) did not find any beans (OnBeanCondition)


Negative matches:
-----------------

   ActiveMQAutoConfiguration:
      Did not match:
         - @ConditionalOnClass did not find required class 'jakarta.jms.ConnectionFactory' (OnClassCondition)

   AopAutoConfiguration.AspectJAutoProxyingConfiguration.JdkDynamicAutoProxyConfiguration:
      Did not match:
         - @ConditionalOnProperty (spring.aop.proxy-target-class=false) did not find property 'proxy-target-class' (OnPropertyCondition)

   AopAutoConfiguration.ClassProxyingConfiguration:
      Did not match:
         - @ConditionalOnMissingClass found unwanted class 'org.aspectj.weaver.Advice' (OnClassCondition)

   ArtemisAutoConfiguration:
      Did not match:
         - @ConditionalOnClass did not find required class 'jakarta.jms.ConnectionFactory' (OnClassCondition)

   BatchAutoConfiguration:
      Did not match:
         - @ConditionalOnClass did not find required class 'org.springframework.batch.core.launch.JobLauncher' (OnClassCondition)

   Cache2kCacheConfiguration:
      Did not match:
         - @ConditionalOnClass did not find required class 'org.cache2k.Cache2kBuilder' (OnClassCondition)

   CacheAutoConfiguration:
      Did not match:
         - @ConditionalOnBean (types: org.springframework.cache.interceptor.CacheAspectSupport; SearchStrategy: all) did not find any beans of type org.springframework.cache.interceptor.CacheAspectSupport (OnBeanCondition)
      Matched:
         - @ConditionalOnClass found required class 'org.springframework.cache.CacheManager' (OnClassCondition)

   CacheAutoConfiguration.CacheManagerEntityManagerFactoryDependsOnPostProcessor:
      Did not match:
         - @ConditionalOnClass did not find required class 'org.springframework.orm.jpa.LocalContainerEntityManagerFactoryBean' (OnClassCondition)
         - Ancestor org.springframework.boot.autoconfigure.cache.CacheAutoConfiguration did not match (ConditionEvaluationReport.AncestorsMatchedCondition)

   CaffeineCacheConfiguration:
      Did not match:
         - @ConditionalOnClass did not find required class 'com.github.benmanes.caffeine.cache.Caffeine' (OnClassCondition)

   CassandraAutoConfiguration:
      Did not match:
         - @ConditionalOnClass did not find required class 'com.datastax.oss.driver.api.core.CqlSession' (OnClassCondition)

   CassandraDataAutoConfiguration:
      Did not match:
         - @ConditionalOnClass did not find required class 'com.datastax.oss.driver.api.core.CqlSession' (OnClassCondition)

   CassandraReactiveDataAutoConfiguration:
      Did not match:
         - @ConditionalOnClass did not find required class 'com.datastax.oss.driver.api.core.CqlSession' (OnClassCondition)

   CassandraReactiveRepositoriesAutoConfiguration:
      Did not match:
         - @ConditionalOnClass did not find required class 'org.springframework.data.cassandra.ReactiveSession' (OnClassCondition)

   CassandraRepositoriesAutoConfiguration:
      Did not match:
         - @ConditionalOnClass did not find required class 'com.datastax.oss.driver.api.core.CqlSession' (OnClassCondition)

   ClientHttpConnectorAutoConfiguration:
      Did not match:
         - @ConditionalOnClass did not find required class 'org.springframework.web.reactive.function.client.WebClient' (OnClassCondition)

   CodecsAutoConfiguration:
      Did not match:
         - @ConditionalOnClass did not find required class 'org.springframework.web.reactive.function.client.WebClient' (OnClassCondition)

   CouchbaseAutoConfiguration:
      Did not match:
         - @ConditionalOnClass did not find required class 'com.couchbase.client.java.Cluster' (OnClassCondition)

   CouchbaseCacheConfiguration:
      Did not match:
         - @ConditionalOnClass did not find required class 'com.couchbase.client.java.Cluster' (OnClassCondition)

   CouchbaseDataAutoConfiguration:
      Did not match:
         - @ConditionalOnClass did not find required class 'com.couchbase.client.java.Bucket' (OnClassCondition)

   CouchbaseReactiveDataAutoConfiguration:
      Did not match:
         - @ConditionalOnClass did not find required class 'com.couchbase.client.java.Cluster' (OnClassCondition)

   CouchbaseReactiveRepositoriesAutoConfiguration:
      Did not match:
         - @ConditionalOnClass did not find required class 'com.couchbase.client.java.Cluster' (OnClassCondition)

   CouchbaseRepositoriesAutoConfiguration:
      Did not match:
         - @ConditionalOnClass did not find required class 'com.couchbase.client.java.Bucket' (OnClassCondition)

   DataSourceInitializationConfiguration:
      Did not match:
         - @ConditionalOnSingleCandidate (types: javax.sql.DataSource; SearchStrategy: all) did not find any beans (OnBeanCondition)
      Matched:
         - @ConditionalOnClass found required class 'org.springframework.jdbc.datasource.init.DatabasePopulator' (OnClassCondition)

   DataSourceTransactionManagerAutoConfiguration.JdbcTransactionManagerConfiguration:
      Did not match:
         - @ConditionalOnSingleCandidate (types: javax.sql.DataSource; SearchStrategy: all) did not find any beans (OnBeanCondition)

   DispatcherServletAutoConfiguration.DispatcherServletConfiguration#multipartResolver:
      Did not match:
         - @ConditionalOnBean (types: org.springframework.web.multipart.MultipartResolver; SearchStrategy: all) did not find any beans of type org.springframework.web.multipart.MultipartResolver (OnBeanCondition)

   ElasticsearchClientAutoConfiguration:
      Did not match:
         - @ConditionalOnClass did not find required class 'co.elastic.clients.elasticsearch.ElasticsearchClient' (OnClassCondition)

   ElasticsearchDataAutoConfiguration:
      Did not match:
         - @ConditionalOnClass did not find required class 'org.springframework.data.elasticsearch.client.elc.ElasticsearchTemplate' (OnClassCondition)

   ElasticsearchRepositoriesAutoConfiguration:
      Did not match:
         - @ConditionalOnClass did not find required class 'org.springframework.data.elasticsearch.repository.ElasticsearchRepository' (OnClassCondition)

   ElasticsearchRestClientAutoConfiguration:
      Did not match:
         - @ConditionalOnClass did not find required class 'org.elasticsearch.client.RestClientBuilder' (OnClassCondition)

   EmbeddedLdapAutoConfiguration:
      Did not match:
         - @ConditionalOnClass did not find required class 'com.unboundid.ldap.listener.InMemoryDirectoryServer' (OnClassCondition)

   EmbeddedWebServerFactoryCustomizerAutoConfiguration.JettyWebServerFactoryCustomizerConfiguration:
      Did not match:
         - @ConditionalOnClass did not find required classes 'org.eclipse.jetty.server.Server', 'org.eclipse.jetty.util.Loader', 'org.eclipse.jetty.ee10.webapp.WebAppContext' (OnClassCondition)

   EmbeddedWebServerFactoryCustomizerAutoConfiguration.NettyWebServerFactoryCustomizerConfiguration:
      Did not match:
         - @ConditionalOnClass did not find required class 'reactor.netty.http.server.HttpServer' (OnClassCondition)

   EmbeddedWebServerFactoryCustomizerAutoConfiguration.TomcatWebServerFactoryCustomizerConfiguration#tomcatVirtualThreadsProtocolHandlerCustomizer:
      Did not match:
         - @ConditionalOnThreading did not find VIRTUAL (OnThreadingCondition)

   EmbeddedWebServerFactoryCustomizerAutoConfiguration.UndertowWebServerFactoryCustomizerConfiguration:
      Did not match:
         - @ConditionalOnClass did not find required classes 'io.undertow.Undertow', 'org.xnio.SslClientAuthMode' (OnClassCondition)

   ErrorWebFluxAutoConfiguration:
      Did not match:
         - @ConditionalOnClass did not find required class 'org.springframework.web.reactive.config.WebFluxConfigurer' (OnClassCondition)

   FlywayAutoConfiguration:
      Did not match:
         - @ConditionalOnClass did not find required class 'org.flywaydb.core.Flyway' (OnClassCondition)

   FreeMarkerAutoConfiguration:
      Did not match:
         - @ConditionalOnClass did not find required class 'freemarker.template.Configuration' (OnClassCondition)

   GraphQlAutoConfiguration:
      Did not match:
         - @ConditionalOnClass did not find required class 'graphql.GraphQL' (OnClassCondition)

   GraphQlQueryByExampleAutoConfiguration:
      Did not match:
         - @ConditionalOnClass did not find required class 'graphql.GraphQL' (OnClassCondition)

   GraphQlQuerydslAutoConfiguration:
      Did not match:
         - @ConditionalOnClass did not find required class 'com.querydsl.core.Query' (OnClassCondition)

   GraphQlRSocketAutoConfiguration:
      Did not match:
         - @ConditionalOnClass did not find required class 'graphql.GraphQL' (OnClassCondition)

   GraphQlReactiveQueryByExampleAutoConfiguration:
      Did not match:
         - @ConditionalOnClass did not find required class 'graphql.GraphQL' (OnClassCondition)

   GraphQlReactiveQuerydslAutoConfiguration:
      Did not match:
         - @ConditionalOnClass did not find required class 'com.querydsl.core.Query' (OnClassCondition)

   GraphQlWebFluxAutoConfiguration:
      Did not match:
         - @ConditionalOnClass did not find required class 'graphql.GraphQL' (OnClassCondition)

   GraphQlWebFluxSecurityAutoConfiguration:
      Did not match:
         - @ConditionalOnClass did not find required class 'graphql.GraphQL' (OnClassCondition)

   GraphQlWebMvcAutoConfiguration:
      Did not match:
         - @ConditionalOnClass did not find required class 'graphql.GraphQL' (OnClassCondition)

   GraphQlWebMvcSecurityAutoConfiguration:
      Did not match:
         - @ConditionalOnClass did not find required class 'graphql.GraphQL' (OnClassCondition)

   GroovyTemplateAutoConfiguration:
      Did not match:
         - @ConditionalOnClass did not find required class 'groovy.text.markup.MarkupTemplateEngine' (OnClassCondition)

   GsonHttpMessageConvertersConfiguration.GsonHttpMessageConverterConfiguration:
      Did not match:
         - AnyNestedCondition 0 matched 2 did not; NestedCondition on GsonHttpMessageConvertersConfiguration.PreferGsonOrJacksonAndJsonbUnavailableCondition.JacksonJsonbUnavailable NoneNestedConditions 1 matched 1 did not; NestedCondition on GsonHttpMessageConvertersConfiguration.JacksonAndJsonbUnavailableCondition.JsonbPreferred @ConditionalOnProperty (spring.mvc.converters.preferred-json-mapper=jsonb) did not find property 'spring.mvc.converters.preferred-json-mapper'; NestedCondition on GsonHttpMessageConvertersConfiguration.JacksonAndJsonbUnavailableCondition.JacksonAvailable @ConditionalOnBean (types: org.springframework.http.converter.json.MappingJackson2HttpMessageConverter; SearchStrategy: all) found bean 'mappingJackson2HttpMessageConverter'; NestedCondition on GsonHttpMessageConvertersConfiguration.PreferGsonOrJacksonAndJsonbUnavailableCondition.GsonPreferred @ConditionalOnProperty (spring.mvc.converters.preferred-json-mapper=gson) did not find property 'spring.mvc.converters.preferred-json-mapper' (GsonHttpMessageConvertersConfiguration.PreferGsonOrJacksonAndJsonbUnavailableCondition)

   H2ConsoleAutoConfiguration:
      Did not match:
         - @ConditionalOnClass did not find required class 'org.h2.server.web.JakartaWebServlet' (OnClassCondition)

   HazelcastAutoConfiguration:
      Did not match:
         - @ConditionalOnClass did not find required class 'com.hazelcast.core.HazelcastInstance' (OnClassCondition)

   HazelcastCacheConfiguration:
      Did not match:
         - @ConditionalOnClass did not find required class 'com.hazelcast.core.HazelcastInstance' (OnClassCondition)

   HazelcastJpaDependencyAutoConfiguration:
      Did not match:
         - @ConditionalOnClass did not find required class 'com.hazelcast.core.HazelcastInstance' (OnClassCondition)

   HttpHandlerAutoConfiguration:
      Did not match:
         - @ConditionalOnClass did not find required class 'org.springframework.web.reactive.DispatcherHandler' (OnClassCondition)

   HypermediaAutoConfiguration:
      Did not match:
         - @ConditionalOnClass did not find required class 'org.springframework.hateoas.EntityModel' (OnClassCondition)

   InfinispanCacheConfiguration:
      Did not match:
         - @ConditionalOnClass did not find required class 'org.infinispan.spring.embedded.provider.SpringEmbeddedCacheManager' (OnClassCondition)

   InfluxDbAutoConfiguration:
      Did not match:
         - @ConditionalOnClass did not find required class 'org.influxdb.InfluxDB' (OnClassCondition)

   IntegrationAutoConfiguration:
      Did not match:
         - @ConditionalOnClass did not find required class 'org.springframework.integration.config.EnableIntegration' (OnClassCondition)

   JCacheCacheConfiguration:
      Did not match:
         - @ConditionalOnClass did not find required class 'javax.cache.Caching' (OnClassCondition)

   JacksonHttpMessageConvertersConfiguration.MappingJackson2XmlHttpMessageConverterConfiguration:
      Did not match:
         - @ConditionalOnClass did not find required class 'com.fasterxml.jackson.dataformat.xml.XmlMapper' (OnClassCondition)

   JdbcClientAutoConfiguration:
      Did not match:
         - @ConditionalOnSingleCandidate (types: org.springframework.jdbc.core.namedparam.NamedParameterJdbcTemplate; SearchStrategy: all) did not find any beans (OnBeanCondition)

   JdbcRepositoriesAutoConfiguration:
      Did not match:
         - @ConditionalOnClass did not find required class 'org.springframework.data.jdbc.repository.config.AbstractJdbcConfiguration' (OnClassCondition)

   JdbcTemplateAutoConfiguration:
      Did not match:
         - @ConditionalOnSingleCandidate (types: javax.sql.DataSource; SearchStrategy: all) did not find any beans (OnBeanCondition)
      Matched:
         - @ConditionalOnClass found required classes 'javax.sql.DataSource', 'org.springframework.jdbc.core.JdbcTemplate' (OnClassCondition)

   JerseyAutoConfiguration:
      Did not match:
         - @ConditionalOnClass did not find required class 'org.glassfish.jersey.server.spring.SpringComponentProvider' (OnClassCondition)

   JmsAutoConfiguration:
      Did not match:
         - @ConditionalOnClass did not find required class 'jakarta.jms.Message' (OnClassCondition)

   JmxAutoConfiguration:
      Did not match:
         - @ConditionalOnProperty (spring.jmx.enabled=true) did not find property 'enabled' (OnPropertyCondition)
      Matched:
         - @ConditionalOnClass found required class 'org.springframework.jmx.export.MBeanExporter' (OnClassCondition)

   JndiConnectionFactoryAutoConfiguration:
      Did not match:
         - @ConditionalOnClass did not find required class 'org.springframework.jms.core.JmsTemplate' (OnClassCondition)

   JndiDataSourceAutoConfiguration:
      Did not match:
         - @ConditionalOnProperty (spring.datasource.jndi-name) did not find property 'jndi-name' (OnPropertyCondition)
      Matched:
         - @ConditionalOnClass found required classes 'javax.sql.DataSource', 'org.springframework.jdbc.datasource.embedded.EmbeddedDatabaseType' (OnClassCondition)

   JooqAutoConfiguration:
      Did not match:
         - @ConditionalOnClass did not find required class 'org.jooq.DSLContext' (OnClassCondition)

   JpaRepositoriesAutoConfiguration:
      Did not match:
         - @ConditionalOnClass did not find required class 'org.springframework.data.jpa.repository.JpaRepository' (OnClassCondition)

   JsonbAutoConfiguration:
      Did not match:
         - @ConditionalOnClass did not find required class 'jakarta.json.bind.Jsonb' (OnClassCondition)

   JsonbHttpMessageConvertersConfiguration:
      Did not match:
         - @ConditionalOnClass did not find required class 'jakarta.json.bind.Jsonb' (OnClassCondition)

   JtaAutoConfiguration:
      Did not match:
         - @ConditionalOnClass did not find required class 'jakarta.transaction.Transaction' (OnClassCondition)

   KafkaAutoConfiguration:
      Did not match:
         - @ConditionalOnClass did not find required class 'org.springframework.kafka.core.KafkaTemplate' (OnClassCondition)

   LdapAutoConfiguration:
      Did not match:
         - @ConditionalOnClass did not find required class 'org.springframework.ldap.core.ContextSource' (OnClassCondition)

   LdapRepositoriesAutoConfiguration:
      Did not match:
         - @ConditionalOnClass did not find required class 'org.springframework.data.ldap.repository.LdapRepository' (OnClassCondition)

   LiquibaseAutoConfiguration:
      Did not match:
         - @ConditionalOnClass did not find required class 'liquibase.change.DatabaseChange' (OnClassCondition)

   MailSenderAutoConfiguration:
      Did not match:
         - @ConditionalOnClass did not find required class 'jakarta.activation.MimeType' (OnClassCondition)

   MailSenderValidatorAutoConfiguration:
      Did not match:
         - @ConditionalOnSingleCandidate did not find required type 'org.springframework.mail.javamail.JavaMailSenderImpl' (OnBeanCondition)

   MessageSourceAutoConfiguration:
      Did not match:
         - ResourceBundle did not find bundle with basename messages (MessageSourceAutoConfiguration.ResourceBundleCondition)

   MongoAutoConfiguration:
      Did not match:
         - @ConditionalOnClass did not find required class 'com.mongodb.client.MongoClient' (OnClassCondition)

   MongoDataAutoConfiguration:
      Did not match:
         - @ConditionalOnClass did not find required class 'com.mongodb.client.MongoClient' (OnClassCondition)

   MongoReactiveAutoConfiguration:
      Did not match:
         - @ConditionalOnClass did not find required class 'com.mongodb.reactivestreams.client.MongoClient' (OnClassCondition)

   MongoReactiveDataAutoConfiguration:
      Did not match:
         - @ConditionalOnClass did not find required class 'com.mongodb.reactivestreams.client.MongoClient' (OnClassCondition)

   MongoReactiveRepositoriesAutoConfiguration:
      Did not match:
         - @ConditionalOnClass did not find required class 'com.mongodb.reactivestreams.client.MongoClient' (OnClassCondition)

   MongoRepositoriesAutoConfiguration:
      Did not match:
         - @ConditionalOnClass did not find required class 'com.mongodb.client.MongoClient' (OnClassCondition)

   MustacheAutoConfiguration:
      Did not match:
         - @ConditionalOnClass did not find required class 'com.samskivert.mustache.Mustache' (OnClassCondition)

   MybatisAutoConfiguration:
      Did not match:
         - @ConditionalOnSingleCandidate (types: javax.sql.DataSource; SearchStrategy: all) did not find any beans (OnBeanCondition)
      Matched:
         - @ConditionalOnClass found required classes 'org.apache.ibatis.session.SqlSessionFactory', 'org.mybatis.spring.SqlSessionFactoryBean' (OnClassCondition)

   MybatisLanguageDriverAutoConfiguration.FreeMarkerConfiguration:
      Did not match:
         - @ConditionalOnClass did not find required classes 'org.mybatis.scripting.freemarker.FreeMarkerLanguageDriver', 'org.mybatis.scripting.freemarker.FreeMarkerLanguageDriverConfig' (OnClassCondition)

   MybatisLanguageDriverAutoConfiguration.LegacyFreeMarkerConfiguration:
      Did not match:
         - @ConditionalOnClass did not find required class 'org.mybatis.scripting.freemarker.FreeMarkerLanguageDriver' (OnClassCondition)

   MybatisLanguageDriverAutoConfiguration.LegacyVelocityConfiguration:
      Did not match:
         - @ConditionalOnClass did not find required class 'org.mybatis.scripting.velocity.Driver' (OnClassCondition)

   MybatisLanguageDriverAutoConfiguration.ThymeleafConfiguration:
      Did not match:
         - @ConditionalOnClass did not find required class 'org.mybatis.scripting.thymeleaf.ThymeleafLanguageDriver' (OnClassCondition)

   MybatisLanguageDriverAutoConfiguration.VelocityConfiguration:
      Did not match:
         - @ConditionalOnClass did not find required classes 'org.mybatis.scripting.velocity.VelocityLanguageDriver', 'org.mybatis.scripting.velocity.VelocityLanguageDriverConfig' (OnClassCondition)

   Neo4jAutoConfiguration:
      Did not match:
         - @ConditionalOnClass did not find required class 'org.neo4j.driver.Driver' (OnClassCondition)

   Neo4jDataAutoConfiguration:
      Did not match:
         - @ConditionalOnClass did not find required class 'org.neo4j.driver.Driver' (OnClassCondition)

   Neo4jReactiveDataAutoConfiguration:
      Did not match:
         - @ConditionalOnClass did not find required class 'org.neo4j.driver.Driver' (OnClassCondition)

   Neo4jReactiveRepositoriesAutoConfiguration:
      Did not match:
         - @ConditionalOnClass did not find required class 'org.neo4j.driver.Driver' (OnClassCondition)

   Neo4jRepositoriesAutoConfiguration:
      Did not match:
         - @ConditionalOnClass did not find required class 'org.neo4j.driver.Driver' (OnClassCondition)

   NettyAutoConfiguration:
      Did not match:
         - @ConditionalOnClass did not find required class 'io.netty.util.NettyRuntime' (OnClassCondition)

   OAuth2AuthorizationServerAutoConfiguration:
      Did not match:
         - @ConditionalOnClass did not find required class 'org.springframework.security.oauth2.server.authorization.OAuth2Authorization' (OnClassCondition)

   OAuth2AuthorizationServerJwtAutoConfiguration:
      Did not match:
         - @ConditionalOnClass did not find required class 'org.springframework.security.oauth2.server.authorization.OAuth2Authorization' (OnClassCondition)

   OAuth2ResourceServerAutoConfiguration:
      Did not match:
         - @ConditionalOnClass did not find required class 'org.springframework.security.oauth2.server.resource.authentication.BearerTokenAuthenticationToken' (OnClassCondition)

   OAuth2WebSecurityConfiguration.OAuth2SecurityFilterChainConfiguration:
      Did not match:
         - AllNestedConditions 1 matched 1 did not; NestedCondition on DefaultWebSecurityCondition.Beans @ConditionalOnMissingBean (types: org.springframework.security.web.SecurityFilterChain; SearchStrategy: all) found beans of type 'org.springframework.security.web.SecurityFilterChain' filterChain; NestedCondition on DefaultWebSecurityCondition.Classes @ConditionalOnClass found required classes 'org.springframework.security.web.SecurityFilterChain', 'org.springframework.security.config.annotation.web.builders.HttpSecurity' (DefaultWebSecurityCondition)

   ProjectInfoAutoConfiguration#buildProperties:
      Did not match:
         - @ConditionalOnResource did not find resource '${spring.info.build.location:classpath:META-INF/build-info.properties}' (OnResourceCondition)

   ProjectInfoAutoConfiguration#gitProperties:
      Did not match:
         - GitResource did not find git info at classpath:git.properties (ProjectInfoAutoConfiguration.GitResourceAvailableCondition)

   PulsarAutoConfiguration:
      Did not match:
         - @ConditionalOnClass did not find required class 'org.apache.pulsar.client.api.PulsarClient' (OnClassCondition)

   PulsarReactiveAutoConfiguration:
      Did not match:
         - @ConditionalOnClass did not find required class 'org.apache.pulsar.client.api.PulsarClient' (OnClassCondition)

   QuartzAutoConfiguration:
      Did not match:
         - @ConditionalOnClass did not find required class 'org.quartz.Scheduler' (OnClassCondition)

   R2dbcAutoConfiguration:
      Did not match:
         - @ConditionalOnClass did not find required class 'io.r2dbc.spi.ConnectionFactory' (OnClassCondition)

   R2dbcDataAutoConfiguration:
      Did not match:
         - @ConditionalOnClass did not find required class 'org.springframework.data.r2dbc.core.R2dbcEntityTemplate' (OnClassCondition)

   R2dbcInitializationConfiguration:
      Did not match:
         - @ConditionalOnClass did not find required classes 'io.r2dbc.spi.ConnectionFactory', 'org.springframework.r2dbc.connection.init.DatabasePopulator' (OnClassCondition)

   R2dbcRepositoriesAutoConfiguration:
      Did not match:
         - @ConditionalOnClass did not find required class 'io.r2dbc.spi.ConnectionFactory' (OnClassCondition)

   R2dbcTransactionManagerAutoConfiguration:
      Did not match:
         - @ConditionalOnClass did not find required class 'org.springframework.r2dbc.connection.R2dbcTransactionManager' (OnClassCondition)

   RSocketGraphQlClientAutoConfiguration:
      Did not match:
         - @ConditionalOnClass did not find required class 'graphql.GraphQL' (OnClassCondition)

   RSocketMessagingAutoConfiguration:
      Did not match:
         - @ConditionalOnClass did not find required class 'io.rsocket.RSocket' (OnClassCondition)

   RSocketRequesterAutoConfiguration:
      Did not match:
         - @ConditionalOnClass did not find required class 'io.rsocket.RSocket' (OnClassCondition)

   RSocketSecurityAutoConfiguration:
      Did not match:
         - @ConditionalOnClass did not find required class 'org.springframework.security.rsocket.core.SecuritySocketAcceptorInterceptor' (OnClassCondition)

   RSocketServerAutoConfiguration:
      Did not match:
         - @ConditionalOnClass did not find required class 'io.rsocket.core.RSocketServer' (OnClassCondition)

   RSocketStrategiesAutoConfiguration:
      Did not match:
         - @ConditionalOnClass did not find required class 'io.netty.buffer.PooledByteBufAllocator' (OnClassCondition)

   RabbitAutoConfiguration:
      Did not match:
         - @ConditionalOnClass did not find required class 'com.rabbitmq.client.Channel' (OnClassCondition)

   ReactiveElasticsearchClientAutoConfiguration:
      Did not match:
         - @ConditionalOnClass did not find required class 'co.elastic.clients.transport.ElasticsearchTransport' (OnClassCondition)

   ReactiveElasticsearchRepositoriesAutoConfiguration:
      Did not match:
         - @ConditionalOnClass did not find required class 'org.springframework.data.elasticsearch.client.elc.ReactiveElasticsearchClient' (OnClassCondition)

   ReactiveMultipartAutoConfiguration:
      Did not match:
         - @ConditionalOnClass did not find required class 'org.springframework.web.reactive.config.WebFluxConfigurer' (OnClassCondition)

   ReactiveOAuth2ClientAutoConfiguration:
      Did not match:
         - @ConditionalOnClass did not find required class 'reactor.core.publisher.Flux' (OnClassCondition)

   ReactiveOAuth2ResourceServerAutoConfiguration:
      Did not match:
         - @ConditionalOnWebApplication did not find reactive web application classes (OnWebApplicationCondition)

   ReactiveSecurityAutoConfiguration:
      Did not match:
         - @ConditionalOnClass did not find required class 'reactor.core.publisher.Flux' (OnClassCondition)

   ReactiveUserDetailsServiceAutoConfiguration:
      Did not match:
         - AnyNestedCondition 0 matched 3 did not; NestedCondition on ReactiveUserDetailsServiceAutoConfiguration.MissingAlternativeOrUserPropertiesConfigured.PasswordConfigured @ConditionalOnProperty (spring.security.user.password) did not find property 'password'; NestedCondition on ReactiveUserDetailsServiceAutoConfiguration.MissingAlternativeOrUserPropertiesConfigured.NameConfigured @ConditionalOnProperty (spring.security.user.name) did not find property 'name'; NestedCondition on ReactiveUserDetailsServiceAutoConfiguration.MissingAlternativeOrUserPropertiesConfigured.MissingAlternative @ConditionalOnMissingClass found unwanted class 'org.springframework.security.oauth2.client.registration.ClientRegistrationRepository' (ReactiveUserDetailsServiceAutoConfiguration.MissingAlternativeOrUserPropertiesConfigured)
      Matched:
         - @ConditionalOnClass found required class 'org.springframework.security.authentication.ReactiveAuthenticationManager' (OnClassCondition)

   ReactiveWebServerFactoryAutoConfiguration:
      Did not match:
         - @ConditionalOnWebApplication did not find reactive web application classes (OnWebApplicationCondition)

   ReactorAutoConfiguration:
      Did not match:
         - @ConditionalOnClass did not find required class 'reactor.core.publisher.Hooks' (OnClassCondition)

   RedisAutoConfiguration:
      Did not match:
         - @ConditionalOnClass did not find required class 'org.springframework.data.redis.core.RedisOperations' (OnClassCondition)

   RedisCacheConfiguration:
      Did not match:
         - @ConditionalOnClass did not find required class 'org.springframework.data.redis.connection.RedisConnectionFactory' (OnClassCondition)

   RedisReactiveAutoConfiguration:
      Did not match:
         - @ConditionalOnClass did not find required class 'reactor.core.publisher.Flux' (OnClassCondition)

   RedisRepositoriesAutoConfiguration:
      Did not match:
         - @ConditionalOnClass did not find required class 'org.springframework.data.redis.repository.configuration.EnableRedisRepositories' (OnClassCondition)

   RepositoryRestMvcAutoConfiguration:
      Did not match:
         - @ConditionalOnClass did not find required class 'org.springframework.data.rest.webmvc.config.RepositoryRestMvcConfiguration' (OnClassCondition)

   Saml2RelyingPartyAutoConfiguration:
      Did not match:
         - @ConditionalOnClass did not find required class 'org.springframework.security.saml2.provider.service.registration.RelyingPartyRegistrationRepository' (OnClassCondition)

   SecurityDataConfiguration:
      Did not match:
         - @ConditionalOnClass did not find required class 'org.springframework.security.data.repository.query.SecurityEvaluationContextExtension' (OnClassCondition)

   SendGridAutoConfiguration:
      Did not match:
         - @ConditionalOnClass did not find required class 'com.sendgrid.SendGrid' (OnClassCondition)

   ServletWebServerFactoryAutoConfiguration.ForwardedHeaderFilterConfiguration:
      Did not match:
         - @ConditionalOnProperty (server.forward-headers-strategy=framework) did not find property 'server.forward-headers-strategy' (OnPropertyCondition)

   ServletWebServerFactoryConfiguration.EmbeddedJetty:
      Did not match:
         - @ConditionalOnClass did not find required classes 'org.eclipse.jetty.server.Server', 'org.eclipse.jetty.util.Loader', 'org.eclipse.jetty.ee10.webapp.WebAppContext' (OnClassCondition)

   ServletWebServerFactoryConfiguration.EmbeddedUndertow:
      Did not match:
         - @ConditionalOnClass did not find required classes 'io.undertow.Undertow', 'org.xnio.SslClientAuthMode' (OnClassCondition)

   SessionAutoConfiguration:
      Did not match:
         - @ConditionalOnClass did not find required class 'org.springframework.session.Session' (OnClassCondition)

   SpringApplicationAdminJmxAutoConfiguration:
      Did not match:
         - @ConditionalOnProperty (spring.application.admin.enabled=true) did not find property 'enabled' (OnPropertyCondition)

   SpringBootWebSecurityConfiguration.SecurityFilterChainConfiguration:
      Did not match:
         - AllNestedConditions 1 matched 1 did not; NestedCondition on DefaultWebSecurityCondition.Beans @ConditionalOnMissingBean (types: org.springframework.security.web.SecurityFilterChain; SearchStrategy: all) found beans of type 'org.springframework.security.web.SecurityFilterChain' filterChain; NestedCondition on DefaultWebSecurityCondition.Classes @ConditionalOnClass found required classes 'org.springframework.security.web.SecurityFilterChain', 'org.springframework.security.config.annotation.web.builders.HttpSecurity' (DefaultWebSecurityCondition)

   SpringBootWebSecurityConfiguration.WebSecurityEnablerConfiguration:
      Did not match:
         - @ConditionalOnMissingBean (names: springSecurityFilterChain; SearchStrategy: all) found beans named springSecurityFilterChain (OnBeanCondition)
      Matched:
         - @ConditionalOnClass found required class 'org.springframework.security.config.annotation.web.configuration.EnableWebSecurity' (OnClassCondition)

   SpringDataWebAutoConfiguration:
      Did not match:
         - @ConditionalOnClass did not find required class 'org.springframework.data.web.PageableHandlerMethodArgumentResolver' (OnClassCondition)

   TaskExecutorConfigurations.SimpleAsyncTaskExecutorBuilderConfiguration#simpleAsyncTaskExecutorBuilderVirtualThreads:
      Did not match:
         - @ConditionalOnMissingBean (types: org.springframework.boot.task.SimpleAsyncTaskExecutorBuilder; SearchStrategy: all) found beans of type 'org.springframework.boot.task.SimpleAsyncTaskExecutorBuilder' simpleAsyncTaskExecutorBuilder (OnBeanCondition)

   TaskExecutorConfigurations.TaskExecutorConfiguration#applicationTaskExecutorVirtualThreads:
      Did not match:
         - @ConditionalOnThreading did not find VIRTUAL (OnThreadingCondition)

   TaskSchedulingAutoConfiguration#scheduledBeanLazyInitializationExcludeFilter:
      Did not match:
         - @ConditionalOnBean (names: org.springframework.context.annotation.internalScheduledAnnotationProcessor; SearchStrategy: all) did not find any beans named org.springframework.context.annotation.internalScheduledAnnotationProcessor (OnBeanCondition)

   TaskSchedulingConfigurations.SimpleAsyncTaskSchedulerBuilderConfiguration#simpleAsyncTaskSchedulerBuilderVirtualThreads:
      Did not match:
         - @ConditionalOnMissingBean (types: org.springframework.boot.task.SimpleAsyncTaskSchedulerBuilder; SearchStrategy: all) found beans of type 'org.springframework.boot.task.SimpleAsyncTaskSchedulerBuilder' simpleAsyncTaskSchedulerBuilder (OnBeanCondition)

   TaskSchedulingConfigurations.TaskSchedulerConfiguration:
      Did not match:
         - @ConditionalOnBean (names: org.springframework.context.annotation.internalScheduledAnnotationProcessor; SearchStrategy: all) did not find any beans named org.springframework.context.annotation.internalScheduledAnnotationProcessor (OnBeanCondition)

   ThymeleafAutoConfiguration:
      Did not match:
         - @ConditionalOnClass did not find required class 'org.thymeleaf.spring6.SpringTemplateEngine' (OnClassCondition)

   TransactionAutoConfiguration#transactionalOperator:
      Did not match:
         - @ConditionalOnSingleCandidate (types: org.springframework.transaction.ReactiveTransactionManager; SearchStrategy: all) did not find any beans (OnBeanCondition)

   TransactionAutoConfiguration.AspectJTransactionManagementConfiguration:
      Did not match:
         - @ConditionalOnBean did not find required type 'org.springframework.transaction.aspectj.AbstractTransactionAspect' (OnBeanCondition)
         - @ConditionalOnBean (types: org.springframework.transaction.aspectj.AbstractTransactionAspect; SearchStrategy: all) did not find any beans of type org.springframework.transaction.aspectj.AbstractTransactionAspect (OnBeanCondition)

   TransactionAutoConfiguration.EnableTransactionManagementConfiguration:
      Did not match:
         - @ConditionalOnBean (types: org.springframework.transaction.TransactionManager; SearchStrategy: all) did not find any beans of type org.springframework.transaction.TransactionManager (OnBeanCondition)

   TransactionAutoConfiguration.EnableTransactionManagementConfiguration.CglibAutoProxyConfiguration:
      Did not match:
         - Ancestor org.springframework.boot.autoconfigure.transaction.TransactionAutoConfiguration$EnableTransactionManagementConfiguration did not match (ConditionEvaluationReport.AncestorsMatchedCondition)
      Matched:
         - @ConditionalOnProperty (spring.aop.proxy-target-class=true) matched (OnPropertyCondition)

   TransactionAutoConfiguration.EnableTransactionManagementConfiguration.JdkDynamicAutoProxyConfiguration:
      Did not match:
         - @ConditionalOnProperty (spring.aop.proxy-target-class=false) did not find property 'proxy-target-class' (OnPropertyCondition)
         - Ancestor org.springframework.boot.autoconfigure.transaction.TransactionAutoConfiguration$EnableTransactionManagementConfiguration did not match (ConditionEvaluationReport.AncestorsMatchedCondition)

   TransactionAutoConfiguration.TransactionTemplateConfiguration:
      Did not match:
         - @ConditionalOnSingleCandidate (types: org.springframework.transaction.PlatformTransactionManager; SearchStrategy: all) did not find any beans (OnBeanCondition)

   UserDetailsServiceAutoConfiguration:
      Did not match:
         - AnyNestedCondition 0 matched 3 did not; NestedCondition on UserDetailsServiceAutoConfiguration.MissingAlternativeOrUserPropertiesConfigured.PasswordConfigured @ConditionalOnProperty (spring.security.user.password) did not find property 'password'; NestedCondition on UserDetailsServiceAutoConfiguration.MissingAlternativeOrUserPropertiesConfigured.NameConfigured @ConditionalOnProperty (spring.security.user.name) did not find property 'name'; NestedCondition on UserDetailsServiceAutoConfiguration.MissingAlternativeOrUserPropertiesConfigured.MissingAlternative @ConditionalOnMissingClass found unwanted class 'org.springframework.security.oauth2.client.registration.ClientRegistrationRepository' (UserDetailsServiceAutoConfiguration.MissingAlternativeOrUserPropertiesConfigured)
      Matched:
         - @ConditionalOnClass found required class 'org.springframework.security.authentication.AuthenticationManager' (OnClassCondition)

   WebClientAutoConfiguration:
      Did not match:
         - @ConditionalOnClass did not find required class 'org.springframework.web.reactive.function.client.WebClient' (OnClassCondition)

   WebFluxAutoConfiguration:
      Did not match:
         - @ConditionalOnClass did not find required class 'org.springframework.web.reactive.config.WebFluxConfigurer' (OnClassCondition)

   WebMvcAutoConfiguration:
      Did not match:
         - @ConditionalOnMissingBean (types: org.springframework.web.servlet.config.annotation.WebMvcConfigurationSupport; SearchStrategy: all) found beans of type 'org.springframework.web.servlet.config.annotation.WebMvcConfigurationSupport' org.springframework.web.servlet.config.annotation.DelegatingWebMvcConfiguration (OnBeanCondition)
      Matched:
         - @ConditionalOnClass found required classes 'jakarta.servlet.Servlet', 'org.springframework.web.servlet.DispatcherServlet', 'org.springframework.web.servlet.config.annotation.WebMvcConfigurer' (OnClassCondition)
         - found 'session' scope (OnWebApplicationCondition)

   WebMvcAutoConfiguration.ProblemDetailsErrorHandlingConfiguration:
      Did not match:
         - @ConditionalOnProperty (spring.mvc.problemdetails.enabled=true) did not find property 'enabled' (OnPropertyCondition)
         - Ancestor org.springframework.boot.autoconfigure.web.servlet.WebMvcAutoConfiguration did not match (ConditionEvaluationReport.AncestorsMatchedCondition)

   WebMvcAutoConfiguration.ResourceChainCustomizerConfiguration:
      Did not match:
         - @ConditionalOnEnabledResourceChain did not find class org.webjars.WebJarAssetLocator (OnEnabledResourceChainCondition)
         - Ancestor org.springframework.boot.autoconfigure.web.servlet.WebMvcAutoConfiguration did not match (ConditionEvaluationReport.AncestorsMatchedCondition)

   WebServiceTemplateAutoConfiguration:
      Did not match:
         - @ConditionalOnClass did not find required class 'org.springframework.oxm.Marshaller' (OnClassCondition)

   WebServicesAutoConfiguration:
      Did not match:
         - @ConditionalOnClass did not find required class 'org.springframework.ws.transport.http.MessageDispatcherServlet' (OnClassCondition)

   WebSessionIdResolverAutoConfiguration:
      Did not match:
         - @ConditionalOnClass did not find required class 'reactor.core.publisher.Mono' (OnClassCondition)

   WebSocketMessagingAutoConfiguration:
      Did not match:
         - @ConditionalOnClass did not find required class 'org.springframework.web.socket.config.annotation.WebSocketMessageBrokerConfigurer' (OnClassCondition)

   WebSocketReactiveAutoConfiguration:
      Did not match:
         - @ConditionalOnWebApplication did not find reactive web application classes (OnWebApplicationCondition)

   WebSocketServletAutoConfiguration.JettyWebSocketConfiguration:
      Did not match:
         - @ConditionalOnClass did not find required class 'org.eclipse.jetty.ee10.websocket.jakarta.server.config.JakartaWebSocketServletContainerInitializer' (OnClassCondition)

   WebSocketServletAutoConfiguration.UndertowWebSocketConfiguration:
      Did not match:
         - @ConditionalOnClass did not find required class 'io.undertow.websockets.jsr.Bootstrap' (OnClassCondition)

   XADataSourceAutoConfiguration:
      Did not match:
         - @ConditionalOnClass did not find required class 'jakarta.transaction.TransactionManager' (OnClassCondition)


Exclusions:
-----------

    org.springframework.boot.autoconfigure.jdbc.DataSourceAutoConfiguration

    org.springframework.boot.autoconfigure.orm.jpa.HibernateJpaAutoConfiguration


Unconditional classes:
----------------------

    org.springframework.boot.autoconfigure.context.ConfigurationPropertiesAutoConfiguration

    org.springframework.boot.autoconfigure.ssl.SslAutoConfiguration

    org.springframework.boot.autoconfigure.context.LifecycleAutoConfiguration

    org.springframework.boot.autoconfigure.context.PropertyPlaceholderAutoConfiguration

    org.springframework.boot.autoconfigure.availability.ApplicationAvailabilityAutoConfiguration

    org.springframework.boot.autoconfigure.info.ProjectInfoAutoConfiguration



15:38:35.949 [main] INFO  c.e.demo.HelloSpringApplication -- Started HelloSpringApplication in 2.347 seconds (process running for 2.786)
15:38:35.950 [main] DEBUG o.s.b.a.ApplicationAvailabilityBean -- Application availability state LivenessState changed to CORRECT
15:38:35.951 [main] DEBUG o.s.b.a.ApplicationAvailabilityBean -- Application availability state ReadinessState changed to ACCEPTING_TRAFFIC
15:38:42.290 [http-nio-8888-exec-1] INFO  o.a.c.c.C.[Tomcat].[localhost].[/] -- Initializing Spring DispatcherServlet 'dispatcherServlet'
15:38:42.291 [http-nio-8888-exec-1] INFO  o.s.web.servlet.DispatcherServlet -- Initializing Servlet 'dispatcherServlet'
15:38:42.291 [http-nio-8888-exec-1] DEBUG o.s.web.servlet.DispatcherServlet -- Detected StandardServletMultipartResolver
15:38:42.291 [http-nio-8888-exec-1] DEBUG o.s.web.servlet.DispatcherServlet -- Detected AcceptHeaderLocaleResolver
15:38:42.291 [http-nio-8888-exec-1] DEBUG o.s.web.servlet.DispatcherServlet -- Detected FixedThemeResolver
15:38:42.291 [http-nio-8888-exec-1] DEBUG o.s.web.servlet.DispatcherServlet -- Detected org.springframework.web.servlet.view.DefaultRequestToViewNameTranslator@24022b8b
15:38:42.292 [http-nio-8888-exec-1] DEBUG o.s.web.servlet.DispatcherServlet -- Detected org.springframework.web.servlet.support.SessionFlashMapManager@486d85d0
15:38:42.292 [http-nio-8888-exec-1] DEBUG o.s.web.servlet.DispatcherServlet -- enableLoggingRequestDetails='false': request parameters and headers will be masked to prevent unsafe logging of potentially sensitive data
15:38:42.292 [http-nio-8888-exec-1] INFO  o.s.web.servlet.DispatcherServlet -- Completed initialization in 1 ms
15:38:42.301 [http-nio-8888-exec-1] INFO  Spring Security Debugger -- 

************************************************************

Request received for GET '/api/v1/task':

org.apache.catalina.connector.RequestFacade@66542b71

servletPath:/api/v1/task
pathInfo:null
headers: 
host: localhost:8888
connection: keep-alive
sec-ch-ua-platform: "macOS"
user-agent: Mozilla/5.0 (Macintosh; Intel Mac OS X 10_15_7) AppleWebKit/537.36 (KHTML, like Gecko) Chrome/147.0.0.0 Safari/537.36
sec-ch-ua: "Google Chrome";v="147", "Not.A/Brand";v="8", "Chromium";v="147"
sec-ch-ua-mobile: ?0
accept: */*
origin: http://localhost:3000
sec-fetch-site: same-site
sec-fetch-mode: cors
sec-fetch-dest: empty
referer: http://localhost:3000/
accept-encoding: gzip, deflate, br, zstd
accept-language: ko-KR,ko;q=0.9,en-US;q=0.8,en;q=0.7


Security filter chain: [
  DisableEncodeUrlFilter
  WebAsyncManagerIntegrationFilter
  SecurityContextHolderFilter
  HeaderWriterFilter
  CorsFilter
  CsrfFilter
  LogoutFilter
  JwtAuthenticationFilter
  RequestCacheAwareFilter
  SecurityContextHolderAwareRequestFilter
  AnonymousAuthenticationFilter
  ExceptionTranslationFilter
  AuthorizationFilter
]


************************************************************


15:38:42.302 [http-nio-8888-exec-1] DEBUG o.s.security.web.FilterChainProxy -- Securing GET /api/v1/task
15:38:42.320 [http-nio-8888-exec-1] DEBUG o.s.security.web.FilterChainProxy -- Secured GET /api/v1/task
15:38:42.321 [http-nio-8888-exec-1] DEBUG o.s.web.servlet.DispatcherServlet -- GET "/api/v1/task", parameters={}
15:38:42.322 [http-nio-8888-exec-1] DEBUG o.s.w.s.m.m.a.RequestMappingHandlerMapping -- Mapped to com.example.demo.todo.api.TodoApi#getTasks()
15:38:42.353 [http-nio-8888-exec-1] DEBUG o.s.w.s.m.m.a.RequestResponseBodyMethodProcessor -- Using 'application/json', given [*/*] and supported [application/json, application/*+json]
15:38:42.353 [http-nio-8888-exec-1] DEBUG o.s.w.s.m.m.a.RequestResponseBodyMethodProcessor -- Writing [com.example.demo.util.AjaxResponse@3481eeb4]
15:38:42.363 [http-nio-8888-exec-1] DEBUG o.s.s.w.a.AnonymousAuthenticationFilter -- Set SecurityContextHolder to anonymous SecurityContext
15:38:42.364 [http-nio-8888-exec-1] DEBUG o.s.web.servlet.DispatcherServlet -- Completed 200 OK
15:38:42.364 [http-nio-8888-exec-2] INFO  Spring Security Debugger -- 

************************************************************

Request received for GET '/api/v1/task':

org.apache.catalina.connector.RequestFacade@44a2d952

servletPath:/api/v1/task
pathInfo:null
headers: 
host: localhost:8888
connection: keep-alive
sec-ch-ua-platform: "macOS"
user-agent: Mozilla/5.0 (Macintosh; Intel Mac OS X 10_15_7) AppleWebKit/537.36 (KHTML, like Gecko) Chrome/147.0.0.0 Safari/537.36
sec-ch-ua: "Google Chrome";v="147", "Not.A/Brand";v="8", "Chromium";v="147"
sec-ch-ua-mobile: ?0
accept: */*
origin: http://localhost:3000
sec-fetch-site: same-site
sec-fetch-mode: cors
sec-fetch-dest: empty
referer: http://localhost:3000/
accept-encoding: gzip, deflate, br, zstd
accept-language: ko-KR,ko;q=0.9,en-US;q=0.8,en;q=0.7


Security filter chain: [
  DisableEncodeUrlFilter
  WebAsyncManagerIntegrationFilter
  SecurityContextHolderFilter
  HeaderWriterFilter
  CorsFilter
  CsrfFilter
  LogoutFilter
  JwtAuthenticationFilter
  RequestCacheAwareFilter
  SecurityContextHolderAwareRequestFilter
  AnonymousAuthenticationFilter
  ExceptionTranslationFilter
  AuthorizationFilter
]


************************************************************


15:38:42.364 [http-nio-8888-exec-2] DEBUG o.s.security.web.FilterChainProxy -- Securing GET /api/v1/task
15:38:42.366 [http-nio-8888-exec-2] DEBUG o.s.security.web.FilterChainProxy -- Secured GET /api/v1/task
15:38:42.366 [http-nio-8888-exec-2] DEBUG o.s.web.servlet.DispatcherServlet -- GET "/api/v1/task", parameters={}
15:38:42.366 [http-nio-8888-exec-2] DEBUG o.s.w.s.m.m.a.RequestMappingHandlerMapping -- Mapped to com.example.demo.todo.api.TodoApi#getTasks()
15:38:42.368 [http-nio-8888-exec-2] DEBUG o.s.w.s.m.m.a.RequestResponseBodyMethodProcessor -- Using 'application/json', given [*/*] and supported [application/json, application/*+json]
15:38:42.369 [http-nio-8888-exec-2] DEBUG o.s.w.s.m.m.a.RequestResponseBodyMethodProcessor -- Writing [com.example.demo.util.AjaxResponse@4a652fb6]
15:38:42.371 [http-nio-8888-exec-2] DEBUG o.s.s.w.a.AnonymousAuthenticationFilter -- Set SecurityContextHolder to anonymous SecurityContext
15:38:42.371 [http-nio-8888-exec-2] DEBUG o.s.web.servlet.DispatcherServlet -- Completed 200 OK
15:40:30.691 [http-nio-8888-exec-5] INFO  Spring Security Debugger -- 

************************************************************

Request received for OPTIONS '/api/v1/task/task_0':

org.apache.catalina.connector.RequestFacade@e8dcf19

servletPath:/api/v1/task/task_0
pathInfo:null
headers: 
host: localhost:8888
connection: keep-alive
accept: */*
access-control-request-method: PUT
origin: http://localhost:3000
user-agent: Mozilla/5.0 (Macintosh; Intel Mac OS X 10_15_7) AppleWebKit/537.36 (KHTML, like Gecko) Chrome/147.0.0.0 Safari/537.36
sec-fetch-mode: cors
sec-fetch-site: same-site
sec-fetch-dest: empty
referer: http://localhost:3000/
accept-encoding: gzip, deflate, br, zstd
accept-language: ko-KR,ko;q=0.9,en-US;q=0.8,en;q=0.7


Security filter chain: [
  DisableEncodeUrlFilter
  WebAsyncManagerIntegrationFilter
  SecurityContextHolderFilter
  HeaderWriterFilter
  CorsFilter
  CsrfFilter
  LogoutFilter
  JwtAuthenticationFilter
  RequestCacheAwareFilter
  SecurityContextHolderAwareRequestFilter
  AnonymousAuthenticationFilter
  ExceptionTranslationFilter
  AuthorizationFilter
]


************************************************************


15:40:30.698 [http-nio-8888-exec-5] DEBUG o.s.security.web.FilterChainProxy -- Securing OPTIONS /api/v1/task/task_0
15:40:30.704 [http-nio-8888-exec-6] INFO  Spring Security Debugger -- 

************************************************************

Request received for PUT '/api/v1/task/task_0':

org.apache.catalina.connector.RequestFacade@2de4d1a1

servletPath:/api/v1/task/task_0
pathInfo:null
headers: 
host: localhost:8888
connection: keep-alive
content-length: 0
sec-ch-ua-platform: "macOS"
user-agent: Mozilla/5.0 (Macintosh; Intel Mac OS X 10_15_7) AppleWebKit/537.36 (KHTML, like Gecko) Chrome/147.0.0.0 Safari/537.36
sec-ch-ua: "Google Chrome";v="147", "Not.A/Brand";v="8", "Chromium";v="147"
sec-ch-ua-mobile: ?0
accept: */*
origin: http://localhost:3000
sec-fetch-site: same-site
sec-fetch-mode: cors
sec-fetch-dest: empty
referer: http://localhost:3000/
accept-encoding: gzip, deflate, br, zstd
accept-language: ko-KR,ko;q=0.9,en-US;q=0.8,en;q=0.7


Security filter chain: [
  DisableEncodeUrlFilter
  WebAsyncManagerIntegrationFilter
  SecurityContextHolderFilter
  HeaderWriterFilter
  CorsFilter
  CsrfFilter
  LogoutFilter
  JwtAuthenticationFilter
  RequestCacheAwareFilter
  SecurityContextHolderAwareRequestFilter
  AnonymousAuthenticationFilter
  ExceptionTranslationFilter
  AuthorizationFilter
]


************************************************************


15:40:30.705 [http-nio-8888-exec-6] DEBUG o.s.security.web.FilterChainProxy -- Securing PUT /api/v1/task/task_0
15:40:30.706 [http-nio-8888-exec-6] DEBUG o.s.security.web.FilterChainProxy -- Secured PUT /api/v1/task/task_0
15:40:30.706 [http-nio-8888-exec-6] DEBUG o.s.web.servlet.DispatcherServlet -- PUT "/api/v1/task/task_0", parameters={}
15:40:30.707 [http-nio-8888-exec-6] DEBUG o.s.w.s.m.m.a.RequestMappingHandlerMapping -- Mapped to com.example.demo.todo.api.TodoApi#done(String)
15:40:30.745 [http-nio-8888-exec-6] DEBUG o.s.w.s.m.m.a.RequestResponseBodyMethodProcessor -- Using 'application/json', given [*/*] and supported [application/json, application/*+json]
15:40:30.747 [http-nio-8888-exec-6] DEBUG o.s.w.s.m.m.a.RequestResponseBodyMethodProcessor -- Writing [com.example.demo.util.AjaxResponse@55d264b9]
15:40:30.749 [http-nio-8888-exec-6] DEBUG o.s.s.w.a.AnonymousAuthenticationFilter -- Set SecurityContextHolder to anonymous SecurityContext
15:40:30.749 [http-nio-8888-exec-6] DEBUG o.s.web.servlet.DispatcherServlet -- Completed 200 OK
